mtllib scene.mtl
o defaultMaterial
usemtl lambert1
v -3.289440207090376 -3.8594760946093523 7.88420067824223
v -3.3244995980482077 -3.8205200714576018 7.823474467352927
v -3.440294613208768 -3.820520074379856 7.890327843854486
v -3.405233479572294 -3.8594760975316014 7.951053950142883
v -3.3476750554428074 -3.7795173073605275 7.783333396364604
v -3.4634683279247263 -3.7795165295305946 7.850186668265293
v -3.6834703730831126 -3.7795173158349202 7.977204898499403
v -3.6602942395372366 -3.8205200799319776 8.017345579111634
v -3.625234848579405 -3.859476103083728 8.078071790000939
v -4.615229345501898 -3.8594761280680023 8.649645335374617
v -4.650289412611006 -3.8205208856684507 8.58891951486137
v -5.269763036017415 -3.820520901301932 8.946571849073196
v -5.234701902380941 -3.859476143701496 9.007297955361626
v -4.673464870005605 -3.7795173408191944 8.548778443873081
v -5.292937141109465 -3.779517356452641 8.906429997332724
v -5.9053050706782315 -3.779517371906876 9.259981660679848
v -5.882130679810998 -3.820520136003938 9.300122445892987
v -5.847070222325799 -3.859476159155701 9.360848942557475
v -6.42239346705198 -3.8205201496384324 9.61204328757113
v -6.387333009566781 -3.8594761727901954 9.672769784235618
v -6.445569314822671 -3.779517385541328 9.571901540431531
v -6.8597788900432555 -3.7795173959947235 9.811047334879786
v -6.836603823024746 -3.8205201600917684 9.851187729716834
v -6.801543365539548 -3.8594761832435314 9.911914226381322
v -3.3523751835784887 -3.7340826049010643 7.775192536991977
v -3.468169912963865 -3.7340826078232707 7.84204484696617
v -3.3394271893920875 -3.697523494582801 7.7976191241002795
v -3.4552219187774638 -3.6975227167528253 7.864471434074506
v -3.6752225070323927 -3.6975235030571936 7.99149062623508
v -3.688170215443609 -3.734082613375411 7.96906297259941
v -4.678165388517378 -3.734082638359702 8.540636908349178
v -5.2976379453964215 -3.7340826539931955 8.898289528336187
v -4.665217394330976 -3.6975227472892556 8.563063495457515
v -5.284690341586111 -3.69752276292272 8.920715439293248
v -5.897057595003602 -3.6975235591291193 9.274266712264248
v -5.910005589190004 -3.7340826694473837 9.251840125155946
v -6.450269052582262 -3.734082683081895 9.56376135721018
v -6.4373210583958596 -3.6975227920114486 9.586187944318516
v -6.851531804744718 -3.6975235832169373 9.825331710312911
v -6.864479798931119 -3.7340826935352007 9.802905123204608
v -3.301657417234419 -3.6834683966619446 7.863039855613504
v -3.417450689716337 -3.6834683995841937 7.929893127514157
v -3.2592544804544428 -3.7051217808879953 7.9364823396990865
v -3.37504736256027 -3.7051210030580917 8.00333628775105
v -3.595049798094748 -3.70512257011457 8.130353841833852
v -3.6374513825721717 -3.6834684051363036 8.05691057699612
v -4.627446946022031 -3.6834684301205645 8.628483836594615
v -5.246919112524984 -3.6834692265062703 8.986137132732866
v -4.585043123888967 -3.705122595098933 8.701929415661356
v -5.204516175745009 -3.705121049227957 9.059579616818517
v -5.816884105313775 -3.7051226261865553 9.413131280165572
v -5.859287432469842 -3.6834684612082933 9.339688119928748
v -6.399550219710824 -3.6834692555949697 9.651608961606858
v -6.357147568706033 -3.7051210783167026 9.725052512219875
v -6.771357924678799 -3.7051226502744026 9.96419695436551
v -6.813760575683591 -3.6834684852961237 9.890753403752596
v -3.2332369805164323 -3.769716924260102 7.981547533621416
v -3.34903025299835 -3.769716927182351 8.04840080552207
v -3.2231309242725352 -3.85240677899767 7.9990517342305605
v -3.338924196754453 -3.8524067819199193 8.065905006131214
v -3.5589251753854736 -3.8524075682242573 8.192923522140509
v -3.569030945854185 -3.769716932734461 8.175418255004033
v -4.5590257285518625 -3.7697169577187815 8.746992866905078
v -5.178499351958273 -3.7697169733522626 9.104645201116904
v -4.548919281931875 -3.8524075932085617 8.764497743665462
v -5.168392724164007 -3.8524068280897383 9.122147268671315
v -5.780760158755776 -3.8524076242962604 9.47570135084832
v -5.7908677765040375 -3.7697169888063913 9.45819444563411
v -6.3311305637450195 -3.7697181735691583 9.770115287312201
v -6.32102372674894 -3.8524068571785133 9.787620840223948
v -6.735233301969525 -3.8524076483840908 10.026766634672168
v -6.745340919717786 -3.7697170128942217 10.009259729457957
v -3.2293546902914034 -3.921760994854133 7.988271851411547
v -3.34514757239723 -3.9217609977764116 8.055125799463475
v -3.251725296787259 -3.9682243362637877 7.9495232578516735
v -3.3675192454204534 -3.9682243391860537 8.016376920128419
v -3.5875213951797464 -3.968225125490303 8.14339340768389
v -3.5651482652530646 -3.9217610033285215 8.18214324894544
v -4.555143152551649 -3.9217602475605844 8.753716118167876
v -5.174615995205877 -3.921760263194124 9.111369804682251
v -4.577514330597875 -3.9682235889703312 8.71496965766274
v -5.196986992077825 -3.9682243853559314 9.07262053497107
v -5.809355988173959 -3.9682236200579712 9.426171912543046
v -5.786985095902917 -3.9217602786482706 9.464919439575548
v -6.327247883143899 -3.921761073034947 9.776840281253657
v -6.349618775414941 -3.9682244144446477 9.738092754221153
v -6.763829131387707 -3.9682244248979837 9.977237196366858
v -6.741457458364484 -3.9217603027361596 10.015986075701948
v -3.2936184023923856 -3.984616615529439 7.876963825669044
v -3.409412065250395 -3.9846177895799304 7.94381642141837
v -3.3458491618642787 -3.9694227837370857 7.786497490258359
v -3.461642043970106 -3.969422786659364 7.853351438310288
v -3.6816438033533077 -3.9694220114592795 7.980368602017101
v -3.62941314848232 -3.9846166240037384 8.07083319474911
v -4.619408321556089 -3.9846166489880295 8.64240713049888
v -5.238880488059042 -3.9846166646215524 9.000060426637164
v -4.67163790989971 -3.969422817195765 8.55194282354202
v -5.29111057137966 -3.9694228328291823 8.909593700850388
v -5.903478786723611 -3.9694228482834637 9.263146430724879
v -5.851249198379991 -3.984616680075728 9.353610737681738
v -6.3915108144927 -3.9846166937103114 9.665533607813707
v -6.443741573964593 -3.969422861917958 9.575067272403022
v -6.85795192993736 -3.969422872371294 9.814211714548726
v -6.805722731969831 -3.984616704163529 9.904675345354308
v -3.3964564517745943 -3.9235883326847185 7.698841526663738
v -3.5122504004077886 -3.9235883356069845 7.765695188940484
v -3.4338614034614547 -3.8581308476655733 7.634055809274846
v -3.5496550663194633 -3.8581328024682486 7.700908405024139
v -3.7696560449504837 -3.8581328080204047 7.82792692103347
v -3.7322514836397147 -3.923588341159065 7.8927119622711714
v -4.722245590186116 -3.9235883661433686 8.464286183796126
v -5.341718823216436 -3.923588381776879 8.821939194159226
v -4.759649761120794 -3.8581328330047384 8.3995018187097
v -5.379122812976835 -3.858130896757671 8.757152019866876
v -5.991491418696878 -3.858130912211922 9.11070407359009
v -5.954086467010018 -3.9235883972310672 9.175489790978984
v -6.494349930402276 -3.9235884108655785 9.487411023033218
v -6.5317545963139505 -3.858130925846387 9.422624239116958
v -6.9459645619106265 -3.858132888180208 9.661769357413853
v -6.908560286375042 -3.9235892020710965 9.726555465178889
v -3.4483794902858715 -3.783724773245061 7.608909746586384
v -3.564173153143881 -3.783724776167281 7.675762342335762
v -3.4457051282873126 -3.7159757836060088 7.613540319258515
v -3.5614984007692314 -3.715975786528258 7.68039359115917
v -3.781500160152433 -3.7159757920803553 7.807410754865948
v -3.784174236375806 -3.7837263432237256 7.802779115666382
v -4.774168733298299 -3.7837255874558178 8.374352661040096
v -5.393641966328619 -3.7837248223371462 8.732005671403229
v -4.7714949428501106 -3.7159758170646757 8.378985366766994
v -5.3909668235778785 -3.7159758326981525 8.736637596377912
v -6.003335143522737 -3.7159758481523575 9.090188583573761
v -6.006009505521295 -3.783725618543592 9.085558010901595
v -6.546272292762277 -3.7837248514259043 9.397478852579772
v -6.543598606914994 -3.715975861786869 9.402109815627995
v -6.957809353263852 -3.7159758722401754 9.641253581622424
v -6.960483039111135 -3.783725642631393 9.636622618574167
v -3.4308993342838265 -3.6706882544096544 7.639184710669099
v -3.5466926067657454 -3.6706882573319035 7.706037982569752
v -3.4062977284278855 -3.6396014370174443 7.681797508097093
v -3.5220917816619854 -3.639601439939634 7.748649427695193
v -3.74209247451782 -3.639602226243926 7.875666877177121
v -3.7666947565250375 -3.6706874821317896 7.833054470125287
v -4.7566891488466245 -3.6706882878683214 8.404629758177576
v -5.376161601124761 -3.6706883035018913 8.762284120843228
v -4.732086866839407 -3.6396014704760944 8.44724216522948
v -5.351559918695448 -3.6396022668616643 8.804892366386534
v -5.963927848264215 -3.6396022823158987 9.158444029733658
v -5.988530025670526 -3.67068831895602 9.115833365360434
v -6.528792422535417 -3.6706883325905437 9.427754883189852
v -6.504191311656473 -3.63960229595041 9.470365261787892
v -6.918401667629239 -3.639602306403746 9.709509703933596
v -6.943003949636457 -3.6706883430437918 9.666897296881729
v -3.3750879407043435 -3.6183868410908584 7.7358544512088585
v -3.4908812131862614 -3.6183868440131075 7.802707723109512
v -3.3604944525365807 -3.612380126668235 7.792810920568559
v -3.4694285607032755 -3.6123801294173417 7.855703150874707
v -3.6842864992570856 -3.6123801348396256 7.979750528469175
v -3.710881906042096 -3.6183868495652174 7.929725172591475
v -4.700876688739775 -3.6183868745495387 8.50129978449252
v -5.3203496359949085 -3.618386890183002 8.858951728328254
v -4.672565833868025 -3.6123801597806926 8.550335627566668
v -5.292038104971883 -3.61238017541414 8.90798718102631
v -5.904406320315835 -3.6123801908684214 9.261539910900801
v -5.932717565563676 -3.6183869056372373 9.212503391675378
v -6.472980352804658 -3.6183869192717317 9.524424233353521
v -6.444669497932908 -3.6123802045028857 9.573460076427668
v -6.85670073508167 -3.6123802149012674 9.811347305365413
v -6.887191099153515 -3.6183869297250375 9.76356799934795
v -3.391155677265165 -3.639720120803992 7.898100014174439
v -3.341739880399702 -3.632446244072179 7.920333425816414
v -3.4300980290975547 -3.632446246302015 7.971346121297238
v -3.4657963023576714 -3.639720903439903 7.941194697387639
v -3.2765530528163884 -3.6267217698547523 7.938201700287582
v -3.3854878371343595 -3.626722553356058 8.001094320969788
v -3.6003449949359867 -3.6267217780262184 8.125143050866845
v -3.629523100560186 -3.632446251334862 8.086484231141922
v -3.654934903289793 -3.6397201274608513 8.050391206553913
v -4.634640406250952 -3.6397201521854647 8.616024398950792
v -4.61265871894264 -3.63244627614604 8.654097801448462
v -5.232131951972959 -3.6324462917795506 9.011750811811563
v -5.254111506226538 -3.639720167819001 8.973677980864261
v -4.588624434147833 -3.626721022215028 8.695726407285726
v -5.208097095627783 -3.626721818600627 9.053377284594058
v -5.820464920595644 -3.626721053302756 9.406930690619859
v -5.844499205390451 -3.632446307233768 9.365302084782595
v -5.866480502322672 -3.639720964025405 9.327229358436167
v -6.384761992631433 -3.6324463208682625 9.677222926460738
v -6.406742508811472 -3.639720196907777 9.639151552416894
v -6.360728098212716 -3.626721847689403 9.718850856146693
v -6.772759335361479 -3.626721077335602 9.95673808508447
v -6.790256346107719 -3.632446331101595 9.911334281070525
v -6.807879753508566 -3.63972020703111 9.870746427758428
v -3.1954505267877558 -3.6795576170232334 8.046995600287472
v -3.1606552392692544 -3.7483297852335093 8.107261246253856
v -3.2764491879024487 -3.7483297881557753 8.1741149085306
v -3.3112430185174917 -3.679557619945542 8.113850224490676
v -3.136120778100966 -3.838923976154163 8.149757740343595
v -3.251913269830702 -3.838923979076471 8.2166123645468
v -3.471914638837813 -3.8389239846285976 8.343630204404855
v -3.4964506615104654 -3.7483297937078266 8.301131005710012
v -3.531245558652876 -3.67955762549758 8.240866035894904
v -4.5212404459514595 -3.679557650481825 8.812438905117306
v -4.486445053832052 -3.7483290379399943 8.872706293762366
v -5.105917610711096 -3.748328272821306 9.230358913749411
v -5.140711155550955 -3.6795568853632084 9.170093163182088
v -4.461909980949399 -3.838924009612893 8.915204237748647
v -5.0813820830154395 -3.838924025246336 9.272855693614266
v -5.693749231832025 -3.83892404070063 9.626408709263941
v -5.718286711408136 -3.7483282882754523 9.58390854864271
v -5.75308093239927 -3.6795569008173707 9.523643188451475
v -6.258548717896936 -3.7483298634143694 9.895830742623334
v -6.293343329264161 -3.6795569144518945 9.835564706280895
v -6.234013580577371 -3.8389240543350063 9.938326846336983
v -6.648222765421864 -3.83892406478843 10.177473316936513
v -6.6727598546218845 -3.7483283123632827 10.134973832466557
v -6.707554075613019 -3.679556924905201 10.074708472275322
v -3.1304681323032364 -3.944429361193256 8.159548406202997
v -3.2462614047851543 -3.9444293641155053 8.22640167810365
v -3.142735310586928 -4.048225678349221 8.138301023980372
v -3.258527516541479 -4.048225681271482 8.20515458165621
v -3.4785299520759567 -4.048225686823597 8.33217213573908
v -3.466262097640989 -3.944429369667615 8.353419127585614
v -4.456257661090849 -3.944429394651877 8.924992387184108
v -5.075729046841619 -3.9444294102854585 9.282647035624944
v -4.468524058622358 -4.0482257118079 8.903746357264033
v -5.087996329726217 -4.048225727441348 9.261397910723677
v -5.700365325822351 -4.0482257428955695 9.614949288295616
v -5.688098928290842 -3.9444294257395454 9.636195318215691
v -6.228360934779642 -3.9444294393740993 9.948117512196385
v -6.2406277226872415 -4.048225756530093 9.926870806125034
v -6.6548384690360995 -4.048224986231218 10.166014572119497
v -6.64257207150459 -3.9444294498273758 10.187260602039538
v -3.171607135901449 -4.1320476207996695 8.088293548121726
v -3.287400408383367 -4.132047623721919 8.15514682002238
v -3.2315193257160173 -4.1967149772427765 7.98452258056953
v -3.3473133789501173 -4.196714980164966 8.051374500167633
v -3.5673139672050462 -4.19671420496497 8.178393692328273
v -3.5074011012392017 -4.1320476292740285 8.282164269504342
v -4.497396664689062 -4.13204765425829 8.853737529102837
v -5.116868831192014 -4.132047669891813 9.211390825241121
v -4.557307683375357 -4.196715010701485 8.749968590004467
v -5.176781125607489 -4.196715026334844 9.107618115010284
v -5.7891493409514405 -4.196715041789125 9.461170844884775
v -5.729237151136872 -4.132047685346018 9.56494181243697
v -6.269499938377854 -4.132047698980513 9.876862654115113
v -6.3294129089446045 -4.19671505542356 9.773090334260367
v -6.743622484165189 -4.196715065876956 10.012236128708622
v -6.683710294350621 -4.132047709433849 10.116007096260818
v -3.338316074436186 -4.239825762391028 7.799545169604594
v -3.4541104134454708 -4.239825765313266 7.866398155730064
v -3.4968115000162108 -4.261618886047639 7.52502301768534
v -3.6126047724981287 -4.261618888969888 7.5918762895859935
v -3.8326061415052397 -4.261618894522015 7.718894129444049
v -3.6741100397739386 -4.239825770865387 7.993415890987212
v -4.664105212847708 -4.239825795849678 8.56498982673698
v -5.283578445878026 -4.239825811483189 8.922642837100081
v -4.822600248051641 -4.261618919506319 8.290468350969002
v -5.442072909531591 -4.261618935139737 8.64811922827737
v -6.054441515251634 -4.261618950593988 9.001671282000585
v -5.895946089671609 -4.239825826937377 9.276193433919838
v -6.436208876912591 -4.239825840571871 9.588114275597981
v -6.5947039121165245 -4.2616189642285125 9.313592799830003
v -7.0089146584653825 -4.261618974681818 9.552736565824432
v -6.850419232885358 -4.239825851025207 9.827258717743685
v -3.7115011735200865 -4.2636058840966164 7.153169566655492
v -3.827294836378095 -4.263605887018835 7.22002216240487
v -3.932810844775198 -4.255853778926036 6.769849942719141
v -4.048603441105841 -4.255853781848268 6.836702824243703
v -4.268606267016409 -4.255854568152535 6.963719702175263
v -4.04729552923393 -4.263606673323127 7.3470396118867995
v -5.037289921555517 -4.263606698307478 7.918614899939119
v -5.6567628688106515 -4.26360593318876 8.276266843774888
v -5.258599592810628 -4.255853812384716 7.5352952760028025
v -5.87807264466667 -4.255853828018104 7.892945477159893
v -6.490440183859346 -4.255853843472368 8.246497816658295
v -6.26913118875551 -4.263606729395147 8.629817830970701
v -6.809393975996492 -4.26360596227746 8.94173867264888
v -7.030703647251603 -4.255853857106879 8.558419048712528
v -7.44491400322437 -4.255854648312397 8.797563490858199
v -7.223604331969258 -4.263606753482978 9.180883114794549
v -4.111081942373273 -4.248519379431296 6.461075320751986
v -4.226875214855191 -4.248519382353545 6.527928592652639
v -4.242549488898275 -4.236595332783443 6.256365453324193
v -4.353361788407323 -4.236595335580068 6.320344762429112
v -4.569630178522107 -4.236593389157492 6.445206464549502
v -4.446875907711026 -4.248520168657837 6.6549460421345685
v -5.436871080784795 -4.248520193642128 7.2265199778843385
v -6.056343637663838 -4.24851942852344 7.584172597871381
v -5.5583803880596125 -4.236593414110365 7.016061620321711
v -6.177851813974378 -4.2365953816242445 7.373712685811155
v -6.79022041969442 -4.236593445198042 7.727264739534455
v -6.668711281457421 -4.24852022472981 7.937723194691106
v -7.208974744849678 -4.248519457612139 8.249644426745373
v -7.330483206935402 -4.236595410712991 8.039185581212513
v -7.743499996909854 -4.23659346925571 8.277640016225833
v -7.623185100822445 -4.248520248817657 8.488788868891044
v -4.439048997274396 -4.200580793736846 6.20157453629788
v -4.3675701127414674 -4.215380728044674 6.108823127911792
v -4.463444540193555 -4.2153807304643145 6.164178053226218
v -4.451110417203901 -4.200579232536952 6.208540002875955
v -4.3917624471855135 -4.236722974468304 5.997922570062656
v -4.50257620359802 -4.236723758017068 6.061900917241079
v -4.718843527185437 -4.236722201970596 6.186762905136636
v -4.668505904088971 -4.2153799548873 6.282572080844183
v -4.648704913688657 -4.200580799027885 6.322619426775537
v -5.631229967469213 -4.200580823823655 6.889880487471901
v -5.653522848958966 -4.21538076049806 6.851270032351241
v -6.2729953414010975 -4.215379995379291 7.208920812065619
v -6.250701743596074 -4.200580058705026 7.247534459761495
v -5.707593060571668 -4.236723007675633 6.757617670532721
v -6.327064096110341 -4.2367238040612705 7.115269412173491
v -6.939433092206475 -4.236722258011128 7.468820789745498
v -6.885361423690316 -4.215380010833598 7.562474113490479
v -6.863070168141839 -4.200580854911337 7.601083704278668
v -7.425626448586938 -4.215380805220173 7.874392640939577
v -7.403332850781914 -4.200580087793726 7.913006288635486
v -7.479695879447457 -4.236723833149987 7.780741631423574
v -7.892712279045817 -4.236723062821008 8.019196742588118
v -7.835058022995708 -4.215380815553065 8.110781658614917
v -7.810378854698416 -4.200580878818359 8.14801258744075
v -4.668279009849546 -4.252096743743664 5.4959816157387404
v -4.84144515930557 -4.248513468493872 5.196049023839098
v -4.957238431787488 -4.248512690663939 5.262902295739785
v -4.784071606180189 -4.252096746665896 5.562834497263303
v -4.99034773701286 -4.238606493837605 4.962270542700946
v -5.1009155032348605 -4.238605715875956 5.026110473527645
v -5.316999694427487 -4.2386057213291455 5.150864926823829
v -5.1772391246433225 -4.248513476968231 5.3899197452217145
v -5.004073651338575 -4.252097532970222 5.689852727497415
v -5.994067367508886 -4.252097557954555 6.261427625173646
v -6.1672342977170915 -4.248514282704704 5.961493680971449
v -6.786706854596135 -4.248512736833834 6.319146300958527
v -6.613540028988836 -4.252098354340155 6.619078502481978
v -6.3056890503501855 -4.2386057462804825 5.721684948747846
v -6.925160762040135 -4.238605761913955 6.079337080764743
v -7.537528301232811 -4.238605777368219 6.432889420263143
v -7.399075174540993 -4.248514313792403 6.672697288154307
v -7.225908348933694 -4.252096808289996 6.972629489677894
v -7.939337961781975 -4.248512765922533 6.984618129832519
v -7.766171812325951 -4.252096821924507 7.284550721732128
v -8.077791088473793 -4.238606571754896 6.74481026194125
v -8.490164425949569 -4.238605801409689 6.982894101044746
v -8.353548317754742 -4.248514337880233 7.223762571978154
v -8.180382168298717 -4.252096832377843 7.523695163877832
v -5.199288126287457 -4.212978690749278 4.891578566941099
v -5.131147525072095 -4.220777229513519 4.790787146530043
v -5.226043666229245 -4.220777231908393 4.845575454962146
v -5.209883416776654 -4.212977910264486 4.8976957602871565
v -5.147426487758634 -4.231039431797107 4.690202145044346
v -5.25799435858154 -4.231039434587563 4.754040333192368
v -5.4740784451732605 -4.2310394400408295 4.878796529167195
v -5.430371301389691 -4.220777237065123 4.963547667199979
v -5.406376696308133 -4.212977915223345 5.011141199401251
v -6.388535380698201 -4.212977940009789 5.578188933577648
v -6.415143415060994 -4.22077648116526 5.532102462289497
v -7.034615971940037 -4.220777277550936 5.889755082276473
v -7.008007261425969 -4.212978736395447 5.935841163188533
v -6.462768581848142 -4.231039464992108 5.44961519878866
v -7.082238836634633 -4.23103869987344 5.807268292732054
v -7.6946086134829486 -4.231039496079785 6.160818318001406
v -7.646983511132714 -4.2207772930052005 6.2433074217748725
v -7.620375581370827 -4.21297797109747 6.2893921503844155
v -8.187246402974601 -4.220777306639618 6.555226520774374
v -8.160639044763084 -4.212977984731982 6.601313382438649
v -8.234869943820472 -4.2310387289621385 6.472740121606046
v -8.647243957447525 -4.231039520121313 6.710824351085561
v -8.594107904207226 -4.220777316907572 6.79012990305365
v -8.563825937451359 -4.212977214154939 6.834093425578736
v -5.342510048656461 -4.228846283093319 4.328179111765426
v -5.461474039381025 -4.237610998081722 4.122127419342819
v -5.577267311862943 -4.237611001003971 4.188980691243472
v -5.458303321138379 -4.2288462860155684 4.395032383666079
v -5.563276907270429 -4.241892636079422 3.962708418020311
v -5.6754112917251565 -4.2418926389092535 4.027447427025859
v -5.892665353498456 -4.241892644392125 4.152880911504809
v -5.7972686808700535 -4.237611006556098 4.315998531101528
v -5.678303909393308 -4.228846291567754 4.522051575826685
v -6.668299187067983 -4.228846316551969 5.093623768897812
v -6.787263177792546 -4.237611031540372 4.887572076475205
v -7.406736410822865 -4.237611047173883 5.245225086838307
v -7.287771067795751 -4.228846332185446 5.451275998508731
v -6.881744406030652 -4.241893450105557 4.7239277279239005
v -7.501217003073689 -4.241892684986713 5.081576764959635
v -8.113584542266365 -4.241892700440977 5.435129104458035
v -8.019104054616447 -4.237611062628071 5.598775683658063
v -7.900138606988427 -4.22884634763971 5.80482833800713
v -8.559366841857429 -4.237611076262565 5.910696525336206
v -8.440402851132866 -4.2288463612741625 6.116748217758813
v -8.653848786410805 -4.241892714075429 5.747048984209718
v -9.068058361631389 -4.2418935052810065 5.986194778657939
v -8.973577197830195 -4.237611086715901 6.149840967481911
v -8.85461170794272 -4.228846371727538 6.3558935974324715
v -5.694764291868207 -4.245927163025156 3.7349694734274372
v -5.806789018199918 -4.246905436288503 3.5240242850482986
v -5.922583747585293 -4.246905439210711 3.5908765950224932
v -5.806895295566555 -4.245926385102721 3.799706530552559
v -5.950623869682309 -4.2398224416035495 3.274894995547726
v -6.066417142164227 -4.239822444525799 3.3417482674483807
v -6.286419187322613 -4.239822450077942 3.4687664976825268
v -6.142584440441128 -4.24690544476282 3.717894044504458
v -6.024150814243313 -4.245927171337733 3.925139053105015
v -7.01323010025024 -4.245927196299068 4.496187807390829
v -7.13257815661144 -4.246905469747153 4.289468942180687
v -7.752050713490483 -4.246905485380647 4.647121562167696
v -7.632702697293278 -4.245926431180223 4.853836844426564
v -7.276414634035108 -4.239822475062162 4.040338788347675
v -7.895885564972874 -4.239822490695693 4.397992272667121
v -8.508254665669915 -4.23982250614984 4.751541907560419
v -8.364419033435341 -4.246905500834852 5.000672549363545
v -8.24507091263723 -4.2459272273866855 5.207389574301022
v -8.904681820676323 -4.246905514469346 5.312593391041688
v -8.785334480630393 -4.245926460268939 5.519309063676646
v -9.048516672158714 -4.239822519784393 5.063464101541113
v -9.462727808883663 -4.23982253023767 5.302607191384267
v -9.31889217664909 -4.246905524922682 5.551737833187392
v -9.199544055850978 -4.245927251474516 5.758454858124869
v -6.073030977529523 -4.232947909373493 3.062879649557633
v -6.188824250011441 -4.232947912295742 3.129732921458288
v -6.168364177471157 -4.221259652367124 2.914963129251266
v -6.280430632995602 -4.221259655195478 2.979668328683637
v -6.4976381449317895 -4.221259660677096 3.105073134533665
v -6.408824942867277 -4.232947917847852 3.2567503709402494
v -7.398819335188862 -4.232947162080021 3.828325658992606
v -8.018292672820088 -4.232947958465637 4.185976926677029
v -7.4867023622999165 -4.221259685637815 3.676107779727481
v -8.106173462275502 -4.22125970127135 4.03376136164095
v -8.718541001468179 -4.221259716725615 4.387313701139352
v -8.630660212012764 -4.232947193167719 4.539529266175464
v -9.170923780005928 -4.232947987554336 4.85144875555102
v -9.2588060263648 -4.221259730360008 4.699232228588482
v -9.670775955085752 -4.221259740756802 4.9370831595566465
v -9.585134135978695 -4.23294721725549 5.090593197696759
v -6.3134744566135375 -4.185095989185796 2.849466417895151
v -6.280990986259457 -4.199868988190137 2.77151188105746
v -6.381882665378567 -4.19986899073624 2.829759911609848
v -6.363698973367688 -4.185096771205483 2.87846355393485
v -6.307986766330716 -4.221408375086988 2.6731312543773242
v -6.420054107208248 -4.221408377915208 2.737833358828503
v -6.637260733791347 -4.221409164149144 2.8632412596596915
v -6.5907068111228915 -4.1998689960063675 2.950326382174211
v -6.5669370710754364 -4.185096776334401 2.995799509199415
v -7.5513431777048075 -4.18509602042546 3.5641465961809864
v -7.576976052592275 -4.19986980164881 3.519749150474471
v -8.196448609471318 -4.199869036530122 3.877401770461516
v -8.170814277680394 -4.185096036058996 3.9218001780944576
v -7.6263235988569225 -4.221408408357645 3.434275124101358
v -8.245796936488148 -4.22140842399108 3.7919263917858164
v -8.858163694928642 -4.221409220197585 4.145480083586733
v -8.8088162532649 -4.19986905198431 4.230952367281274
v -8.783183378377434 -4.185096051513142 4.275349812987754
v -9.349079716657158 -4.199869065618821 4.542873599335508
v -9.323445280265327 -4.185096065147771 4.587273749647091
v -9.398428719825263 -4.221408453079796 4.457398611035899
v -9.810397087041851 -4.221410415357163 4.695252246609082
v -9.754329082033392 -4.19986907584601 4.77684441154565
v -9.724215352642293 -4.18509607526176 4.81865483489705
v -6.524370541160581 -4.238049700335739 2.2811365335890805
v -6.642291446969983 -4.2397099609229425 2.0768915176855174
v -6.758084719451901 -4.239709963845192 2.1437447895861723
v -6.640163032890316 -4.238048922505865 2.347991157792322
v -6.743865744344708 -4.227876092410039 1.9009596608877288
v -6.859658340675351 -4.227875314580089 1.9678125424123252
v -7.079660385833737 -4.227875320132233 2.094830772646471
v -6.978086088459012 -4.239708407892954 2.2707626294442917
v -6.860166639553066 -4.238049708810072 2.4750066834213307
v -7.850160460324283 -4.2380497337943295 3.0465798384189178
v -7.968079909230228 -4.239708432877212 2.842335784441879
v -8.587552466109273 -4.239710010015069 3.1999884044288223
v -8.469630779547687 -4.238048968675742 3.4042347726349753
v -8.069654206604953 -4.227876125868672 2.666403927644023
v -8.689126763483998 -4.227876141502166 3.0240565476310337
v -9.301495083428856 -4.227876156956371 3.3776075348268826
v -9.199921462205406 -4.239708463964927 3.553539782000829
v -9.08200066099691 -4.238049764882011 3.757783055225687
v -9.740184249446388 -4.239710039103786 3.8654606236789046
v -9.622262562884803 -4.238048997764459 4.069706991885056
v -9.841757870669838 -4.227875389838682 3.6895283765050593
v -10.25596818438315 -4.227875400292017 3.9286727942522575
v -10.154394605419155 -4.239708488052758 4.104605065824677
v -10.036474480361933 -4.2380497889698585 4.308848729425623
v -6.818611835241315 -4.192929228708269 1.7714956253669634
v -6.934405888475414 -4.192929231630459 1.8383475449650675
v -6.869790921524045 -4.132274149317735 1.6828508434800113
v -6.98558341325378 -4.1322741522400435 1.749705467683217
v -7.205585563013074 -4.132274157792111 1.8767219552387218
v -7.1544058005790685 -4.192929237182628 1.9653663467495797
v -8.144400973652836 -4.192929262166919 2.536940282499348
v -8.763873635132786 -4.192929277800337 2.8945911598077174
v -8.195580840687747 -4.132274182776326 2.4482941483098486
v -8.815052721415515 -4.132274198409803 2.805946377920769
v -9.427420936759468 -4.132274213864084 3.159499107795259
v -9.376241174325463 -4.1929292932546005 3.248143499306117
v -9.916505523070809 -4.192929306888976 3.5600616363791566
v -9.967684504752631 -4.132274227498519 3.4714185971708496
v -10.381893299221034 -4.1322742379519735 3.7105657439216557
v -10.330714993690487 -4.192929317342448 3.799209173506055
v -6.901741643068309 -4.042054328506935 1.6275105701180443
v -7.01753569630241 -4.042054331429124 1.694362489716145
v -6.91495576914787 -3.936357268234744 1.6046245967366133
v -7.03074534707069 -3.936357271157137 1.6714811447927396
v -7.2507505152378044 -3.9363580574612262 1.7984939658166468
v -7.237536389158246 -4.042054336981234 1.8213799391981098
v -8.227530886080737 -4.0420543619655085 2.3929534845717875
v -8.847003442959782 -4.042054377599002 2.7506061045587984
v -8.24074579291248 -3.936357301693259 2.3700661588878056
v -8.86021455063152 -3.936357317326972 2.727723797708933
v -9.472585888984199 -3.936357332781017 3.081271118373216
v -9.45937176290464 -4.042054393053207 3.1041570917546473
v -9.999636007049078 -4.04205440668766 3.416076971506328
v -10.012847114720817 -3.9363573464156296 3.3931946646564626
v -10.427059032197947 -3.9363573568688475 3.6323364021970654
v -10.413845644611115 -4.042054417140977 3.655220998877436
v -6.909275901624676 -3.830348298896177 1.6144608597522563
v -7.025069174106594 -3.830348301818426 1.6813141316529112
v -6.887442166854855 -3.7335221475693663 1.6522780048309151
v -7.003235543937679 -3.733522150491539 1.7191295340529287
v -7.22323691294479 -3.7335205945393017 1.846147373911048
v -7.245069762361522 -3.8303483073706115 1.8083333238135175
v -8.235064259284014 -3.8303483323548857 2.379906869187195
v -8.854537596915241 -3.8303491287405027 2.7375581368716198
v -8.213232086018557 -3.733520619523593 2.4177213096608163
v -8.832705423649784 -3.73352141590921 2.7753725773452445
v -9.445071505939003 -3.733520650611334 3.12892587877014
v -9.466904355355735 -3.830348363442644 3.091111828672606
v -10.007168704101082 -3.830349157829202 3.40302996574561
v -9.985335750083442 -3.73352222575015 3.44084575852175
v -10.399544606893297 -3.7335206746991627 3.6799911381954793
v -10.421377498569484 -3.8303483875304742 3.6421771124964515
v -6.852350479282375 -3.655748692743832 1.7130585986998597
v -6.968143647163387 -3.6557486956661585 1.779913613279156
v -6.808624453329083 -3.606056552302247 1.7887943052558235
v -6.924417725811001 -3.6060573359766783 1.855647577156443
v -7.144421332473751 -3.606056560776522 1.9826631027855193
v -7.1881436638679475 -3.6557487012182506 1.9069306723850303
v -8.178138836941715 -3.6557487262025417 2.4785046081347986
v -8.79761217457294 -3.6557487418359758 2.8361558758192587
v -8.134415153244968 -3.606056585760779 2.5542362577831064
v -8.753885472468372 -3.606057382146556 2.9118911919990964
v -9.366255353917595 -3.606056616848461 3.2654394745898756
v -9.409978256862159 -3.655749538042465 3.189709177244083
v -9.95024328175878 -3.655747990172493 3.501627704693284
v -9.906517255805488 -3.6060566304830903 3.577363411249209
v -10.320729173282619 -3.606056640936308 3.8165051487898136
v -10.364452138568636 -3.655748781378052 3.740773084366907
v -6.760104608978267 -3.5925066018569733 1.8728331478967561
v -6.875899442964549 -3.5925058240269223 1.939683715192345
v -6.730666781684871 -3.6019443377120233 1.9524222619189366
v -6.8402675227088885 -3.601944340477993 2.015700274390138
v -7.055626646259304 -3.6019443459128064 2.1400343066500795
v -7.095900031219479 -3.5925058295791077 2.0667029073529477
v -8.08589452814197 -3.592506635315564 2.63827645272659
v -8.705367970374104 -3.5925058701967405 2.995925977732444
v -8.04407197600841 -3.601944370858063 2.7107152430779102
v -8.663543752135272 -3.601944386491616 3.068369215367472
v -9.275912957433219 -3.601944401945686 3.4219171075821286
v -9.317735404965873 -3.5925066664032625 3.3494800599094496
v -9.857999077559944 -3.592505899285439 3.661397806606434
v -9.816174859321112 -3.6019444155803155 3.733841044241462
v -10.228711338374133 -3.601944425991329 3.9720172701012224
v -10.272208548179622 -3.592506690491093 3.900545343733297
v -6.6537789829521135 -3.634623506863372 2.0855974061156033
v -6.618035038179395 -3.7058819792188693 2.11890487668272
v -6.733828986812588 -3.705881982141136 2.1857585389594654
v -6.763379933177944 -3.634624290381372 2.148871933229483
v -6.5998864537086455 -3.809046279786287 2.1503391449775258
v -6.715679154640194 -3.8090462827084437 2.217190283823445
v -6.93567953369331 -3.809046288260781 2.344212961341338
v -6.953829784269329 -3.7058827684453517 2.3127742457627534
v -6.978736714471814 -3.63462351506418 2.273210022397109
v -7.967183501124379 -3.634624320761577 2.8438899968984472
v -7.943824176590916 -3.7058820126775194 2.884349533815108
v -8.563295952717777 -3.7058812475588905 3.2420035061047052
v -8.586654601099964 -3.634624336395113 3.2015435788119184
v -7.925676372872348 -3.8090463132448784 2.9157824498073595
v -8.545146587494846 -3.8090463288785488 3.2734391267020264
v -9.157514907439705 -3.809046344332754 3.6269901138978753
v -9.175665158015724 -3.7058820437651425 3.5955513983193264
v -9.199023701797005 -3.6346243518492587 3.5550932137052165
v -9.7159278406558 -3.7058820573997124 3.907473982676109
v -9.739287165189262 -3.63462436548377 3.867014445759448
v -9.69777925618505 -3.80904635796713 3.938908250970913
v -10.111988050653453 -3.809046368420584 4.178055397721721
v -10.130138196628566 -3.7058820678530484 4.146618424821813
v -10.151822082737917 -3.6346228143905384 4.1051933762243795
v -6.598957358612058 -3.9018531206035085 2.1519483809568207
v -6.714750631093976 -3.9018523427735756 2.2188016528575076
v -6.617818769824979 -3.9755022532563924 2.119279452703946
v -6.733612146907802 -3.975502256178565 2.1861309819259596
v -6.953614192066189 -3.9755022617307088 2.313149212160102
v -6.934753561605451 -3.9018531290777663 2.345816788110426
v -7.924747277775761 -3.901852373309918 2.91739168578669
v -8.544219834654804 -3.9018523889434116 3.275044305773701
v -7.943608793589588 -3.9755030674670886 2.8847210148551063
v -8.563080465115544 -3.975502302348536 3.2423767298233415
v -9.175448108909126 -3.9755030985549062 3.595927326643068
v -9.156588935351845 -3.901853185149739 3.6285939406669634
v -9.696852398744102 -3.9018524180320684 3.9405151727212306
v -9.715712353053565 -3.975502331437176 3.9078472063947824
v -10.12992192827415 -3.9755031226427535 4.146993000843004
v -10.111062078565594 -3.9018532092375695 4.179659224490811
v -6.6612684095058405 -4.025421982979957 2.044022461241184
v -6.777060901235577 -4.025422766654447 2.1108770854443577
v -6.720443959636684 -4.046420308434828 1.9415273930549475
v -6.836236555967327 -4.0464203113570605 2.008380274579512
v -7.056238601125713 -4.046420316909204 2.1353985048136543
v -6.997061489490505 -4.025422772206633 2.2378962776049605
v -7.987056767165181 -4.025422797190848 2.8094684706760873
v -8.606528647892949 -4.025422812824325 3.1671207002870077
v -8.04623465955257 -4.04642034189336 2.7069693455822303
v -8.665704978775974 -4.046420357526955 3.0646242797982524
v -9.278073974872107 -4.046420372981177 3.418175657370192
v -9.2188968632369 -4.0254228282786055 3.520673430161498
v -9.759161211982246 -4.025422841912982 3.832591567234539
v -9.818336866713997 -4.046420386615595 3.7300947563696916
v -10.232547118085856 -4.046420397069007 3.9692409411940393
v -10.173370006450648 -4.025422852366436 4.071738713985345
v -6.7838589941158265 -4.032968333913767 1.8316893235211857
v -6.899653047349926 -4.032968336835957 1.8985412431192898
v -6.832159447103496 -3.9939576571068605 1.7480304801946573
v -6.947952043434139 -3.9939576600290927 1.8148833617192217
v -7.167955650096889 -3.993956104076754 1.9418988873483336
v -7.1196528548526725 -4.032968342388203 2.0255617875824434
v -8.109647351775164 -4.032968367372477 2.597135332956121
v -8.729120794007297 -4.0329683830058345 2.95478485796194
v -8.157950147019381 -3.9939569098132104 2.5134724327219757
v -8.777421142394061 -3.993957706199004 2.871127757314053
v -9.389789566939827 -3.9939561601487696 3.2246770018313313
v -9.341488228599067 -4.032968398460175 3.308338940138981
v -9.881752577344413 -4.032968412094551 3.6202570772120204
v -9.930052249579902 -3.9939569545355216 3.5365995861880783
v -10.344262605552668 -3.9939569649888575 3.7757440283337846
v -10.295961371812815 -4.032967641795824 3.859404223962862
v -6.8490151059608415 -3.9417015219129032 1.718835622699487
v -6.964809159194942 -3.9417015248350937 1.785687542297591
v -6.844701450155254 -3.879587611271665 1.7263070970103378
v -6.9604948272380796 -3.879587614193839 1.7931586262323513
v -7.180497653148647 -3.879588400498105 1.920175504163911
v -7.184810632802959 -3.941701530387144 1.9127036394770052
v -8.174805129725451 -3.9417015553714183 2.484277184850683
v -8.794276801251407 -3.941701571005047 2.841932899818886
v -8.170492995260235 -3.8795876447302184 2.4917495375077365
v -8.789964706950183 -3.8795868796115087 2.849401669524667
v -9.402332350743766 -3.879586895065697 3.2029522663444254
v -9.406646006549353 -3.941701586459117 3.1954807920335426
v -9.946908013038154 -3.94170160009367 3.5074029860142346
v -9.942595814136023 -3.879586908700208 3.514873498398657
v -10.356805389356609 -3.8795869191536037 3.754019292846916
v -10.361119825914377 -3.941701610546964 3.746546466233479
v -6.823598394826885 -3.8135191920997613 1.762860228235187
v -6.939390991157527 -3.8135191950219935 1.8297131097597514
v -6.7894882173480955 -3.7637388259335225 1.821939233894927
v -6.9052830513343775 -3.7637388288556535 1.8887898011904802
v -7.125282182685849 -3.7637388344078815 2.015809955277547
v -7.159392464765546 -3.813519200574045 1.956729206939162
v -8.149386961688037 -3.813518444806137 2.528302752312875
v -8.768858633213993 -3.8135192411919476 2.8859584672810428
v -8.115278136511797 -3.763738859392114 2.587382538724764
v -8.73475079799175 -3.763738875025531 2.9450334160331337
v -9.347118232583519 -3.763738890479871 3.298587498210175
v -9.381227057759757 -3.8135184758938943 3.239507711798286
v -9.921490521152014 -3.8135184895284056 3.5514289438525175
v -9.88738190517759 -3.7637389041142297 3.6105052449071238
v -10.301591375797267 -3.7637389145677016 3.8496527820340205
v -10.335700939466234 -3.8135184999816643 3.7905716189210743
v -6.746018278110501 -3.747090069695534 1.8972313837697037
v -6.861811445991512 -3.7470900726178593 1.964086398349
v -6.707134477190014 -3.7615593624524815 1.9645801070981044
v -6.822926292768475 -3.7615578038704083 2.0314343409252906
v -7.042929794830318 -3.76155780942251 2.158451609232973
v -7.081813700351711 -3.74709007816985 2.0911011432258597
v -8.071807480958935 -3.747090103154264 2.662677881174755
v -8.691279192648883 -3.747090118787736 3.02033001319165
v -8.032923615601534 -3.7615593959111315 2.7300247642304925
v -8.652394715577122 -3.761557850040303 3.0876783461440347
v -9.264763816274161 -3.7615594269988133 3.4412279810372617
v -9.303648293345924 -3.7470901342418825 3.373879648084948
v -9.843910299834723 -3.7470901478764356 3.68580184206564
v -9.805025822762962 -3.7615578791290014 3.7531501750180247
v -10.219237635639185 -3.7615594510866606 3.992293655237198
v -10.258121436559673 -3.747090158329713 3.9249449319087955
v -6.685687214750287 -3.8027366245313923 2.0017278563815637
v -6.80148116338348 -3.802736627453659 2.068581518658309
v -6.678848710988994 -3.8557278371462376 2.013570929433172
v -6.794643544975276 -3.8557270593161865 2.080421496728757
v -7.0146432478771175 -3.855728626372872 2.2074437838704917
v -7.02148118008804 -3.8027366330057513 2.1955985777641835
v -8.011477133913989 -3.8027366579899837 2.767171161211401
v -8.630949690793033 -3.8027366736234773 3.124823781198412
v -8.00463774479961 -3.855728651357146 2.7790173292441693
v -8.624111967783923 -3.855727105486081 3.136665501947501
v -9.236476383967872 -3.855728682444946 3.49022325065604
v -9.243316553834434 -3.802736689077724 3.478375730320721
v -9.783581474130148 -3.8027367027121937 3.7902960004484925
v -9.776742970368858 -3.855727134574857 3.8021390735001344
v -10.19095176483726 -3.855727925780493 4.041286220250909
v -10.197790373199458 -3.8027367131655714 4.029441404520657
v -6.685658222318645 -3.9050908933382056 2.0017796297805575
v -6.801452275552746 -3.905090115508215 2.0686315493786935
v -6.703362663398739 -3.9404980034517383 1.971113072901634
v -6.8191544789772 -3.940498006374029 2.037967306728749
v -7.039158085639951 -3.9404987926782367 2.164982832357758
v -7.021452968408582 -3.905090121060324 2.195648998860655
v -8.011447465331074 -3.905090146044598 2.7672225442343326
v -8.630920022210118 -3.905091723182456 3.124875164221276
v -8.029151021058079 -3.940498817662629 2.7365590823365373
v -8.648623577937123 -3.9404980525439406 3.0942117023235802
v -9.26099278323507 -3.9404988487501926 3.447759594538205
v -9.243287561402793 -3.9050893963801734 3.4784275037197823
v -9.78355102479505 -3.9050909715190487 3.7903487357739447
v -9.801254685122963 -3.940495739376094 3.7596835311976733
v -10.21546582184791 -3.9404988728380994 3.998826621040692
v -10.197761485368725 -3.905090201220127 4.02949143524104
v -6.7310231517028765 -3.9529900362696626 1.9232036975692104
v -6.846815643432613 -3.9529900391919703 1.9900583217724161
v -6.765950881317135 -3.9529900336252712 1.8627070906356167
v -6.881742801496502 -3.9529900365474866 1.9295595817840905
v -7.1017448466548885 -3.9529900420996302 2.0565778120182365
v -7.066817897792813 -3.95298926399178 2.1170730666493114
v -8.05681307086658 -3.952989288976071 2.6886470023990796
v -8.676283390089985 -3.952990085361848 3.0463019366150696
v -8.09173934357738 -3.9529900670839044 2.628151357391914
v -8.711211119704243 -3.9529900827174576 2.985805329681476
v -9.323580220401283 -3.952989317419421 3.339354964574806
v -9.288653271539207 -3.952989320063753 3.399850219205849
v -9.828914497275825 -3.9529893336983646 3.7117737654890917
v -9.863843007642265 -3.9529893310539146 3.651275806252947
v -10.278053321355577 -3.9529893415072497 3.890420224000147
v -10.243127090904231 -3.952988563399418 3.9509158934058206
v -5.081136444053647 -4.223238554553652 4.877408886344025
v -5.176033261362073 -4.223238556948543 4.932197585152217
v -5.38036256262779 -4.223238562105078 5.050165350106308
v -6.984605567072865 -4.223238602591086 5.976377212466545
v -7.596973210866448 -4.223238618045274 6.329927809286302
v -6.365133179231641 -4.223238586957597 5.618724690073556
v -8.13723599810743 -4.223238631679768 6.6418486509644445
v -8.54409760394096 -4.2232386419476455 6.876750290565079
v -5.227657603523251 -4.23021924450083 4.5271078358312735
v -5.343451552156445 -4.230219247423096 4.593961498108019
v -5.56345224501228 -4.230218472223024 4.720978947590016
v -7.172919974965092 -4.230218512840809 5.650205503326795
v -7.785287618758675 -4.230218528294997 6.003756100146553
v -6.553447418086049 -4.230218497207315 5.292552883339786
v -8.325551082150932 -4.230218541929508 6.315677332200787
v -8.739760719712969 -4.2302185523828255 6.5548213595718945
v -4.32423524363136 -4.215338961083835 6.183881328719282
v -4.42011045183563 -4.215338963503417 6.239234901731157
v -4.625172596483228 -4.215338968678525 6.357627577046538
v -6.229661253043172 -4.215339009170575 7.283977660570523
v -6.842028896836755 -4.215339805376945 7.637528257390246
v -5.610188020012853 -4.215340555041428 6.926324650207352
v -7.3822923602290125 -4.215339038259274 7.949449489444515
v -7.7917254961421465 -4.215340610096412 8.185835802514683
v -4.505084731863019 -4.248603670836793 5.778640857084248
v -4.620878680496213 -4.248603673759059 5.845494519360992
v -4.840879373352048 -4.248603679311169 5.972511968842955
v -6.4503471033048605 -4.248603719928954 6.901738524579734
v -7.062714747098443 -4.248603735383142 7.255289121399493
v -5.830874546425817 -4.24860370429546 6.544085904592725
v -7.602978210490701 -4.248603749017653 7.567210353453726
v -8.017188566463467 -4.248603759470989 7.806354795599431
v -6.400825096632001 -4.233064997383385 2.49512353721731
v -6.516618369113919 -4.2330650003056345 2.561976809117965
v -6.73661973812103 -4.233064225105579 2.6889946489760526
v -8.346086115771291 -4.23306426572333 3.6182204239606506
v -8.958454435716149 -4.233064281177535 3.9717714111564977
v -7.726613558892247 -4.2330642500898366 3.2605678039736397
v -9.498717899108406 -4.2330650755642285 4.283692643210697
v -9.912928255081173 -4.2330643052653825 4.522837085356436
v -6.232363398107525 -4.1998912433089375 2.855737340857207
v -6.3332549726257295 -4.199892026607298 2.9139871140882043
v -6.542078208744046 -4.199892031877324 3.0345512564097916
v -8.147821021319386 -4.199891291648922 3.9616272302612643
v -8.760188665112969 -4.19989130710311 4.315177827081023
v -7.528347788289066 -4.1998912760154115 3.603974219898163
v -9.300452128505226 -4.199892101489803 4.627099059135222
v -9.70570149388146 -4.199892111716992 4.861069871345364
v -6.82392542246246 -3.636580853408346 2.104463955914838
v -6.706819798271175 -3.626046943878963 2.0795334678684974
v -6.79784294492149 -3.6260469461760945 2.132085702051331
v -6.828710416166302 -3.6365808535289457 2.1072229669655407
v -6.999267500307079 -3.6260469512593225 2.248376411318471
v -7.020847800306317 -3.636580858377717 2.2181499227560586
v -9.233393193601128 -3.6365809142152408 3.4955635030102563
v -8.62102398830318 -3.6365808987611707 3.1420156107955997
v -8.602542022650715 -3.626046991720811 3.1740273172497027
v -9.214909666444298 -3.626047007174999 3.527577914069461
v -8.001552212176318 -3.6365808831276185 2.784361638506038
v -7.983069465771671 -3.6260469760873173 2.8163746972626917
v -10.177818328441854 -3.636580938049571 4.0408293700108935
v -9.773655095489021 -3.63658092784987 3.8074874396695915
v -9.755173129836555 -3.6260470208095104 3.8394991461236945
v -10.162684178970332 -3.626047031093777 4.074775741959737
v -7.495236264875408 -3.95299005555602 2.3644241133435564
v -7.467575100419995 -3.940497241985897 2.4123330982999214
v -7.530164099090572 -3.952990052911553 2.3039257637313213
v -7.449872454318996 -3.9050909126245132 2.442998888440396
v -7.443063490266795 -3.8557270756802193 2.4547868979238068
v -7.4499021229019124 -3.802736643817717 2.4429475054174965
v -7.471347018812175 -3.7615578202343825 2.405798389817786
v -7.510232172035214 -3.7470900889818326 2.3384504472414953
v -7.553702996625897 -3.7637388452196863 2.26315520238553
v -7.587810155696865 -3.813519211386086 2.2040798632573484
v -7.6089162294330555 -3.879586849805647 2.1675230655009727
v -7.613228999885554 -3.941701541199202 2.160054686171282
v -7.596371988725657 -3.9939576763931255 2.189248762914268
v -7.54807366879272 -4.0329683532000065 2.2729070346904265
v -7.484657282011028 -4.046420327721035 2.382744323472007
v -7.425480741926189 -4.025422783018556 2.4852442293180452
v -7.382032092199321 -3.97550305329478 2.5604963831209737
v -7.3631712525367705 -3.9018531398898073 2.5931674444286124
v -7.3640989953308065 -3.809046299072552 2.5915574276971363
v -7.382248932104107 -3.705881998505168 2.560123940154515
v -7.405607685087199 -3.6346243065891333 2.5196622701831224
v -7.42149344053268 -3.6260469619150255 2.4921504559046497
v -7.439975510786053 -3.636580868955309 2.4601370067719053
v -7.524319492856975 -3.5925058403908787 2.3140473737087497
v -7.572836994951244 -3.6060565715885122 2.230012587975434
v -7.482495274618144 -3.6019443566857543 2.3864906113437776
v -7.616563697055812 -3.655748712030114 2.1542772717955643
v -7.651654708477016 -3.7335221668556313 2.093496287550529
v -7.673489795549389 -3.830349098934658 2.055679923224016
v -7.6791668538665725 -3.9363572875210515 2.0458438413826876
v -7.665957098497386 -4.0420543477931155 2.0687269289847343
v -7.634004920049663 -4.132273387851776 2.124068164273197
v -7.582825729166028 -4.1929292479945675 2.212714688838755
v -7.508078285966869 -4.227875330944122 2.342177943607375
v -7.406505340894696 -4.239709980209241 2.518110581157309
v -7.288582302030559 -4.2380489388698805 2.722356168611281
v -7.165038990556714 -4.233064235917502 2.9363426006891373
v -7.064748458971019 -4.221408394185218 3.1100477877621238
v -7.01540013195419 -4.199869787476442 3.1955231664377877
v -6.989766476314542 -4.1850960062531515 3.2399219644468538
v -6.966772439201351 -4.1998912618431365 3.2797503689162113
v -6.925125660909649 -4.221259671465505 3.351883147993348
v -6.837244090702053 -4.2329479286598515 3.504100065331979
v -6.714837868207929 -4.239822460889773 3.716112316340876
v -6.571003692876812 -4.246905455574743 3.965241996217543
v -6.451654895927426 -4.245926401374378 4.171958630778962
v -6.225687933305737 -4.237611017368021 4.563346482814612
v -6.106723266429898 -4.228846302379601 4.769397784861129
v -6.320169201707837 -4.241892655180868 4.399698551312033
v -5.991871497447964 -4.230219263787129 4.968326899303069
v -5.901191816020963 -4.231038670067536 5.1253887267819
v -5.85356749442291 -4.220777247745074 5.20787647825278
v -5.826958679307935 -4.21297792583748 5.253964301843515
v -5.803557089555738 -4.223239353537406 5.294498608442817
v -5.744113065275189 -4.238605732108034 5.3974571244385
v -5.605658377079007 -4.248513487780154 5.637267696934801
v -5.4324922276229834 -4.252096763029946 5.937200288834443
v -5.269298625787733 -4.248603690123092 6.219859920556042
v -5.146016970895764 -4.23672299350326 6.433391588902014
v -5.09194686388397 -4.215380746325612 6.527042208041893
v -5.069653266078946 -4.200580028899164 6.565655855737802
v -5.048612775526045 -4.215340540869077 6.602099056546761
v -4.996803231856344 -4.236595351818459 6.691835824466104
v -4.875295550522802 -4.248519398717549 6.902293317696412
v -4.6970240625486355 -4.255853798212318 7.211068615814844
v -4.475715067444799 -4.263605903382915 7.594388630127286
v -4.261024717789648 -4.261618905333921 7.966241690781043
v -4.10253035873699 -4.239825000925116 8.240763556925145
v -3.9957333242416366 -4.196714996528999 8.425739901362682
v -3.9358210298261618 -4.132047640085968 8.52951261159352
v -3.9069481379842737 -4.048225697635532 8.57952037322735
v -3.8946813500766737 -3.944429380479538 8.6007670792987
v -3.900333215122221 -3.8389239954405037 8.59097776574185
v -3.9248695235700586 -3.748329804519779 8.548479633574374
v -3.959663744561193 -3.6795576363095153 8.488214273383175
v -4.051083474455831 -3.632446261973689 8.329872207787869
v -4.073063314484594 -3.6397201380131854 8.291800443367935
v -4.027048513509748 -3.6267217887948417 8.371500423249008
v -4.139301834629056 -3.618386860377157 8.177073514680652
v -4.170512117329595 -3.6396022370558194 8.123014152738932
v -4.110989913229941 -3.6123801456083244 8.226109643529984
v -4.19511322820854 -3.670689054448135 8.080403774140859
v -4.209919412588118 -3.7159758028922782 8.054758706579035
v -4.212593488811491 -3.7837255732834665 8.050127067379503
v -4.198075687762258 -3.8581328188322983 8.075274196595279
v -4.160670345699308 -3.9235891327231993 8.1400605901355
v -4.1100619892616255 -3.969423583775579 8.227716839505302
v -4.05783268669319 -3.9846166348157075 8.318182212989562
v -4.015939190711973 -3.9682243555500865 8.390742321323469
v -3.9935689745922067 -3.9217610141404027 8.429490238732063
v -3.9873449227981546 -3.8524067982838934 8.440269055023712
v -3.997451655193327 -3.769718114674614 8.422765244790607
v -4.023467307851789 -3.7051210194221245 8.377701688946098
v -4.065870635007856 -3.6834684159482265 8.304258528709207
v -4.103641864068983 -3.697522733116858 8.238836835269556
v -4.11659053440666 -3.7340826241873204 8.21641063853731
v -4.111888949367521 -3.7795165458946443 8.224552459836433
v -4.088714558500287 -3.820520090743888 8.264693245049536
v -4.053653424863813 -3.859476113895634 8.325419351337933
v -10.477335974472577 -3.9529901308146176 4.08614005112994
v -10.44967548616844 -3.9404973172445112 4.134049426462395
v -10.512263776993152 -3.952989347417968 4.025641683218858
v -10.656474271898265 -3.9529901318095586 4.108901644874411
v -10.621546542284007 -3.95299013445395 4.169398251808005
v -10.593885273227688 -3.9404981016360843 4.2173089794429774
v -10.431972638287302 -3.905090207130862 4.164713297035094
v -10.425163771414335 -3.85572715093891 4.176504968764924
v -10.57618242649668 -3.905090991522435 4.247972850679705
v -10.569371996969219 -3.8557279353306013 4.2597672263506094
v -10.432002306870217 -3.80273749982843 4.164661914012127
v -10.453447299959715 -3.7615578954930724 4.127516460658905
v -10.576211386083598 -3.802736722715621 4.247921058317807
v -10.597657867771144 -3.761559460636769 4.210774661336899
v -10.49233258947825 -3.747090164240448 4.06016679370285
v -10.535803382374342 -3.7637389204783007 3.984871530548004
v -10.63654237768763 -3.747090948632021 4.143426347347459
v -10.680013097677405 -3.763738924117769 4.068132845170169
v -10.569912030043358 -3.8135192866446586 3.9257952477922426
v -10.591015834429319 -3.879586925064321 3.8892407459659992
v -10.714121818252737 -3.8135185095318676 4.009054801436923
v -10.735225621488567 -3.879587709455894 3.9725002989465796
v -10.595328709482724 -3.9417016164577996 3.8817706239576655
v -10.578473050625378 -3.993956190147393 3.9109654814529033
v -10.739539277294154 -3.941701620097132 3.9650288246357306
v -10.722682837684626 -3.993957755291148 3.99422503443345
v -10.53017337838989 -4.032968428458604 3.9946229724768116
v -10.466757563158566 -4.046421183731907 4.1044623943130905
v -10.674383165449138 -4.032968432097995 4.077882525457428
v -10.610967350217814 -4.046421187371298 4.187721947293706
v -10.407581232275541 -4.025422858277095 4.2069588148018795
v -10.36413237334686 -3.9755023478012887 4.282214453962123
v -10.55179180008697 -4.025422861916426 4.290217015479945
v -10.508342160406109 -3.9755023514406798 4.365474006942739
v -10.345273231484171 -3.9018524343961225 4.314881086284899
v -10.346199349384662 -3.8090463743311656 4.313273737560731
v -10.489481529945369 -3.9018524380355553 4.398141582893096
v -10.490409063537593 -3.809047158722816 4.396535051518837
v -10.364349422453458 -3.705882073763707 4.2818385256383475
v -10.381009440147931 -3.6346243816786954 4.237511142412025
v -10.50855835700434 -3.705881296651052 4.365101192563099
v -10.518519855385524 -3.6346251659012765 4.316904614635186
v -10.485898936364944 -3.636580945824691 4.2187033843995
v -10.38188291857862 -3.636580943199582 4.158647910075169
v -10.376798848193403 -3.626047036497342 4.198394894373999
v -10.494212058683539 -3.626047039460553 4.266185240917899
v -10.506419774004513 -3.5925059156495696 4.035765444549867
v -10.554938056850965 -3.6060566468471436 3.9517293065140002
v -10.4578963535276 -3.6019444317752995 4.1043390931965895
v -10.595408258683849 -3.6019444352456578 4.183731622554657
v -10.65062878031158 -3.592505919289019 4.1190263498330335
v -10.699147843910213 -3.6060566504865346 4.034988859494616
v -10.598664082804257 -3.6557487872887284 3.875993599958038
v -10.633755770376737 -3.7335222421142626 3.8152130060890936
v -10.742873869863505 -3.6557487909281194 3.959253152938654
v -10.777966338188167 -3.733521465001412 3.8984712067671907
v -10.655589505146558 -3.8303491741932554 3.777395861010401
v -10.66126635426193 -3.936357362779801 3.7675632645263537
v -10.799799292205806 -3.8303483970804644 3.8606554139910507
v -10.805478483577724 -3.9363573664190143 3.8508187605993154
v -10.648056027342374 -4.042054423051772 3.7904442190736685
v -10.616104525045927 -4.132274243862631 3.84578584473819
v -10.792265814401622 -4.042054426691163 3.8737037720542844
v -10.760314312105175 -4.132274247502022 3.929045397718806
v -10.564925438763197 -4.192929323253165 3.93443062662514
v -10.49017934786659 -4.227875406202753 4.063894662145939
v -10.709136006574626 -4.192929326892497 4.017688827303205
v -10.634389134925838 -4.227876190594326 4.1471542151265215
v -10.388605050491865 -4.239710055467839 4.239826518943694
v -10.27068336393028 -4.238049014128512 4.444072887149845
v -10.532814837551113 -4.23971005910723 4.32308607192431
v -10.41489393174171 -4.238049798520026 4.527331087827875
v -10.173136597761328 -4.221408472630929 4.904676378535957
v -10.037887811863477 -4.2214084692176845 4.826590461590529
v -10.147138700153883 -4.233065091928282 4.658058538475487
v -10.291348487213131 -4.233065095567673 4.741318091456103
v -9.961656523621913 -4.199869081078288 4.8965449565591666
v -9.918100865659472 -4.185095299402703 4.9305964824978545
v -10.1105605648663 -4.199869084836147 4.982514738248959
v -10.008545353596206 -4.185096082437413 4.982814627942274
v -10.033513904300865 -4.221259749911141 5.14650999608854
v -9.898265118403014 -4.221259746497896 5.068424079143112
v -9.913030413503165 -4.199891336197046 4.980769466631708
v -10.05119948724335 -4.19989212043625 5.060543215489426
v -9.819344581051405 -4.2329480039183895 5.22581465081581
v -9.69693747320419 -4.239822536148446 5.4378299968059025
v -9.963554368110653 -4.232948007557781 5.309074203796426
v -9.841147260263439 -4.239822539787837 5.5210895497865184
v -9.553101913875933 -4.246905530833382 5.686958877631506
v -9.433754573830004 -4.245925695880793 5.893674550266498
v -9.697312408781048 -4.24690553447279 5.770218839287093
v -9.577964287982937 -4.245926480272442 5.976935864224604
v -9.20778693505704 -4.237611092626601 6.2850620119260245
v -9.088822944332476 -4.228845596886016 6.491113704348667
v -9.302269587456282 -4.241892730439482 6.121414879474507
v -9.446477884767349 -4.241892734078915 6.204675375418676
v -9.351997429962154 -4.23761109626601 6.368321973581612
v -9.233033439237591 -4.228846381277607 6.5743736660042185
v -9.012804501756262 -4.231038748594624 6.9218790104593815
v -8.875942754349168 -4.231039525892856 6.842861849823922
v -8.973971175350542 -4.230218558293544 6.690042818790605
v -9.118181670255657 -4.230219342685134 6.7733027804461585
v -8.80627219289827 -4.220777322261837 6.912621199759254
v -8.764967376667734 -4.212978780735465 6.95022248073186
v -8.94504823813897 -4.220777325764097 6.99274358067929
v -8.865086126125183 -4.212978002509958 7.0080260632403455
v -8.855725751010489 -4.238606591387304 7.193947408115946
v -8.718864003603395 -4.238605807181172 7.114930247480558
v -8.756261830290553 -4.223238647301987 6.999243354347831
v -8.906442067449461 -4.223238651092053 7.085949948035793
v -8.587758054981585 -4.248512782286569 7.3589836164223374
v -8.414591905525562 -4.2520976190407245 7.658916208321912
v -8.7319685498867 -4.2485120051737955 7.442243578077958
v -8.558802400430675 -4.252097622680133 7.742176169977499
v -8.262773455670423 -4.236723852912344 8.23285164611129
v -8.123339470998165 -4.236723849393479 8.152349403712522
v -8.25139830369031 -4.248603765381689 7.941575840043544
v -8.395608798595426 -4.248603769021098 8.024835801699131
v -8.054939733309027 -4.215380821102093 8.23772861042921
v -8.023093194547648 -4.200579322682299 8.270825062446264
v -8.204033159252043 -4.215380824864652 8.323805930347337
v -8.067156662089939 -4.200580885298605 8.296263312268307
v -8.113560464367986 -4.2365954304753 8.491294510311532
v -7.97412679848611 -4.236595426956483 8.410793353501461
v -8.01160486419892 -4.215339054141253 8.3127868112367
v -8.160616046639998 -4.215339057901738 8.398816647850492
v -7.857394838049289 -4.248519473976175 8.624009913335192
v -7.679123740451214 -4.255853873470914 8.932784535302346
v -8.001605332954403 -4.2485194776155835 8.707269874990779
v -7.823334235356328 -4.255853877110323 9.016044496957933
v -7.457814777041969 -4.263605978641513 9.31610456791367
v -7.243125103538094 -4.2616189805925355 9.687958018943517
v -7.6020245641012165 -4.263605982280904 9.399364120894285
v -7.387334890597341 -4.2616189842319265 9.771217571924133
v -7.084629677958069 -4.239825856935925 9.96248017086277
v -6.977833709990082 -4.196715071787613 10.147456229525156
v -7.2288398553934075 -4.239825860575286 10.045739047692111
v -7.122042716297147 -4.196715075427064 10.230717134808323
v -6.917920349047241 -4.132047715344596 10.251229225531178
v -6.8890482062629435 -4.048225772894099 10.301235616563577
v -7.062130526482579 -4.132047718983957 10.334488102360519
v -7.033258701168058 -4.048225776533508 10.384495578219164
v -6.876781735825119 -3.9444294557381525 10.322483407461174
v -6.882433600870667 -3.838923289946936 10.312694093904357
v -7.0209915228843665 -3.9444294593775435 10.40574296044179
v -7.026643387929914 -3.838924074338509 10.395953646884939
v -6.906969518942414 -3.7483290990262406 10.270196637888157
v -6.941763739933548 -3.67955771156816 10.209931277696924
v -7.051179696377751 -3.7483291026656023 10.353455514717497
v -7.085973917368886 -3.6795577152075207 10.293190154526265
v -6.998317908902762 -3.632446336352438 10.031459572662676
v -7.0028664200898385 -3.6397202119519463 9.983322023546997
v -7.000432896761713 -3.6267218638334535 10.088183663875562
v -7.1359266734008315 -3.62672186725284 10.166410124745541
v -7.1076632121288155 -3.6324463391119224 10.094589206528791
v -7.09477924447566 -3.639720995023712 10.036387913370415
v -7.121401153850136 -3.618386935635785 9.89879012861831
v -7.152611404856083 -3.6396023123144454 9.84473074837771
v -7.084373906105814 -3.6123802206469655 9.942793560307814
v -7.219867682744932 -3.612380224066353 10.021020021177794
v -7.2656113312854735 -3.6183869392751458 9.982049005447651
v -7.2968211190090155 -3.6396023159539137 9.92799206233585
v -7.1772129061111185 -3.67068834895455 9.802119693628395
v -7.192019407960472 -3.715975878150922 9.776475710892784
v -7.321423401016233 -3.6706883525939586 9.885379655283982
v -7.33622958539581 -3.7159758817902837 9.859734587722125
v -7.194692385961887 -3.7837248677899398 9.77184433916959
v -7.180174689513561 -3.8581309422104226 9.796989725706776
v -7.338903271243093 -3.7837248714293192 9.855103624673902
v -7.324384794042585 -3.8581309458498607 9.880250363513639
v -7.142770023601886 -3.923589207981796 9.861776509623002
v -7.092162375010071 -3.9694228782820113 9.949433167667811
v -7.286980518507001 -3.9235884308690228 9.945036471278623
v -7.236372552445409 -3.969422881921373 10.032692044497152
v -7.03993239629036 -3.984616710074305 10.039898150775945
v -6.998038868614551 -3.968224430808683 10.112458240810971
v -7.184141402597425 -3.9846167137137556 10.123159056059112
v -7.1422493635196656 -3.968224434448092 10.195718202466558
v -6.975667195591328 -3.921761089399041 10.151207120146028
v -6.969444527794418 -3.8524068735425665 10.161986735488737
v -7.1198780808725335 -3.9217610930384206 10.23446640565034
v -7.113653924477575 -3.852406877181987 10.245246964620629
v -6.979551364790497 -3.7697181899332115 10.14448118257699
v -7.005567661905643 -3.705121094680738 10.099417998809693
v -7.123760371097562 -3.769718193572662 10.227742087860157
v -7.149778156810758 -3.705122659824511 10.182677960465211
v -7.047970312910435 -3.683468491206823 10.02597444819671
v -7.085741859441337 -3.697522808375502 9.960553839583305
v -7.192180807815549 -3.683468494846232 10.109234409852297
v -7.229952036876676 -3.6975228120148635 10.043812716412646
v -7.098689536157963 -3.7340826994459 9.938126167648722
v -7.093989335115967 -3.7795174019054407 9.946268787998871
v -7.242899250310895 -3.7340827030853685 10.02138748160686
v -7.238199122175214 -3.7795174055448317 10.029528340979487
v -7.0708131698755 -3.8205209467546792 9.98640945031219
v -7.035753810612259 -3.8594761891542486 10.047135679500407
v -7.215023274404523 -3.820520169641936 10.069670088119086
v -7.179963597671506 -3.8594761927936396 10.130395232481023
v -3.3827336640920613 -3.6246957140577436 7.849330104549518
v -3.471090746262548 -3.624695716287592 7.900343085805526
v -3.670515817725179 -3.624694940568257 8.015481195650244
v -4.092076581996916 -3.6246957319592363 8.258868496144881
v -4.653651331506727 -3.6246957461316933 8.583096508635393
v -5.273124278761862 -3.6246965425173396 8.940748452471093
v -5.88549259870672 -3.6246949964671806 9.294299439667009
v -6.425755385947702 -3.624695790853857 9.606220281345118
v -6.831249349047897 -3.624695801087219 9.840332312106181
v -7.039311302219031 -3.624695806338033 9.960456927547057
v -7.148656605445084 -3.624695809097516 10.02358656141317
v -3.2311821453742953 -3.6406656154995147 7.985105056898725
v -3.3469760940074895 -3.6406663991739627 8.051958719175436
v -3.566976006111143 -3.64066562397395 8.178977520959986
v -3.995396039299009 -3.6406656347858135 8.42632412037052
v -4.556971959937093 -3.6406656489581817 8.750550104407203
v -5.176444516816137 -3.6406656645916753 9.108202724394213
v -5.788811770233629 -3.6406656800458927 9.461753997365246
v -6.329075624001977 -3.6406656936803747 9.773674553268204
v -6.743285589598653 -3.64066570413374 10.012819671565184
v -6.977495717201587 -3.640666490796592 10.148040039857989
v -7.121706212106702 -3.640665713683819 10.23130000151361
v -6.744056212087628 -3.6211184429108627 2.0150381025062316
v -6.835079358737943 -3.621118445207994 2.0675903366890687
v -7.036503133371349 -3.6211184502912817 2.1838823982587563
v -7.458729958950038 -3.6211184609468487 2.427653347863746
v -8.02030509883594 -3.6211184751192764 2.7518806842029804
v -8.639777655714985 -3.62111849075277 3.1095333041899913
v -9.252146080260749 -3.6211185062068987 3.463082548707199
v -9.792408762900825 -3.6211185198414695 3.7750051330639813
v -10.199920592786784 -3.6211185301256767 4.010280376597473
v -10.414034554163987 -3.6211185355292237 4.133899120336766
v -10.531449253252173 -3.621118538492393 4.201688523253084
v -9.130914377548214 -4.21448675667717 5.877324958360871
v -9.149913981897349 -4.229081355776956 5.8444166751377775
v -9.384124426970061 -4.2290813616876735 5.9796381282568625
v -9.365122553270693 -4.214485201083623 6.012548707410156
v -9.528334214029307 -4.2290813653270645 6.062897681237478
v -9.450654557102617 -4.214484422489837 6.061927022912281
v -8.176441234334465 -4.214485951837157 5.326259674537058
v -8.195440162532325 -4.229081331689109 5.2933510009378395
v -8.735703625924582 -4.22908134532362 5.605272232992073
v -8.716702460071083 -4.21448596547177 5.638183220820304
v -6.944600357510564 -4.214485920749459 4.6150560673542
v -6.9636000262966125 -4.229081300601508 4.582149624403737
v -7.583072518738743 -4.229081316234921 4.939800404118081
v -7.564072133637425 -4.214485936383011 4.97271003964376
v -5.960097899324414 -4.214486676655968 4.046653351779664
v -5.9772668240947695 -4.229081275709554 4.012688125290177
v -6.402024041221615 -4.229081286429059 4.257921800094389
v -6.383023656120297 -4.214485125824967 4.290831435620101
v -5.679906896062848 -4.214485888832667 3.884885013052699
v -5.667103049011227 -4.229081267882019 3.833615000013136
v -5.76825132753944 -4.229081270434596 3.8920111782920586
v -5.7565733226776095 -4.214485890767481 3.929148391695259
v -5.627945984827038 -4.2276665478928175 3.901437029928795
v -5.729093482603069 -4.227666550445455 3.9598345605102683
v -5.938109083759304 -4.227664994215972 4.080509764829815
v -6.362866977037426 -4.227666566439858 4.3257438300100475
v -6.9244422215242345 -4.227665019107845 4.649969423670708
v -7.543915454554554 -4.22766659624572 5.00762243403374
v -8.156283774499412 -4.227665050195561 5.361173421229658
v -8.696546561740394 -4.227666625334419 5.673094262907732
v -9.11075691771316 -4.227665855035573 5.91223870505347
v -9.344966654940004 -4.2276666416984545 6.04745974949755
v -9.48917714984512 -4.227666645337863 6.130719711153137
v -3.293416187577246 -3.8737892336849686 7.877314076874242
v -3.4092090696830732 -3.873789236607247 7.944168024926171
v -3.4450498889741876 -3.8339669688504676 7.882089901899555
v -3.329256226116178 -3.833966965928248 7.815237306150177
v -3.4709345564403513 -3.7881699957746644 7.837256341267889
v -3.355140607807157 -3.7881699928523984 7.770402678991143
v -3.6650505818300223 -3.8339661936503955 8.009107351381552
v -3.6909359254474623 -3.788170782078973 7.96427418112591
v -3.629210829066275 -3.8737892421593445 8.07118518863295
v -4.619204935612677 -3.873789267143648 8.642759410157904
v -5.238677882867811 -3.8737892827771123 9.000411353993638
v -5.274518311782835 -3.833967015020362 8.938333907118297
v -4.655045754903791 -3.8339662186346866 8.580681287131322
v -5.300402979248998 -3.788170041944559 8.893500346486631
v -4.680930031993864 -3.7881708070632767 8.535848402650863
v -5.886886631727693 -3.833966249722385 9.29188489431418
v -5.91277023266649 -3.7881708381509585 9.24705161945763
v -5.8510458124365785 -3.8737892982313467 9.353963017340762
v -6.3913085996775605 -3.873789311865841 9.665883859018905
v -6.427149418968675 -3.8339670441090616 9.603805735992289
v -6.453034086434839 -3.7881700710332584 9.558972175360623
v -6.841359774941441 -3.8339662738102156 9.842950178138027
v -6.867244052031514 -3.7881708622388057 9.798117293657569
v -6.805519346026418 -3.8737893223191477 9.905027625013334
v -3.4769080913848853 -3.7304279061977264 7.8269098769721115
v -3.361114428526877 -3.7304279032755066 7.760057281222734
v -3.4599826598081567 -3.6826400182989056 7.856224027240042
v -3.3441896731014236 -3.6826407961288847 7.789371821866721
v -3.69690878424072 -3.7304279117498362 7.953927326454075
v -3.6799843145904525 -3.6826408046032606 7.98324293362543
v -5.306376514193532 -3.730427952367621 8.883153882190854
v -4.686903671539304 -3.730427936734081 8.525500195676479
v -5.289451082616804 -3.6826400644688 8.912468032458785
v -4.669978421136854 -3.682640829587564 8.554817155150383
v -5.918744157987115 -3.730427967821809 9.236704479010612
v -5.901819688336847 -3.6826408606752334 9.266020086181966
v -6.459007621379373 -3.7304279814563204 9.548625711064846
v -6.442082475577829 -3.682640093557546 9.577940927860142
v -6.873217977352139 -3.7304279919096563 9.78777015321055
v -6.856292831550595 -3.682640884763064 9.817085370005813
v -3.417173913067815 -3.6667118962749177 7.930372519501033
v -3.301380640585897 -3.6667118933526686 7.8635192476003795
v -3.3703815875205976 -3.6906048684673776 8.011417648431957
v -3.2545883150386787 -3.6906048655451285 7.944564376531304
v -3.6371749962997413 -3.6667119018269974 8.057389292831722
v -3.590383632678984 -3.690605654771703 8.138435878666069
v -5.246643012027738 -3.666711942444829 8.986616915095867
v -4.627169493222234 -3.6667119268112716 8.6289628382054
v -5.199850400705335 -3.690604914637242 9.067660977499424
v -4.580377348849295 -3.690605679756036 8.7100107763423
v -5.8590103700461365 -3.66671195789897 9.340166445388258
v -5.812218330274103 -3.690605710843659 9.421212640846514
v -6.399273052686212 -3.666711971533541 9.652089029745042
v -6.35248179366636 -3.6906049437259885 9.733133872900781
v -6.81348418941116 -3.6667119819868175 9.891232119588196
v -6.766692149639127 -3.6906057349315065 9.972278315046452
v -3.3415108287334423 -3.7622861188593992 8.061424831718156
v -3.225716880100248 -3.7622861159371332 7.994571169441411
v -3.3305599986286145 -3.8518868015999583 8.080392223385692
v -3.214766335770605 -3.8518867986777394 8.013539627636316
v -3.561511521589277 -3.762286124411509 8.188442281200121
v -3.550560977259634 -3.8518868071521153 8.207410739395025
v -5.170979251542089 -3.762286165029294 9.117668836936899
v -4.551506694663046 -3.7622861493958 8.76001621694989
v -5.160028135662077 -3.8518868477698067 9.136635162077068
v -4.540554693429945 -3.851886832136448 8.778985637071253
v -5.783346895335672 -3.762286180483482 9.471219433756657
v -5.772395570253846 -3.8518868632241468 9.490189244254111
v -6.323609682576654 -3.7622861941179755 9.7831402754348
v -6.312659528623102 -3.8518868768585524 9.802108057478426
v -6.737820714700696 -3.7622862045713292 10.022285107956595
v -6.726869494219777 -3.8518868873119185 10.041253175775408
v -3.337528602229116 -3.929541974599127 8.068322243569922
v -3.2217353297471982 -3.929541971676878 8.001468971669269
v -3.3634125935440045 -3.983301054507545 8.023488288210432
v -3.2476193210620856 -3.983301051585296 7.956635016309779
v -3.5575296854610423 -3.9295419801512077 8.195339016900611
v -3.5834150290784814 -3.983303011940113 8.150505842293217
v -5.166996244285581 -3.9295420207690803 9.124567601091215
v -4.547524858534811 -3.9295412243833168 8.766912952650413
v -5.192881406728742 -3.9833011006774095 9.079731617277899
v -4.573408354872702 -3.9833010850440216 8.722081416120808
v -5.779364564230439 -3.9295412554711033 9.478118588287098
v -5.805248555545328 -3.9833011161317033 9.433284632927576
v -6.319627351471421 -3.9295420498577798 9.790039429965207
v -6.345512799689767 -3.983301129766156 9.745204512679257
v -6.73383848819637 -3.929541279558875 10.029182519808394
v -6.759722765286443 -3.9833011402195213 9.984349630976237
v -3.409209460059164 -4.001222046250009 7.944167343204629
v -3.2934157972011553 -4.00122204332779 7.877314747455252
v -3.463965562463758 -3.985293916839284 7.849326985223961
v -3.3481722899818402 -3.985292352412671 7.782473713323375
v -3.62921054329109 -4.00122205180209 8.071184116535317
v -3.683966931470869 -3.9852923608870467 7.976344825082084
v -5.238677882867811 -4.001222092419904 9.000411348423372
v -4.619205716364859 -4.001222076786381 8.642758052285087
v -5.29343330912113 -3.9852931822569797 8.905570600066646
v -4.673961038017271 -3.9852931666235323 8.547919046607003
v -5.8510465931887605 -4.00122210787408 9.353961659467945
v -5.9058023052172635 -3.9852924169590196 9.25912197763862
v -6.3913085996775605 -4.001222121508633 9.665883853448639
v -6.446065092458245 -3.985293211345696 9.571042819316729
v -6.805519736402509 -4.00122213196191 9.905026943291793
v -6.860276166841743 -3.9852924410468678 9.810187676237064
v -3.516730356428144 -3.937506023664259 7.757935676292938
v -3.400937083946226 -3.93750602074201 7.691082404392285
v -3.556553506824492 -3.8678168616354194 7.688958392730452
v -3.4407601297416672 -3.8678160779610637 7.622106863508476
v -3.7367310492839785 -3.937506029216369 7.884953125774903
v -3.776554771230696 -3.8678168671876216 7.815977975267149
v -5.346199455388066 -3.9375060698341704 8.814180071887773
v -4.7267262223577475 -3.93750605420066 8.456527061524671
v -5.386021539257047 -3.8678169078053433 8.74520307410047
v -4.766548487401007 -3.8678168921719553 8.387552872943377
v -5.9585667088055585 -3.9375060852883887 9.167731344858804
v -5.998389754600999 -3.867816923259624 9.09875580397496
v -6.498829886422631 -3.937506098922853 9.479651510385672
v -6.538652932218072 -3.867816936894089 9.410675969501828
v -6.913040242395398 -3.937506109376189 9.718795952531377
v -6.9528628978147475 -3.867816947347454 9.649821087798808
v -3.572482308240888 -3.786179070022331 7.661370462326595
v -3.45668903575897 -3.7861790671000817 7.594517190425941
v -3.5694959311447123 -3.710515985914057 7.666543022892538
v -3.4537026586627944 -3.710515982991808 7.599689750991885
v -3.792482610720632 -3.786180637078834 7.788388587959766
v -3.7894973001518233 -3.710516772218366 7.79356086275056
v -5.401950731049535 -3.7861791161922254 8.717614467545337
v -4.782477498019215 -3.786179881310897 8.359961457182202
v -5.398963677802084 -3.7105160320839348 8.72278663773519
v -4.779491406698225 -3.7105167972026702 8.365135084275513
v -6.014318660618303 -3.7861799123986417 9.071166130892427
v -6.011332283522126 -3.710516828290369 9.076338691458371
v -6.554581838235375 -3.786179145280925 9.383086296419329
v -6.551595070763108 -3.7105160611726813 9.388259533136548
v -6.968792194208142 -3.786179936486443 9.622230738565
v -6.965805817111966 -3.710516852378169 9.627403299130943
v -3.5525707853431676 -3.658747823391411 7.695858239861819
v -3.4367775128612497 -3.658747820469162 7.629004967961166
v -3.5256443086910227 -3.6247226453380987 7.742494709058649
v -3.409850931608198 -3.624722642415926 7.675643179836637
v -3.7725722589511843 -3.6587478289434623 7.822874337041231
v -3.7456459634733186 -3.6247234316424537 7.869513615444037
v -5.382038817775724 -3.658747869561336 8.752102921231836
v -4.762567432024953 -3.6587478539277534 8.394448272791
v -5.355112341123579 -3.6247226915080226 8.798739390428667
v -4.735639679643629 -3.6247226758746054 8.441088513120299
v -5.9944076326975795 -3.658747885015435 9.105651489597767
v -5.967480946843621 -3.6247234877144567 9.152291444151848
v -6.534669924961564 -3.6587478986500352 9.417574750105828
v -6.507743734084603 -3.624722720596769 9.464212285830024
v -6.948881452062603 -3.6587479091032824 9.656717163797705
v -6.921954480433461 -3.624723511802257 9.70335605182442
v -3.492652635286329 -3.602297493288356 7.799641092002613
v -3.3768586866531356 -3.602297490366089 7.732787429725867
v -3.4685545086355187 -3.595729027697857 7.857217054308695
v -3.3596207908449145 -3.595729805700903 7.794324147851238
v -3.7126526519908882 -3.602297498840448 7.926658151108484
v -3.6834120568132374 -3.59572903312017 7.981265108054441
v -5.322121058094976 -3.6022975394582497 8.855885097221355
v -4.70264827987766 -3.60229752382479 8.498233250979641
v -5.291164833656309 -3.5957290736945966 8.909499732157748
v -4.671692172176359 -3.5957290580611785 8.55184885484938
v -5.934488701888559 -3.602297554912438 9.209435694041112
v -5.90353265862417 -3.5957290891489073 9.263053138183514
v -6.474752165280816 -3.602297568546949 9.521356926095345
v -6.443795836241242 -3.5957291027833715 9.574973303710381
v -6.888961845102307 -3.6022975790002683 9.76050097786496
v -6.855827463766095 -3.595729113181723 9.81285985649685
v -3.3902554699993113 -3.622826595533975 7.8996592197544935
v -3.4648960950918175 -3.6228265974177036 7.942753902967727
v -3.4312501335430126 -3.6162319752748937 7.969349056912945
v -3.342893051372526 -3.6162311922928634 7.9183360756569705
v -3.3850796083440766 -3.6101354732801614 8.001799833250503
v -3.2761458905534724 -3.6101354705310253 7.938906926793081
v -3.6306752050056437 -3.6162311995555587 8.084487166757663
v -3.5999371565217952 -3.6101354787024746 8.125847886996251
v -3.654033915271757 -3.6228266021908935 8.051951764436518
v -4.633740198985098 -3.6228266269154474 8.617583604530845
v -5.253211298960684 -3.6228266425489837 8.975237186444316
v -5.233284056418417 -3.616231240000247 9.009753747427302
v -4.613810823388097 -3.6162312243667367 8.652100737064202
v -5.2076891526126845 -3.6101355192769597 9.054083863402107
v -4.5882164911327346 -3.6101347228913605 8.696432986093775
v -5.845651700212 -3.6162312554544354 9.36330434424706
v -5.820057472557543 -3.6101347539789828 9.40763485059799
v -5.865580295056818 -3.6228266580032056 9.328788564016255
v -6.405842301545618 -3.6228266716377586 9.640710757996949
v -6.385915163604257 -3.6162312690889467 9.675225576301294
v -6.3603209359498 -3.610135548365676 9.71955608265219
v -6.791409126704452 -3.6162312793223084 9.909337607062357
v -6.772351782722471 -3.610134778011905 9.957443987741245
v -6.806979546242712 -3.622826681761093 9.872305633338483
v -3.190519010231016 -3.666283659174143 8.055535677254145
v -3.306312282712935 -3.66628288134421 8.122388949154834
v -3.2698299709033947 -3.7383927652604276 8.185579729994625
v -3.1540360222702004 -3.7383919815859796 8.118726067717915
v -3.243945017662046 -3.8339677648283024 8.230412221923057
v -3.1281517451801273 -3.8339669811538712 8.163558950022438
v -3.48983105413532 -3.7383927708125073 8.312596503325313
v -3.463946672444342 -3.833966989628294 8.357431128308512
v -3.526314718247412 -3.666282886896324 8.249406503237704
v -4.516309605545995 -3.666283692632751 8.820979372460073
v -5.135781095897673 -3.666282927514075 9.1786322782223
v -5.099298393712042 -3.73839203067814 9.241823735213401
v -4.479825941433904 -3.73839201504457 8.884169372547749
v -5.073413440470693 -3.833967030246015 9.286656227141833
v -4.453941624179837 -3.833967014612619 8.92900583780358
v -5.711667494409082 -3.7383920461322857 9.595373370106698
v -5.685781655814645 -3.8339670457002963 9.640208957016323
v -5.748149701617716 -3.6662829429683264 9.532184331945516
v -6.288412488858698 -3.6662829566028208 9.844105173623658
v -6.251929500897882 -3.7383920597668396 9.907295564087393
v -6.226045223807809 -3.8339662785825492 9.95212844639195
v -6.6661406376228305 -3.738392070220116 10.146438653930545
v -6.640254799028393 -3.8339662890359447 10.191274240840205
v -6.702622844831464 -3.6662829670561567 10.083249615769363
v -3.2379721588687875 -3.945470888153884 8.240759074244954
v -3.1221788863868696 -3.945470885231635 8.1739058023443
v -3.2509146877899147 -4.054983091983189 8.218341950065629
v -3.1351214153079967 -4.05498308906094 8.151488678164975
v -3.4579732421007137 -3.9454708937059646 8.367775847575643
v -3.470916732948301 -4.054983097535333 8.345360180299775
v -5.067440581677435 -3.9454709343237786 9.297003079463696
v -4.447968805550573 -3.9454709186902264 8.939349107174134
v -5.080383110598562 -4.054983138153084 9.27458595528437
v -4.460910553719518 -4.05498312251959 8.916933335297362
v -5.679808615847109 -3.9454709497779374 9.650553000132179
v -5.69275143054342 -4.054983153607289 9.62813694248022
v -6.220071688863275 -3.945470963412478 9.962474908337688
v -6.233014217784402 -4.054983167241783 9.940057784158363
v -6.634282435212133 -3.9454709738657847 10.201618674332117
v -6.6472245737571685 -4.054983177695119 10.179202226304067
v -3.2817770407924636 -4.14458416193415 8.164886778599907
v -3.1659837683105456 -4.144584159011901 8.098033506699254
v -3.3444979865818 -4.212282007759065 8.056250902487054
v -3.2287043237237913 -4.212282004836845 7.989398306737677
v -3.5017777336482983 -4.14458416748626 8.291904228081872
v -3.5644989652128203 -4.212282013311221 8.183269418496385
v -5.111246139752386 -4.144584208104061 9.221131174194742
v -4.491772906722067 -4.144584192470551 8.86347816383164
v -5.1739657332391715 -4.212282053928942 9.112494517329706
v -4.554492681383131 -4.2122820382955535 8.754844316172614
v -5.723613783545969 -4.144584223558249 9.574681771014498
v -5.7863335582070325 -4.212282069383252 9.466047923355472
v -6.263876570786951 -4.144584237192744 9.886602612692641
v -6.326597516576287 -4.212282083017659 9.777966736579788
v -6.678086926759717 -4.14458424764608 10.125747054838346
v -6.740807482172963 -4.212282093471024 10.017111854876768
v -3.453014341982839 -4.256087271843019 7.868295045122588
v -3.3372203933496447 -4.256087268920753 7.801441382845844
v -3.612303897132872 -4.27799009112101 7.592395858825258
v -3.4965113008022293 -4.277990088198778 7.525542977300695
v -3.673014644462583 -4.256087277395158 7.9953131707558285
v -3.832305942291258 -4.277990096673154 7.719414089059404
v -5.2824823744153955 -4.256087318012943 8.924539726492606
v -4.663009531761166 -4.256087302379403 8.566886039978229
v -5.441772319941519 -4.277990137290905 8.648639864044
v -4.8223000488376595 -4.277990121657457 8.290988310584357
v -5.894850018208978 -4.256087333467131 9.278090323312364
v -6.054140639886377 -4.27799015274511 9.002190851239849
v -6.435113481601236 -4.2560873471016425 9.590011555366598
v -6.5944041032786345 -4.277990166379621 9.314112083294082
v -6.849324227950093 -4.256087357554949 9.829155321361027
v -7.008614459251401 -4.277990176832957 9.553256525439787
v -3.827347146774289 -4.279980212152013 7.219931557418189
v -3.711553198141095 -4.279980209229747 7.153077895141443
v -4.048759877317426 -4.272224203212721 6.836433429545242
v -3.9329666048355083 -4.272224200290472 6.769580157644588
v -4.047347839630124 -4.279980998456305 7.346949006900118
v -4.268761246324537 -4.27222498951703 6.9634512694032615
v -5.656815569582936 -4.279980258321908 8.276175562636931
v -5.037342336552617 -4.2799810234405795 7.918522552273796
v -5.8782280143508885 -4.272224249382569 7.892676368236618
v -5.25875574324703 -4.272225014501304 7.535024814776939
v -6.269183213376519 -4.279981054528278 8.629726159456656
v -6.4905966200709315 -4.2722250455890025 8.246228421959797
v -6.809446000617501 -4.27998028741059 8.941647001134832
v -7.0308594073119135 -4.272224278471315 8.558149263637976
v -7.223657032741543 -4.279981078616125 9.180791833656594
v -7.44506976328468 -4.272225069676833 8.797293705783645
v -4.227160865552899 -4.264884728819032 6.527435391882165
v -4.111366916919706 -4.264884725896765 6.460581729605421
v -4.35439160053539 -4.252887681660129 6.318561074651827
v -4.24357852027416 -4.252886898111381 6.254583117849492
v -4.447161558408735 -4.264884734371141 6.6544528413641295
v -4.570659209897992 -4.252886906365884 6.443424129074716
v -6.056629288361546 -4.264884774988926 7.583679397100909
v -5.4371560553312275 -4.264884759355415 7.226026386737807
v -6.178880845350263 -4.252887727704365 7.37193035033642
v -5.5594094194354975 -4.2528869313187565 7.014279284846925
v -6.668996932155129 -4.264884790443114 7.937229993920665
v -6.791249451070305 -4.252886962406434 7.725482404059669
v -7.209259719396111 -4.264884804077608 8.249150835598808
v -7.331512238311287 -4.25288775679311 8.037403245737778
v -7.6234700753688776 -4.264884814530944 8.488295277744513
v -7.744529028285739 -4.252886986464103 8.275857680751047
v -4.439121607227323 -4.217881090956347 6.201448771404394
v -4.451183027156827 -4.217880310508634 6.208414237982433
v -4.461354466602322 -4.231245224584843 6.167798166462507
v -4.365479258398053 -4.231245222165261 6.112444593450633
v -4.5015815253181435 -4.253019617635222 6.063623749979083
v -4.390767768905637 -4.25301961483864 5.999645402800624
v -4.666415830497739 -4.2312452297600105 6.286192194080439
v -4.717848848905561 -4.253018842340932 6.188485737874604
v -4.648777523641583 -4.217881876999568 6.322493661882014
v -5.631302577422139 -4.217881901795338 6.8897547225783775
v -6.250774353549001 -4.217880355924526 7.247408694868007
v -6.270905163208958 -4.231245270252077 7.212542667980518
v -5.651430473275182 -4.231245254618609 6.854890619543877
v -6.32607009398174 -4.253020444431623 7.11699263528755
v -5.706598382291791 -4.253019648045969 6.759340503270689
v -6.883272026250359 -4.231245285706325 7.566094617102825
v -6.938438413926598 -4.253019679133646 7.470543622483433
v -6.863142778094765 -4.21788193288302 7.600957939385145
v -7.403405460734841 -4.217880385013226 7.912880523741999
v -7.423535594243523 -4.23124529934076 7.8780141064784175
v -7.478701877318856 -4.25302047352034 7.782464854537633
v -7.832967949404475 -4.231245309673593 8.114401771851206
v -7.891717600765941 -4.253019703191344 8.020919575326086
v -7.810451464651343 -4.217881956790042 8.147886822547227
v -4.668277448345182 -4.268471849633102 5.495984319628064
v -4.7840707208271 -4.2684718525553516 5.562837591528718
v -4.957427373815533 -4.264882721649772 5.262575037806819
v -4.841634101333615 -4.264882718727523 5.195721765906166
v -5.10158851161575 -4.254942564857403 5.024944788014343
v -4.991019964641568 -4.25494256206693 4.9611062094902305
v -5.177427285919186 -4.264883898330214 5.389593839591285
v -5.31767259820747 -4.2549425703106705 5.14970098398917
v -5.004072089834211 -4.268471858107478 5.689855431386773
v -5.994065806004522 -4.268471883091812 6.261430329063002
v -6.613538467484472 -4.268471898725229 6.619081206371369
v -6.78689579662418 -4.264882767819667 6.318819043025561
v -6.1674225635938615 -4.264883923314429 5.961166032662408
v -6.925832989668843 -4.254942610895462 6.078172747553992
v -6.306361277978894 -4.254941814509808 5.720520615537133
v -7.3992641165690385 -4.264883954402144 6.672370030221359
v -7.538201309613701 -4.254942626349667 6.431723734749841
v -7.225907463580605 -4.268471914179451 6.972632583943309
v -7.766170250821587 -4.268471927813946 7.284553425621452
v -7.9395261230578384 -4.2648827969084255 6.984292224202106
v -8.0784633161025 -4.254942639984221 6.743645928730535
v -8.353737259782786 -4.264883978489975 7.223435314045206
v -8.490836653578278 -4.254942650391196 6.981729767833995
v -8.180380606794353 -4.2684719382672816 7.523697867767156
v -5.199580232204434 -4.229612615964749 4.891071062381192
v -5.210175522693631 -4.22961261623214 4.897188255727215
v -5.225011511844632 -4.237023123389736 4.8473631982247944
v -5.130114694536206 -4.237023120994846 4.792574499416601
v -5.257573428554532 -4.247416492389275 4.754770966230282
v -5.14700488158035 -4.247416489598802 4.6909323877061695
v -5.42933992775726 -4.237023128546406 4.965334058160078
v -5.473656838994977 -4.247417278594707 4.879526771828983
v -5.40666880222511 -4.2296118404388166 5.010633694841342
v -6.388828227203366 -4.22961264597754 5.577683659666462
v -7.00829926274204 -4.229612661610996 5.935335401307267
v -7.033583817555424 -4.2370231690322795 5.891542825539121
v -6.414111260676381 -4.237023153398786 5.533890205552112
v -7.081817230456349 -4.247416538427317 5.807998535393841
v -6.462346975669858 -4.247416522793802 5.450345441450484
v -7.645950680596825 -4.237023184486526 6.24509477466143
v -7.694187007304665 -4.247417334633662 6.161548560663196
v -7.620668258838173 -4.229611896313036 6.28888677887924
v -8.160931046079154 -4.229612690699712 6.600807620557349
v -8.186214924741265 -4.237023198120979 6.557014654413113
v -8.234448233041283 -4.247416567516092 6.473472106946474
v -8.593075749822612 -4.237023208388915 6.791917646316298
v -8.646822413610693 -4.247417358675113 6.711552826670202
v -8.56411793876743 -4.229611920122669 6.833587663697436
v -5.342383566802976 -4.245221388992215 4.328398184062953
v -5.458176839284894 -4.245221391914464 4.3952514559636064
v -5.577023717182156 -4.253977909013823 4.189402608924047
v -5.461230444700238 -4.253977906091574 4.122549337023393
v -5.675996075109479 -4.258296632585035 4.026434551697918
v -5.563861690654751 -4.258297410507385 3.961695542692336
v -5.7970244100379915 -4.253977914565933 4.31642005840601
v -5.893250136882779 -4.258297418820089 4.1518680361768325
v -5.678177427539823 -4.245221397466651 4.522270648124213
v -6.668173550403592 -4.245221422450887 5.093843329165452
v -7.287645262093541 -4.245220657332177 5.4514954611823825
v -7.406492139990803 -4.253977955183718 5.245646614142789
v -6.787020363863942 -4.253977939550166 4.887992641853229
v -7.501801786458012 -4.258296678662494 5.080563889631694
v -6.88232834422588 -4.258297443781317 4.722914364625844
v -8.018859783784386 -4.253977970637906 5.599197210962547
v -8.114169325650687 -4.25829747486894 5.43411622913006
v -7.900012801286217 -4.2452214535386235 5.805047800680748
v -8.440275588527198 -4.245220686420936 6.116968642358925
v -8.559123247176643 -4.253977984272417 5.911118443016781
v -8.654432893643852 -4.258296707751192 5.746035718505686
v -8.97333360314941 -4.253977994725753 6.150262885162485
v -9.068643145015711 -4.258297498956788 5.985181903329998
v -8.854485944499965 -4.245221477626454 6.356113084504596
v -5.69405771114349 -4.262294071070062 3.7361933065209136
v -5.806189729068753 -4.262294073899834 3.800930949210141
v -5.922667392669675 -4.26328054509363 3.5907301552550877
v -5.806872558683393 -4.263280542171499 3.5238795879595344
v -6.066631953615186 -4.2561901332530585 3.3413746408526848
v -5.9508393572845435 -4.256190130330826 3.2745217593281204
v -6.142668085525511 -4.263279769893558 3.7177476047370845
v -6.286634779525754 -4.256190138805143 3.46839151878428
v -6.02344524774551 -4.262294860134845 3.9263634717625955
v -7.01252267433643 -4.262294885096133 4.497411152514159
v -7.631996116568562 -4.26229411997731 4.855060677520008
v -7.752135034726139 -4.263280591263583 4.646975512776381
v -7.13266180169582 -4.26327979487789 4.289322502413313
v -7.8961010525751085 -4.25619017942297 4.397619036447518
v -7.27662860029697 -4.256190944541582 4.0399646737818316
v -8.364502678519722 -4.263279825965589 5.000526109596173
v -8.508469477120872 -4.256190194877099 4.751168280964725
v -8.244363655761237 -4.262294916183756 5.208613017018376
v -8.784627899905677 -4.262294149066026 5.52053289677009
v -8.90476614191198 -4.263280620352282 5.312447341650373
v -9.048732159760949 -4.256190208511669 5.063090865321509
v -9.318976497884746 -4.263279850053436 5.551591783796111
v -9.462942578075166 -4.256190218964927 5.302233540390066
v -9.198837475126261 -4.2622949402716035 5.759678691218314
v -6.189210722341533 -4.249305841607799 3.129063530980382
v -6.073416669107434 -4.2493058386856095 3.0622116113822777
v -6.281729804626462 -4.237496567850222 2.977418096528588
v -6.169663349102017 -4.237496565021868 2.9127128970962133
v -6.409209958293912 -4.249305847159952 3.256081942388807
v -6.498938773466106 -4.237496573331798 3.1028219404521558
v -8.018678364398 -4.249305887777753 4.185308888501675
v -7.399205807518956 -4.24930587214426 3.827656268514666
v -8.107473414658543 -4.237496613926035 4.031509777183349
v -7.488001638531681 -4.237496598292482 3.673855804893787
v -8.631046008191582 -4.249305903231941 4.538859485321433
v -8.71984095385122 -4.237496629380299 4.38506211668175
v -9.17131025233602 -4.249305916866393 4.850779365073114
v -9.260105978747841 -4.237496643014692 4.69698064413088
v -9.585520608308787 -4.249305927319729 5.089923807218819
v -9.672075907468793 -4.237496653411487 4.934831575099045
v -6.3136056229801145 -4.20221202888591 2.8492392303183713
v -6.363830815885541 -4.202212030153432 2.8782367567341964
v -6.379873790014264 -4.215751442150807 2.833239385380022
v -6.278982891647335 -4.215751439604645 2.774990002525083
v -6.418936850835797 -4.237679643848908 2.7397685030681274
v -6.306870290710446 -4.23767964102063 2.6750650463143977
v -6.588697935758588 -4.215751447420935 2.9538058559443847
v -6.636144258171077 -4.2376804300827855 2.8651750515967684
v -6.5670682374420135 -4.202212035282333 2.9955723216226744
v -7.5514743440713845 -4.202212060125574 3.5639194086042068
v -8.170946120198247 -4.202211295006945 3.9215733808938023
v -8.19443983870792 -4.215751487944613 3.880879501553048
v -7.574967281828876 -4.215751472311119 3.523226881566039
v -8.244679680115697 -4.23767968992478 3.7938615360254424
v -7.625206237883565 -4.237679674291422 3.4362120110196273
v -8.806808158652778 -4.215751503398818 4.234430488748897
v -8.857047895459647 -4.237679705379062 4.1474142658999344
v -8.783315220895286 -4.202212091213273 4.2751230157870665
v -9.323577903535362 -4.202211324095662 4.587045600143885
v -9.347071622045036 -4.215751517033329 4.5463517208031305
v -9.397311463452812 -4.237679719013497 4.459333755275525
v -9.75232026901054 -4.2157515272605 4.780322118238676
v -9.809280611421581 -4.237680510162533 4.697186038546208
v -9.724347195160146 -4.202212114961891 4.818428037696362
v -6.524258893598553 -4.254421683224784 2.281329912138272
v -6.6400507091770145 -4.254421686147075 2.348184145965387
v -6.758293961036678 -4.256087021599125 2.143382371786565
v -6.642499907802579 -4.2560870186769355 2.076530452188461
v -6.860837171869274 -4.2441399439464735 1.965772307527601
v -6.745043118635174 -4.244139941024284 1.898920387929497
v -6.9782946538925135 -4.256086246399053 2.2703998212685654
v -7.080838540876385 -4.244139168746418 2.0927901473856885
v -6.86005499199104 -4.254421691699117 2.475200061970522
v -7.850048812762258 -4.254421716683375 3.0467732169681057
v -8.469519027384754 -4.254421732317046 3.4044298938627726
v -8.58776170769405 -4.256087067769003 3.1996259866292185
v -7.968289150815005 -4.256086271383327 2.841973366642243
v -8.690304918526646 -4.244139990116351 3.022015922370251
v -8.070833142399783 -4.244139974482799 2.664361950080689
v -9.200130027638908 -4.256086302471026 3.553176973825103
v -9.30267391462278 -4.244139224818391 3.375567299942226
v -9.08188968958616 -4.254421747771073 3.7579768241509655
v -9.622150134570594 -4.254421761405745 4.069901722736763
v -9.740393491031165 -4.256087096857719 3.865098205879299
v -9.842937482615943 -4.244140019205009 3.6874867893177807
v -10.154603128593202 -4.256086326558854 4.104242233250442
v -10.257147057836528 -4.2441392489062215 3.9266325837660716
v -10.036362832799908 -4.254421771858904 4.309042107974813
v -6.937496886363979 -4.208299118851425 1.832993778492753
v -6.821703613882061 -4.208299115929176 1.766140506592098
v -6.991256463209149 -4.144583100335896 1.739877894129009
v -6.875463866878507 -4.144583097413664 1.6730250126044446
v -7.1574960177154505 -4.208299124403653 1.9600139325798196
v -7.211258612968441 -4.144583105887963 1.8668943816845136
v -8.766964528420445 -4.208299165021379 2.8892391360140444
v -8.147492035978313 -4.208299149387965 2.5315883562997
v -8.820724781416889 -4.144583146505866 2.7961236420263944
v -8.201253005290027 -4.14458195974404 2.4384696697368824
v -9.379331391461845 -4.208299180475626 3.242791085136357
v -9.433093986714836 -4.144583161959936 3.149671534241051
v -9.91959574020719 -4.208299194110001 3.554709222209393
v -9.973356669354912 -4.144583175594507 3.4615941185978336
v -10.333805210826869 -4.208299204563473 3.7938567593362933
v -10.387566306916948 -4.144583186047824 3.7007381459689412
v -7.025105974060056 -4.049008880917134 1.6812488211964016
v -6.90931259697723 -4.049008877994961 1.614397291974388
v -7.03904229590797 -3.937505756988772 1.6571119682088415
v -6.9232505849304165 -3.9375057540664047 1.5902559917030814
v -7.245107343067167 -4.049009667221442 1.8082666610544216
v -7.2590460071716265 -3.937505762540721 1.784125751159241
v -8.85457361611652 -4.049008927087088 2.7374941787176965
v -8.235101735388751 -4.049008911453611 2.379841949106776
v -8.868511499468799 -3.937505803158607 2.7133546211250312
v -8.249040504094118 -3.9375057875249952 2.3556992965329187
v -9.466942716813561 -4.049008942541233 3.0910438136109946
v -9.48088138091802 -3.937505037860512 3.0669029037158104
v -10.007205399453635 -4.049008956175804 3.402966397967777
v -10.021142606654639 -3.9375058322473064 3.3788264499990213
v -10.421415817767855 -4.049008966629062 3.642109073036334
v -10.43535452413177 -3.9375050619483423 3.6179681875396597
v -7.033069646316525 -3.8260026345675886 1.6674553449213647
v -6.917277049985882 -3.8260018508931743 1.6006024633968359
v -7.010171070171353 -3.7244544941245525 1.7071152882077172
v -6.894379149991986 -3.724453710450155 1.640262797059279
v -7.2530709107227285 -3.8260026401197917 1.7944749274580616
v -7.230173791481015 -3.724453718924531 1.8341339088179893
v -8.862537964524265 -3.8260026807375596 2.72370109281875
v -8.24306540764522 -3.826001884351884 2.366048472831771
v -8.839640169131275 -3.724454540294464 2.763359683802552
v -8.220168288403507 -3.7244537439088052 2.405707454191667
v -9.474906284469123 -3.8260019154395826 3.077252080014631
v -9.452008489076134 -3.724453774996487 3.116910670998436
v -10.015169071710105 -3.826002709826259 3.38917292169274
v -9.992271952468391 -3.7244545693831803 3.4288319030526324
v -10.429379427682871 -3.826001939527413 3.6283173638384802
v -10.406481590030427 -3.7244537990843156 3.6679759304237756
v -6.973336534526821 -3.642817487258446 1.770917706897265
v -6.857543262044903 -3.642817484336197 1.70406443499661
v -6.927101171060558 -3.590274040038155 1.850999713977643
v -6.81130789857864 -3.590273256363724 1.7841464420770201
v -7.193337122781751 -3.6428182735628134 1.8979368990578358
v -7.147103320819852 -3.59027326483804 1.9780162015331761
v -8.802804281184192 -3.6428175334283237 2.827161321739915
v -8.183330943552967 -3.6428182985470707 2.469510054055423
v -8.75656891771793 -3.5902740862080327 2.907243328820293
v -8.13709792234325 -3.590273289822239 2.5495880042282124
v -9.415171715775962 -3.6428183296348458 3.180715403916924
v -9.368938694566246 -3.590273320910013 3.2607933540897136
v -9.955435388370033 -3.6428175625170223 3.492633150613905
v -9.909200805655953 -3.5902741152966717 3.5727138053917322
v -10.36964485898971 -3.642818353722676 3.7317806877407698
v -10.323411837779995 -3.5902733449978435 3.811858637913561
v -6.876008643669124 -3.5760038458998267 1.9394961362351317
v -6.760213914283749 -3.5760038429776193 1.872643826260937
v -6.838239909292218 -3.5859244769849967 2.0192122048160357
v -6.7286391682682005 -3.585924474219027 1.955934192344838
v -7.096007879621503 -3.5760038514519783 2.0665145476435534
v -7.053598928241726 -3.5859244824198866 2.1435479797546186
v -8.705476390326496 -3.5760038920697035 2.9957397510777817
v -8.086003117132183 -3.5760038764363493 2.6380903236659883
v -8.661516138718602 -3.58592452299862 3.0718811457933697
v -8.042044362591739 -3.5859245073650676 2.714227173503808
v -9.317843253367897 -3.576003907523951 3.349291700200091
v -9.273885239415641 -3.5859245384527663 3.4254307806866677
v -9.858107497512336 -3.576003921158403 3.6612115799517717
v -9.814147245904442 -3.5859245520873193 3.7373529746673597
v -10.272316291980738 -3.576003931611857 3.9003587267025797
v -10.22668372495746 -3.5859245624983336 3.97552920052712
v -6.648640072090146 -3.620439972738013 2.0944982621280417
v -6.758241022315975 -3.620439975503831 2.157772789241953
v -6.726436149002071 -3.6985694577641057 2.1985617494584346
v -6.610642095767972 -3.698569454841916 2.1317098298603305
v -6.707520970489499 -3.8060915266933657 2.231322235989463
v -6.591726812654493 -3.8060915237712525 2.1644720590700004
v -6.946438298761365 -3.6985706344444464 2.3255782370138895
v -6.9275214541435215 -3.8060915322456284 2.358343170828711
v -6.973597699008939 -3.6204399809388974 2.282112621088192
v -7.962043809510228 -3.6204400058840953 2.852792205213472
v -8.581517251742358 -3.620440021517454 3.210441730219287
v -8.555903895659442 -3.6985695039339834 3.254805364301088
v -7.936432119532581 -3.6985706594287038 2.8971513920114766
v -8.536989288697239 -3.8060915728633367 3.287567983886845
v -7.917516731818195 -3.806091557229843 2.929915363899834
v -9.168272996356484 -3.6985706905164024 3.6083549991943364
v -9.14935615173864 -3.8060915883175843 3.6411199330091577
v -9.193884010182854 -3.620439256219595 3.563995422020273
v -9.734148254327293 -3.6204400506062298 3.8759153017719203
v -9.708535678996558 -3.6985687522705177 3.9202775835512043
v -9.689620395883079 -3.806091601952036 3.953039812760837
v -10.122746815721507 -3.6985707146042497 4.159420673394273
v -10.103829971103664 -3.8060916124054316 4.192185607209094
v -10.14668317187595 -3.6204392802651792 4.114094232236818
v -6.706523949953075 -3.9056475797530883 2.233049121995702
v -6.590731353622433 -3.905647576830856 2.1661962404711375
v -6.727431608034131 -3.987283807073047 2.196837551085462
v -6.61163755480003 -3.9872838041508567 2.129985631487358
v -6.926526099712369 -3.9056475853051555 2.360065609551203
v -6.947432977041242 -3.987283812625174 2.3238553909435176
v -8.535992268160816 -3.9056476259230584 3.2892948698930837
v -7.916521272786137 -3.9056476102894466 2.931639545300971
v -8.556900030842778 -3.9872838532429418 3.253081556304206
v -7.937427578564639 -3.9872838376093718 2.895427193638554
v -9.148361473458763 -3.9056476413771284 3.6428427621077404
v -9.169268350787636 -3.987283868697147 3.606632543500055
v -9.68862493685102 -3.9056468742594577 3.954763994162006
v -9.709531138028618 -3.987283882331641 3.918553385178196
v -10.102834574413057 -3.905647665464957 4.19390802153308
v -10.123741494001385 -3.987283892784977 4.157697827323901
v -6.774222867053982 -4.04104483727909 2.115792704535359
v -6.6584303753242455 -4.041044834356782 2.048938080332153
v -6.835947677659984 -4.062946883191562 2.00888062580108
v -6.720155081329342 -4.06294688026933 1.9420277442765155
v -6.994223559909818 -4.0410448428312 2.24281015401732
v -7.055949618217465 -4.062946888743781 2.1359005987138673
v -8.603690613711354 -4.041044883448968 3.172036319378009
v -7.98421805683231 -4.041044867815474 2.814383699390998
v -8.665415995867725 -4.062946929361532 3.0651263736984653
v -8.04594656199741 -4.062946913727802 2.7074683445012475
v -9.216058933656212 -4.041044898903173 3.5255873065738577
v -9.27778442041349 -4.062946944815661 3.418675618215673
v -9.75632239704847 -4.041044912537684 3.837508538628091
v -9.818047103053566 -4.062946958450231 3.7305982025724553
v -10.170532753021236 -4.04104492299102 4.076652980773796
v -10.232258239778513 -4.062946968903509 3.969741292415609
v -6.901656457448956 -4.049008890263608 1.895071234071576
v -6.785862404214855 -4.049008887341419 1.828219314473472
v -6.953424440078733 -4.007195703236724 1.805403329880079
v -6.837631739147183 -4.0071957003145675 1.738552191034156
v -7.121654808048245 -4.049008895815896 2.0220927404611935
v -7.173427161388394 -4.007195708788885 1.9324219504903155
v -8.73112409950542 -4.049008936433562 2.951316591592871
v -8.11165008572292 -4.0490089208001105 2.5936649335323203
v -8.782892758286472 -4.007195749406694 2.8616490777774644
v -8.163421658310886 -4.007195733773159 2.503995495863993
v -9.343490181794639 -4.049008951887869 3.304869893017731
v -9.395261858983513 -4.007195764860841 3.2151987126707624
v -9.883755987443443 -4.049008965522202 3.61678706816431
v -9.935523865472312 -4.007195778495393 3.5271209066514544
v -10.297964001159663 -4.049008975975716 3.855935567217669
v -10.349735678348537 -4.007195788948688 3.7662643868706986
v -6.97333575377464 -3.94547060534818 1.7709190459704267
v -6.857541700540539 -3.9454706024259902 1.7040671263723226
v -6.96835778246307 -3.873788967142766 1.779539587491982
v -6.852565186132427 -3.873788964220534 1.7126867059674176
v -7.193338008134839 -3.9454706109001716 1.8979337908472864
v -7.188359151470181 -3.873789753447075 1.9065574273500019
v -8.802803500432011 -3.9454706515180575 2.8271626608130767
v -8.183333181208607 -3.9454706358844627 2.4695077265970546
v -8.797826205271717 -3.8737890133126607 2.835783592710726
v -8.178354324543948 -3.873788997679184 2.4781313630998056
v -9.415173381881234 -3.9454706669721444 3.180710943403824
v -9.410194525216575 -3.8737890287668657 3.189334579906575
v -9.955434607617851 -3.945470680606756 3.4926344896870667
v -9.950457988608832 -3.873789042401377 3.5012558119608066
v -10.369647201246257 -3.9454706910599917 3.73177661760376
v -10.364667626170869 -3.8737890528546943 3.7403998393319142
v -6.945460558620448 -3.8021085014224356 1.8192003102249572
v -6.82966728613853 -3.8021084985001865 1.7523470383243023
v -6.908625556026456 -3.7483478608386234 1.8829988519626149
v -6.792831398191449 -3.7483478579165093 1.8161486750431521
v -7.165462032228467 -3.802108506974486 1.9462164074043713
v -7.128626820432659 -3.7483478663908256 2.0100184344993117
v -8.77492830527782 -3.8021085475923133 2.8754439250676107
v -8.155457269739147 -3.802108531958858 2.5177921834268027
v -8.738093978835103 -3.748347907008518 2.939242857181359
v -8.118620641203876 -3.7483467202468095 2.5815915894969486
v -9.387298082126136 -3.8021085630464757 3.2289939503369993
v -9.350460737275597 -3.748347922462841 3.2927965489823094
v -9.92755941246366 -3.802108576681012 3.5409157539416007
v -9.890725086020943 -3.7483479360972165 3.604714686055349
v -10.341771225339885 -3.802108587134306 3.780059234160845
v -10.304934556640621 -3.7483479465506884 3.8438622231822457
v -6.861832630901333 -3.7304276499238878 1.9640481442298103
v -6.746040139171598 -3.730427647001579 1.8971935200266046
v -6.819023208009716 -3.746355778430126 2.0381962447222293
v -6.703230716279981 -3.7463573370121814 1.971341620518956
v -7.081834104509351 -3.730427655475938 2.091064241409221
v -7.03902535776901 -3.7463573454865573 2.165212732277663
v -8.691300377558704 -3.7304276960937655 3.0202917590724603
v -8.071828496830936 -3.7304276804602887 2.66263952946154
v -8.648490954667087 -3.7463558246000037 3.0944398595648828
v -8.029020699880597 -3.746357370470853 2.7367867656214564
v -9.303669478255745 -3.730427711547911 3.3738413939657583
v -9.260860731515404 -3.74635740155853 3.4479898848342003
v -9.84393216089582 -3.730427725182482 3.685763978322541
v -9.80112284260511 -3.7463558536886428 3.759910336136322
v -10.258142516868586 -3.7304277356358178 3.924908420468247
v -10.215333874729152 -3.7463574256463605 3.9990551686580478
v -6.794135170703884 -3.7941436694945914 2.0813035910601734
v -6.678341117469785 -3.7941436665724018 2.0144516714620693
v -6.786170041543956 -3.8558687664787534 2.0950980363114944
v -6.670376664461132 -3.8558695443087627 2.0282465070894453
v -7.014135863559719 -3.7941436750467012 2.2083210405421383
v -7.006169744445797 -3.8558695527832567 2.2221203234532574
v -8.623602032008167 -3.794143715664604 3.137550300884019
v -8.004130255881305 -3.794143700031052 2.7798963285944573
v -8.615638359751697 -3.8558688126487244 3.1513437842088763
v -7.996165022120471 -3.8558695777674714 2.793692516524384
v -9.235970456553932 -3.7941437311187336 3.4910995454012266
v -9.228004442040916 -3.8558696088552127 3.5048970856337043
v -9.77623391994619 -3.794143744753245 3.8030207774554583
v -9.768269466937538 -3.855868841737424 3.816815613082868
v -10.190444275918956 -3.794143755206581 4.042165219601163
v -10.18247826140594 -3.85586963294306 4.055962759833642
v -6.794135170703884 -3.9136116357526403 2.0813035858380644
v -6.678341117469785 -3.9136116328304507 2.0144516662399603
v -6.815040695730206 -3.9554255980293656 2.045092588218882
v -6.699247318647382 -3.955425595107192 1.9782410589968684
v -7.014135863559719 -3.91361164130475 2.2083210353200258
v -7.035043521640773 -3.9554263843336317 2.1721094661504416
v -8.623602032008167 -3.913611681922653 3.1375502956619066
v -8.004130255881305 -3.9136116662891007 2.779896323372345
v -8.644509118538853 -3.95542564419926 3.1013365934376225
v -8.025036561659808 -3.9554264093179485 2.7436839734505796
v -9.235970456553932 -3.9136116973767825 3.491099540179114
v -9.256878219235892 -3.9554264404055877 3.4548862283308885
v -9.77623391994619 -3.913611711011294 3.8030207722333476
v -9.797140901875968 -3.9554241117836124 3.7668088126877723
v -10.190444275918956 -3.9136117214646298 4.042165214379052
v -10.211352038600916 -3.955426464493435 4.005951902530825
v -6.699247318647382 -3.955425595107192 1.9782410589968684
v -6.815040695730206 -3.9554255980293656 2.045092588218882
v -6.845902944131847 -3.969363583646028 1.9916391627391405
v -6.730110452402112 -3.9693635807237193 1.9247845385359348
v -6.881742801496502 -3.969363580932443 1.9295595810683785
v -6.765950881317135 -3.9693635780102277 1.8627070899199083
v -7.065905198492047 -3.9693628084458377 2.118653907616036
v -7.1017448466548885 -3.9693635864845866 2.0565778113025246
v -7.035043521640773 -3.9554263843336317 2.1721094661504416
v -8.025036561659808 -3.9554264093179485 2.7436839734505796
v -8.644509118538853 -3.95542564419926 3.1013365934376225
v -8.675370690789219 -3.9693636298159056 3.047882777581794
v -8.055900371565814 -3.9693628334301287 2.690227843365804
v -8.711211119704243 -3.969363627102414 2.985805328965764
v -8.09173934357738 -3.969363611468861 2.6281513566762023
v -9.287740572238441 -3.9693628645178105 3.4014310601725732
v -9.323580220401283 -3.9693636425565595 3.339354963859062
v -9.256878219235892 -3.9554264404055877 3.4548862283308885
v -9.797140901875968 -3.9554241117836124 3.7668088126877723
v -9.828002474126334 -3.969363658904622 3.7133549968318746
v -9.863843007642265 -3.969363656191053 3.651275805537203
v -10.242214391603465 -3.9693621078534758 3.952496734372545
v -10.278053321355577 -3.969363666644388 3.890420223284403
v -10.211352038600916 -3.955426464493435 4.005951902530825
v -5.177436377634045 -4.239385292718328 4.929765754083148
v -5.082540236476895 -4.239385290323455 4.874977445651044
v -5.381765678899762 -4.239385297874862 5.047733519037237
v -7.598377003289696 -4.239385353815076 6.327496368593323
v -6.986008683344838 -4.239385338360871 5.973945381397474
v -6.366536971654888 -4.239385322727399 5.616293249380579
v -8.545501396364207 -4.239385377717448 6.8743188498721
v -8.138639790530677 -4.239385367449571 6.639417210271466
v -5.343494493526456 -4.246592011052619 4.593887120752022
v -5.227700544893262 -4.246592008130353 4.527033458475277
v -5.563495186382291 -4.246592016604729 4.720904570233987
v -7.785330560128686 -4.24659129192452 6.003681722790557
v -7.172962916335103 -4.2465920572225135 5.6501311259707645
v -6.55349035945606 -4.246591260836838 5.292478505983789
v -8.739804379493709 -4.246591316012367 6.554747396990495
v -8.325594023520942 -4.246592086311213 6.315602954844756
v -4.422298224050519 -4.231156612169079 6.235444006612445
v -4.326422911245343 -4.231156609749573 6.180092176279212
v -4.627360264097211 -4.231156617344263 6.353838424606467
v -6.844216459849831 -4.231156673290577 7.633740847628854
v -6.231848139904973 -4.231156657836372 7.280189860433005
v -5.612375687626836 -4.231156642202803 6.9225354977673526
v -7.793913101414677 -4.231156697257864 8.182048417151831
v -7.384479247090813 -4.231156686925072 7.945661689306997
v -4.6206367519206974 -4.264972924025264 5.8459119897577185
v -4.504843479438779 -4.2649729211030145 5.779058717857065
v -4.8406381209278075 -4.26497292957739 5.972929829615772
v -7.062473494674203 -4.264972985649363 7.25570698217231
v -6.45010585088062 -4.264972970195175 6.902156385352551
v -5.830633294001577 -4.2649729545616815 6.544503765365542
v -8.016946595628497 -4.264973009737192 7.806772241597651
v -7.60273695806646 -4.2649729992838745 7.567628214226543
v -6.516298260719296 -4.249428785312551 2.5625312524487
v -6.400504207485195 -4.249428782390361 2.495679332850596
v -6.736298953575131 -4.249427619736388 2.6895487019307147
v -8.958133546569343 -4.249427675808421 3.972327206789803
v -8.345766007376668 -4.249428831482429 3.6187748672913536
v -7.726293450497623 -4.2494276447206625 3.2611222473043924
v -9.91260742827582 -4.24942769989619 4.523391113912593
v -9.4983970099616 -4.2494288605712045 4.284248438843985
v -6.335527066076276 -4.21562964816792 2.9100501702974526
v -6.234636167709347 -4.215629645621759 2.8518007874425138
v -6.544350302194593 -4.215629653437946 3.03061431261904
v -8.76246143471479 -4.215629709415931 4.3112412736663295
v -8.150093114769932 -4.215629693961726 3.9576902864704806
v -7.530620557890888 -4.2156296783282325 3.6000376664834697
v -9.707973545072552 -4.215629733277614 4.857132903156108
v -9.302725678859229 -4.215629723050383 4.623161153418012
v -6.823435110092158 -3.6192758717073774 2.105313202673461
v -6.82821932304382 -3.6192758718280365 2.1080735660267145
v -6.797902282087323 -3.6090562171867697 2.1319829278001237
v -6.706879135437008 -3.6090562148896383 2.07943069361729
v -6.999326837472912 -3.609056222269998 2.248273637067264
v -7.020355926431652 -3.619275876676867 2.2190018741197832
v -9.232901319726462 -3.619275932514391 3.496415454373981
v -9.214969679761406 -3.609056278185691 3.5274755301943443
v -8.602600683665273 -3.6090562627314693 3.173924152622405
v -8.620532114428515 -3.619275917060321 3.1428675621593243
v -7.983128802937505 -3.6090562470979926 2.8162719230114845
v -8.001061119053835 -3.6192759014267093 2.7852122375672117
v -10.177327235319371 -3.6192759563486616 4.041679969072067
v -10.162743516136166 -3.6090563021044524 4.07467296770853
v -9.755231686250205 -3.609056291820245 3.839397724175038
v -9.773163221614356 -3.6192759461490205 3.8083393910333143
v -7.463460641021724 -3.9554256143933983 2.419457989413928
v -7.494322784822461 -3.969363600010136 2.3660063066128316
v -7.530164099090572 -3.9693635972965096 2.3039257630156094
v -7.43458988223457 -3.8558687828428626 2.469465180185182
v -7.442555011394497 -3.9136116521167494 2.455670729711752
v -7.463460641021724 -3.9554256143933983 2.419457989413928
v -7.467443257902142 -3.7463557947940824 2.4125599032386376
v -7.442555011394497 -3.7941436858587005 2.4556707349338645
v -7.557045501317974 -3.748347877202656 2.2573642531576645
v -7.510253356945035 -3.730427666287861 2.3384121931223056
v -7.616778403905864 -3.8737889835068158 2.153905379063122
v -7.593881180063243 -3.8021085177864853 2.1935661017960975
v -7.60184495692062 -4.007195719600849 2.1797708641298605
v -7.6217555944652515 -3.945470621712289 2.1452861898441142
v -7.484368299102779 -4.0629468995556115 2.38324641737222
v -7.550077078891751 -4.049008906627658 2.2694370256427163
v -7.375850877174374 -3.987283823437063 2.571202561904421
v -7.422643488496777 -4.04104485364314 2.4901584961064955
v -7.355940811180111 -3.806091543057475 2.6056893798631506
v -7.35494457139587 -3.905647596117138 2.6074149135668385
v -7.40046877422523 -3.620439991711592 2.5285631261955928
v -7.374855989692684 -3.698569474128215 2.5729288933321257
v -7.439485093814846 -3.6192758872544166 2.4609879962091696
v -7.421552101547237 -3.609056232925684 2.492047291277352
v -7.575521220952984 -3.5902740564021114 2.225363372494048
v -7.524427912809368 -3.5760038622638417 2.3138611470540873
v -7.480467661201474 -3.585924493192758 2.3900025417696753
v -7.658592367765423 -3.724454510488619 2.081481470154948
v -7.621757155969616 -3.6428175036224957 2.1452834984684017
v -7.687463021951671 -3.937505773352745 2.031476017101337
v -7.68149026775932 -3.8260026509316383 2.041821136492505
v -7.639677084651944 -4.144583116699946 2.114243685700149
v -7.6735258147506675 -4.049008897281243 2.0556159650700927
v -7.509257221761699 -4.244139960310431 2.3401359660440058
v -7.585916727054593 -4.208299135215534 2.2073609223664405
v -7.288470549867626 -4.254421702511184 2.7225512898390782
v -7.4067138017272915 -4.256087037963234 2.517749515660256
v -7.063631878749844 -4.2376796601189355 3.1119833223778386
v -7.164718101409908 -4.24942880167666 2.936898396322391
v -6.989897642681119 -4.2022120459532655 3.239694776870074
v -7.013391256589887 -4.215752238891009 3.1990026402079614
v -6.926424937141414 -4.237496584120173 3.349631173159654
v -6.969044532651897 -4.215629664155941 3.2758134251254276
v -6.715052575057981 -4.256190149617108 3.715740432423825
v -6.837630563032147 -4.249305857971908 3.503430674854073
v -6.45094831520271 -4.262294090171465 4.173182463872406
v -6.5710873379611945 -4.2632805614576625 3.9650955564501373
v -6.106596784576413 -4.245221408278497 4.769616857158656
v -6.225443662473675 -4.253977925377856 4.563768010119096
v -6.32075398509216 -4.258296648856649 4.398685675984092
v -5.900770209842679 -4.247416508621413 5.126118969443688
v -5.991914438817975 -4.246592027416652 4.968252521947072
v -5.827251461376187 -4.229612631805151 5.253457187659665
v -5.852536016189572 -4.237023139226435 5.209664611891519
v -5.744785292903897 -4.254942581089541 5.396292791227749
v -5.80496020582771 -4.2393853085550095 5.2920667773737815
v -5.432490666118619 -4.268471868919384 5.937202992723767
v -5.605847319107053 -4.264882738013805 5.636940439001869
v -5.145022292615888 -4.253019633873596 6.435114421639982
v -5.269057373363492 -4.264972940389313 6.220277781328859
v -5.069725876031873 -4.217880326118665 6.565530090844314
v -5.089856685691831 -4.231245240446215 6.530664063956824
v -4.997832653608319 -4.252887697898549 6.690052812840094
v -5.0507996623878455 -4.231156628030511 6.598311256409312
v -4.697179822608946 -4.272224219576754 7.210798830740291
v -4.8755808108444185 -4.264884745183064 6.901800793077214
v -4.260724518575667 -4.27799010748506 7.966761650396398
v -4.475767092065809 -4.279980228516046 7.5942969586132385
v -3.9929179318733192 -4.212282024123097 8.430616303682104
v -4.101434287274358 -4.256087288207052 8.242660446317638
v -3.899334633081434 -4.054983108347222 8.592707351260678
v -3.9301976622352583 -4.144584178298199 8.539252570171048
v -3.892365639104841 -3.833967781192352 8.604778013494197
v -3.886392104160307 -3.945470904517917 8.615124475440004
v -3.9547329041557298 -3.6662836784604416 8.49675474072594
v -3.9182505923461894 -3.7383927816244773 8.559945521565766
v -4.07216310721874 -3.622826612743168 8.29335964894799
v -4.052235578901289 -3.6162319909465674 8.327875143403576
v -4.026641351246832 -3.610135489471115 8.372205649754505
v -4.1740649301338175 -3.6247234424543304 8.116860500629755
v -4.141072580577848 -3.602297509652388 8.17400649319766
v -4.110116251538274 -3.5957290438888103 8.227622870812697
v -4.217915876436232 -3.710516783030272 8.040908424087554
v -4.200990730634687 -3.658747839755444 8.070223641056868
v -4.204974128267287 -3.867816877999469 8.063324184301592
v -4.220902929683683 -3.7861798671385625 8.035736253897701
v -4.112386183906553 -3.9852939332033337 8.223692776795101
v -4.165150977870939 -3.9375060400283086 8.132301467864078
v -4.011833214986799 -3.983301070871595 8.397854079781572
v -4.057630081501959 -4.001222062614059 8.31853313477577
v -3.978979943920134 -3.851886817963991 8.454757624580742
v -3.9859496140480024 -3.9295419909631475 8.442687358989787
v -4.018802208963392 -3.6906048848314272 8.385783440003097
v -3.9899307740249617 -3.762286135223432 8.435790232913206
v -4.1084032812509514 -3.6826400346629553 8.230589818811183
v -4.06559453451061 -3.6667119126389673 8.304738311072173
v -4.119354501731871 -3.788170012138697 8.211621742462938
v -4.125328427052496 -3.73042792256173 8.201274602015886
v -4.057630081501959 -3.8737892529712674 8.318533140346036
v -4.093470510416982 -3.8339669852145173 8.256455693470695
v -10.445561702921445 -3.9554241281476656 4.141174707952562
v -10.47642249441963 -3.969363675268734 4.087722244399215
v -10.512263776993152 -3.9693636725551062 4.025641682503114
v -10.620633842983242 -3.9693636789080067 4.1709790927747274
v -10.656474271898265 -3.969363676194515 4.108901644158701
v -10.589771489980693 -3.9554256932914207 4.22443426093311
v -10.416690267983014 -3.855868858101477 4.191181508347658
v -10.424654720991667 -3.913611727375347 4.177386667498137
v -10.445561702921445 -3.9554241281476656 4.141174707952562
v -10.568864508050915 -3.913611731014738 4.260646220478753
v -10.589771489980693 -3.9554256932914207 4.22443426093311
v -10.56089927429008 -3.8558696424931087 4.274442413630791
v -10.44954353904968 -3.7463558700527733 4.134277974079753
v -10.424654720991667 -3.794143761117298 4.177386672720248
v -10.568864508050915 -3.794143764756689 4.260646225700864
v -10.593754815857109 -3.7463574351964866 4.217536584096747
v -10.539146563217695 -3.7483479524612875 3.979080971696229
v -10.49235374269348 -3.7304277415464755 4.060128521284781
v -10.636563529752728 -3.7304277451858665 4.143388074265397
v -10.68335556952476 -3.748347956100737 4.062341876979396
v -10.598878789654309 -3.8737890587654302 3.875621707225596
v -10.575980889660412 -3.802108593045083 3.9152820395824808
v -10.72019067671966 -3.802108596684474 3.9985415925630967
v -10.743088576713557 -3.8737890624048212 3.958881260206212
v -10.5839446348232 -4.007195794859446 3.9014867836173632
v -10.603856084814604 -3.945470696970827 3.8670007753279485
v -10.748065871873852 -3.945470700610218 3.9502603283085644
v -10.728155129728313 -4.007195798498855 3.9847467452729504
v -10.466468684851224 -4.062946974814226 4.104962745534694
v -10.53217678848892 -4.049008981886256 3.9911529634290996
v -10.676385794795985 -4.049008985525706 4.074413868712266
v -10.610678471910472 -4.062946978453617 4.18822229851531
v -10.357951939074095 -3.9872838986956944 4.292919280442986
v -10.404743198093946 -4.041044928901737 4.211874433892881
v -10.548953765905376 -4.04104493254107 4.295132634570946
v -10.502161726133343 -3.9872839023350855 4.376178833423602
v -10.338041196928556 -3.8060916183160893 4.327405708025626
v -10.337044957144315 -3.9056476713757524 4.329131241729314
v -10.481254744203563 -3.9056476750151434 4.41239079470993
v -10.482250203235623 -3.80609162195554 4.410666613308795
v -10.37586974853378 -3.6204400668012138 4.246413350727048
v -10.356956480042035 -3.698569549386753 4.294643478815958
v -10.501166267101283 -3.698569553026144 4.377903031796574
v -10.513380872937848 -3.6204400702716306 4.3258072323876675
v -10.485407843242461 -3.6192759641237817 4.219553983460672
v -10.494271395849372 -3.609056310471228 4.266082466666692
v -10.376857477513369 -3.6090563075079993 4.198291711447823
v -10.381391825456138 -3.6192759614986727 4.159498509136341
v -10.557621502100522 -3.5902741316608022 3.947081443335165
v -10.506528298557813 -3.576003937522456 4.035577475216563
v -10.455868032265064 -3.5859245682822856 4.107850614947516
v -10.650738013860877 -3.5760039411619244 4.118838789838728
v -10.59338142601936 -3.585924571752603 4.1872422006780035
v -10.70183128915977 -3.590273354548011 4.0303409963158146
v -10.640692753513868 -3.7244545857472335 3.803197798317422
v -10.603856865566785 -3.6428175788810933 3.866999436254787
v -10.748066652626033 -3.6428175825204843 3.9502589892354028
v -10.784902540573116 -3.7244538086344425 3.8864573512980733
v -10.669563407700116 -3.9375058486113597 3.753192345263809
v -10.663589945661899 -3.826002726190235 3.7635370559800094
v -10.807800440567013 -3.8260019490774617 3.8467970176356285
v -10.813773975511547 -3.937505852250692 3.836450545941876
v -10.621777470400389 -4.14458319195856 3.835960013862623
v -10.655626200499112 -4.049008972539857 3.7773322932325666
v -10.79983598755836 -4.049008976179248 3.8605918462131825
v -10.765987257459637 -4.144583195597951 3.919219566843239
v -10.491357502909239 -4.244140035569121 4.061854036885123
v -10.568016436651762 -4.208299210474132 3.9290768601528256
v -10.71222622371101 -4.208299214113523 4.012336413133442
v -10.635567289968487 -4.244140039208512 4.145113589865739
v -10.270571716368254 -4.254421777769739 4.4442662656989995
v -10.388813584230776 -4.256087113221755 4.239463692469117
v -10.53302407913589 -4.256087116861163 4.3227236541247045
v -10.414782284179683 -4.2544217814090715 4.527524466377065
v -10.172020050555352 -4.237679738564648 4.906611932213005
v -10.291028378818508 -4.249428880574589 4.74187253478684
v -10.14681859175926 -4.249428876935198 4.658612981806224
v -10.036770555491026 -4.237679735151385 4.828525605830155
v -9.918232032026049 -4.202211339102817 4.930369294921075
v -9.95964842900979 -4.215751532492796 4.9000230780267895
v -10.108552470254178 -4.215751536250655 4.985992859716582
v -10.008676519962783 -4.202212122137527 4.982587440365494
v -10.034813856683906 -4.2374966625658255 5.144258411630938
v -10.05347154635809 -4.215629741996871 5.056606251874889
v -9.915302485823984 -4.21562973850985 4.976832510641671
v -9.899565070786055 -4.237496659152581 5.06617249468551
v -9.697153668652293 -4.25619022487574 5.437457169261268
v -9.819731053381497 -4.249305933230446 5.225145260337904
v -9.963940840440745 -4.249305936869837 5.3084048133185195
v -9.841363456861671 -4.256190228515131 5.520716722905913
v -9.433047212353106 -4.262294165430121 5.894899735662461
v -9.553185454359408 -4.263280636716377 5.686814180542742
v -9.697396730016704 -4.263280640355727 5.770072789895778
v -9.57725770725822 -4.26229416906953 5.978159697318048
v -9.088697170324858 -4.24522070278493 6.491333185321164
v -9.207543340376253 -4.253978000636453 6.285483929606599
v -9.302854370840604 -4.258296724115263 6.120402004146566
v -9.351753835281368 -4.2539780042758615 6.368743891262186
v -9.447062668151672 -4.258297508506878 6.203662500090701
v -9.232906957384106 -4.245221487176503 6.574592738301746
v -9.012382895577979 -4.247416587148501 6.92260925312117
v -9.118224611625667 -4.246592106314657 6.773228403090162
v -8.974014116720554 -4.2465921026752484 6.689968441434575
v -8.875521148170884 -4.247416583694551 6.843592092485746
v -8.765259377983805 -4.229612705951014 6.949716718850594
v -8.805240038513656 -4.23702321374318 6.914408943021902
v -8.944016083754356 -4.23702321724544 6.994531323941938
v -8.865378127441254 -4.229612708477688 7.007520301359046
v -8.856397978639196 -4.254942659616629 7.192783074905231
v -8.90784585987271 -4.239385386861856 7.083518507342815
v -8.75766490430307 -4.239385383071772 6.996811498880255
v -8.719536231232102 -4.254942656162679 7.113765914269807
v -8.414591051867065 -4.268471944177999 7.658919320886241
v -8.587946216257448 -4.264882813272461 7.358657710791924
v -8.732157491914744 -4.26488281691181 7.4419163201449585
v -8.558800838926311 -4.26847194781739 7.742178873866857
v -8.261778777390548 -4.253019712530498 8.234574478849293
v -8.395367546171185 -4.264973019287319 8.025253662471949
v -8.25115705126607 -4.26497301564791 7.9419937008163615
v -8.122345500564155 -4.253020489763832 8.15407264512546
v -8.023165804500575 -4.217880400653981 8.270699297552742
v -8.052849659717795 -4.231245315222621 8.2413487236655
v -8.201941524156448 -4.231245318985298 8.327428748188728
v -8.067229272042866 -4.217881182518106 8.29613754737482
v -8.114589495743871 -4.252886995803238 8.48951217483683
v -8.16280371425398 -4.231156706567476 8.395027495410421
v -8.013792604719217 -4.231156702806915 8.30899589781911
v -7.975156220238087 -4.252887773036573 8.409010341875451
v -7.679279500511524 -4.27222429483535 8.932514750227794
v -7.857680520441589 -4.264884820441662 8.623516730863598
v -8.001890307500835 -4.264884824081053 8.706776283844214
v -7.823489995416638 -4.272224298474759 9.015774711883381
v -7.242824196478245 -4.277990182743657 9.6884775698839
v -7.457866769968387 -4.279980303774643 9.316012878100741
v -7.602077264873501 -4.279980307414052 9.399272839756328
v -7.387034691383359 -4.277990186383065 9.771737531539488
v -6.975018317621765 -4.212282099381712 10.152332631844578
v -7.083533965176937 -4.256087363465649 9.96437636580514
v -7.227744460082051 -4.256087367105057 10.047636327460728
v -7.119227714304921 -4.212282103021132 10.23559286097647
v -6.88143501882988 -4.054983183605836 10.314423679423152
v -6.9122973718324285 -4.144584253556797 10.26096850795743
v -7.056507158891676 -4.144584257196188 10.344228060938047
v -7.025644805889127 -4.054983187245227 10.397683232403768
v -6.874465317007419 -3.8339662949465847 10.326493932981768
v -6.8684924899087525 -3.9454709797765313 10.336840803602477
v -7.012702276968 -3.9454709834159223 10.420100356583093
v -7.018675811912534 -3.8339670793381755 10.409753894637321
v -6.936832582058308 -3.6662829729668562 10.218470660213477
v -6.90035030194336 -3.738392076130893 10.281661459352183
v -7.044560089002607 -3.738392079770284 10.364921012332799
v -7.0810430769634225 -3.666283757358447 10.30173062186903
v -7.001966212823985 -3.622826686681929 9.984881229127051
v -6.999471079875586 -3.6162312845731224 10.029462222503232
v -7.000025344122705 -3.610135564509756 10.088889566532336
v -7.108815992725549 -3.616231287332636 10.092592532520623
v -7.1355187303857335 -3.6101355679291727 10.16711670355359
v -7.093879037209806 -3.6228266890015126 10.037947118950504
v -7.156164535130081 -3.6247235177130044 9.83857818109478
v -7.1231722901750185 -3.6022975849109855 9.895722430984044
v -7.0835002444141475 -3.5957291189274514 9.944306787590527
v -7.267382077234266 -3.6022975885503765 9.97898198396466
v -7.218993630677176 -3.59572990309905 10.022533924611748
v -7.300374322189328 -3.6247227406002134 9.92183773407543
v -7.200016262184677 -3.7105160775367043 9.762624752250062
v -7.183091116383133 -3.6587479150140583 9.791939969219342
v -7.32730090344238 -3.6587479186534493 9.875199522199958
v -7.344226049243924 -3.7105160811760953 9.845884305230678
v -7.187073025417683 -3.8678169532581244 9.785041456091646
v -7.203002639280853 -3.786179161644978 9.757452191684118
v -7.3472124263401 -3.786179165284369 9.840711744664734
v -7.331283520322797 -3.867816176145351 9.868301417747269
v -7.094485893503723 -3.9852932277097493 9.945408714581518
v -7.147250687468109 -3.937506115286906 9.854017405650461
v -7.291460474527356 -3.937506118926297 9.937276958631077
v -7.23869568056297 -3.9852924505969582 10.028668267562168
v -6.993932892889378 -3.9833011461301915 10.119569999269075
v -7.039729400723038 -4.001222137872686 10.040249748713428
v -7.183939187782285 -4.001222141512077 10.123509301694044
v -7.138143387794492 -3.9833011497696003 10.202829960924662
v -6.961079621822712 -3.851886893222588 10.176473544068244
v -6.968048152516899 -3.929542066221833 10.164405325229996
v -7.112258720328328 -3.9295420698611654 10.247663525908061
v -7.105289726351735 -3.851886896862027 10.259734181875109
v -7.000901886865971 -3.690604960090024 10.1074993594906
v -6.97203045192754 -3.7622862104820287 10.157506152400709
v -7.116240946832654 -3.7622862141214375 10.240766114056296
v -7.145112381771085 -3.6906049637294327 10.190759321146187
v -7.09050295915353 -3.682640109921552 9.952305738298685
v -7.04769424410778 -3.666711987897565 10.026454248858556
v -7.191904421543119 -3.6667119915369257 10.109713125687897
v -7.234713063682554 -3.682640894313172 10.035566376105514
v -7.101454887480316 -3.7881700873973116 9.933338070625412
v -7.107427714578983 -3.730427997820356 9.922991197654664
v -7.251637819108007 -3.730428001459794 10.006251835461526
v -7.245664674539563 -3.7881700910367027 10.016597623606028
v -7.039729400723038 -3.8737893282298943 10.040249754283694
v -7.075570220014153 -3.833967060473115 9.978171631257078
v -7.219779616697308 -3.833967064112535 10.06143186038897
v -7.183939578158376 -3.873789331869256 10.123508631113035
v -3.4683167337598775 -3.609282497296525 7.90514781744392
v -3.379960327740667 -3.6092824950666937 7.8541352265640025
v -3.6677418052225086 -3.609282502329372 8.020285927288604
v -4.650877709380148 -3.6092825271405973 8.58790056412251
v -4.089302959870336 -3.6092825129681403 8.263672551632
v -5.882718586204049 -3.609282558228296 9.299104171305368
v -5.270350656635282 -3.6092825427740607 8.945552507958244
v -6.828475336545226 -3.609282582096152 9.845137043744574
v -6.422981763821122 -3.60928257186276 9.611024336832235
v -7.145882592942414 -3.6092825901064494 10.028391293051564
v -7.036537680092451 -3.609282587346936 9.965260983034174
v -3.34408184566879 -3.6251754953498887 8.056971705410122
v -3.228287897035596 -3.6251754924276227 7.9901180431333785
v -3.5640817577724437 -3.625175500902058 8.183990507194636
v -4.554076930846213 -3.625175525886349 8.755564442944406
v -3.9925017909603095 -3.6251755117139215 8.431337106605172
v -5.785917807670114 -3.625175556974048 9.466768050127264
v -5.173550268477437 -3.6251755415197833 9.113215710628864
v -6.740390950883863 -3.625175581061878 10.017833333951112
v -6.326181375663277 -3.6251755706084827 9.778687539502856
v -7.118811963768002 -3.625175590611927 10.236312987748262
v -6.974601468862888 -3.625175586972518 10.153053026092675
v -6.831988360849378 -3.6059566284435336 2.0729441031522846
v -6.740965318799969 -3.605956626146326 2.0203901262908097
v -7.033411459331509 -3.6059574142789863 2.1892357743458497
v -8.0172134247961 -3.605957439106981 2.757234060290074
v -7.455638284910197 -3.6059574249345534 2.4330067239508395
v -9.249054301620003 -3.6059574701946797 3.4684376674729336
v -8.636685981675145 -3.6059574547404747 3.1148866802770847
v -10.196828814146038 -3.605957494113458 4.015635495363208
v -9.78931776501226 -3.605957483829191 3.7803588995271653
v -10.528357474611427 -3.605956721727992 4.207043642018853
v -10.41094277552324 -3.6059574995170047 4.139254239102501
v -9.130694205432887 -4.231856540863036 5.8777063069210715
v -9.364903161907549 -4.231855766021612 6.01292870366777
v -9.381950032143171 -4.244950540327677 5.983404290168483
v -9.147739587070461 -4.24495053441696 5.848182837049398
v -9.52615981920242 -4.244950543967068 6.066663843149099
v -9.450433677141424 -4.231855768180049 6.062307962797444
v -8.176221062219138 -4.231856516775205 5.326641023097224
v -8.716483068707939 -4.231855749657576 5.638563217077952
v -8.733529231097695 -4.244950523963624 5.609038394903694
v -8.193265767705437 -4.2449505103291125 5.29711716284946
v -6.944380185395238 -4.231856485687507 4.615437415914366
v -7.5638512853708235 -4.23185572056886 4.973090997827869
v -7.5808981239118545 -4.244950494874924 4.943566566029702
v -6.961426347784993 -4.244950479241372 4.585912593740142
v -5.959877727209088 -4.231856460841834 4.047034700339864
v -6.382803484004971 -4.231855690763015 4.291212784180267
v -6.399850427146909 -4.244950465069004 4.2616866097034585
v -5.97509242926788 -4.244950454349557 4.016454287201798
v -5.679686723947523 -4.231855673018533 3.8852663616128993
v -5.756353150562283 -4.231855674953347 3.929529740255459
v -5.7660769327125525 -4.244950449074601 3.8957773402036793
v -5.6649294349365205 -4.244950446521964 3.837379809622206
v -5.731049266818998 -4.243613413614871 3.956447041922278
v -5.629901769042966 -4.243613411062234 3.8980495113408047
v -5.940064867975233 -4.24361263813757 4.077122246241791
v -6.926398681891438 -4.24361266302946 4.646582295458776
v -6.364823437404629 -4.243613429609291 4.322356701798148
v -8.158239558715339 -4.243612694117159 5.357785902641634
v -7.545871238770482 -4.243613459415136 5.00423491544575
v -9.112712701929087 -4.243612718204989 5.908851186465482
v -8.69850234595632 -4.2436134885038355 5.6697067443197415
v -9.491132934061046 -4.24361350850728 6.127332192565147
v -9.34692165840375 -4.24361350486793 6.044073583212111
v -3.293416187577246 -3.8737892336849686 7.877314076874242
v -3.329256226116178 -3.833966965928248 7.815237306150177
v -3.3244995980482077 -3.8205200714576018 7.823474467352927
v -3.289440207090376 -3.8594760946093523 7.88420067824223
v -3.4092090696830732 -3.873789236607247 7.944168024926171
v -3.293416187577246 -3.8737892336849686 7.877314076874242
v -3.289440207090376 -3.8594760946093523 7.88420067824223
v -3.405233479572294 -3.8594760975316014 7.951053950142883
v -3.355140607807157 -3.7881699928523984 7.770402678991143
v -3.3476750554428074 -3.7795173073605275 7.783333396364604
v -3.629210829066275 -3.8737892421593445 8.07118518863295
v -3.625234848579405 -3.859476103083728 8.078071790000939
v -5.238677882867811 -3.8737892827771123 9.000411353993638
v -4.619204935612677 -3.873789267143648 8.642759410157904
v -4.615229345501898 -3.8594761280680023 8.649645335374617
v -5.234701902380941 -3.859476143701496 9.007297955361626
v -5.8510458124365785 -3.8737892982313467 9.353963017340762
v -5.847070222325799 -3.859476159155701 9.360848942557475
v -6.3913085996775605 -3.873789311865841 9.665883859018905
v -6.387333009566781 -3.8594761727901954 9.672769784235618
v -6.805519346026418 -3.8737893223191477 9.905027625013334
v -6.801543365539548 -3.8594761832435314 9.911914226381322
v -3.361114428526877 -3.7304279032755066 7.760057281222734
v -3.3523751835784887 -3.7340826049010643 7.775192536991977
v -3.3441896731014236 -3.6826407961288847 7.789371821866721
v -3.3394271893920875 -3.697523494582801 7.7976191241002795
v -3.301380640585897 -3.6667118933526686 7.8635192476003795
v -3.301657417234419 -3.6834683966619446 7.863039855613504
v -3.2545883150386787 -3.6906048655451285 7.944564376531304
v -3.2592544804544428 -3.7051217808879953 7.9364823396990865
v -3.225716880100248 -3.7622861159371332 7.994571169441411
v -3.2332369805164323 -3.769716924260102 7.981547533621416
v -3.214766335770605 -3.8518867986777394 8.013539627636316
v -3.2231309242725352 -3.85240677899767 7.9990517342305605
v -3.2217353297471982 -3.929541971676878 8.001468971669269
v -3.2293546902914034 -3.921760994854133 7.988271851411547
v -3.2476193210620856 -3.983301051585296 7.956635016309779
v -3.251725296787259 -3.9682243362637877 7.9495232578516735
v -3.2934157972011553 -4.00122204332779 7.877314747455252
v -3.2936184023923856 -3.984616615529439 7.876963825669044
v -3.3481722899818402 -3.985292352412671 7.782473713323375
v -3.3458491618642787 -3.9694227837370857 7.786497490258359
v -3.400937083946226 -3.93750602074201 7.691082404392285
v -3.3964564517745943 -3.9235883326847185 7.698841526663738
v -3.4407601297416672 -3.8678160779610637 7.622106863508476
v -3.4338614034614547 -3.8581308476655733 7.634055809274846
v -3.45668903575897 -3.7861790671000817 7.594517190425941
v -3.4483794902858715 -3.783724773245061 7.608909746586384
v -3.4537026586627944 -3.710515982991808 7.599689750991885
v -3.4457051282873126 -3.7159757836060088 7.613540319258515
v -3.4367775128612497 -3.658747820469162 7.629004967961166
v -3.4308993342838265 -3.6706882544096544 7.639184710669099
v -3.409850931608198 -3.624722642415926 7.675643179836637
v -3.4062977284278855 -3.6396014370174443 7.681797508097093
v -3.3768586866531356 -3.602297490366089 7.732787429725867
v -3.3750879407043435 -3.6183868410908584 7.7358544512088585
v -3.3596207908449145 -3.595729805700903 7.794324147851238
v -3.3604944525365807 -3.612380126668235 7.792810920568559
v -3.3902554699993113 -3.622826595533975 7.8996592197544935
v -3.342893051372526 -3.6162311922928634 7.9183360756569705
v -3.341739880399702 -3.632446244072179 7.920333425816414
v -3.391155677265165 -3.639720120803992 7.898100014174439
v -3.2761458905534724 -3.6101354705310253 7.938906926793081
v -3.2765530528163884 -3.6267217698547523 7.938201700287582
v -3.190519010231016 -3.666283659174143 8.055535677254145
v -3.1540360222702004 -3.7383919815859796 8.118726067717915
v -3.1606552392692544 -3.7483297852335093 8.107261246253856
v -3.1954505267877558 -3.6795576170232334 8.046995600287472
v -3.1281517451801273 -3.8339669811538712 8.163558950022438
v -3.136120778100966 -3.838923976154163 8.149757740343595
v -3.1221788863868696 -3.945470885231635 8.1739058023443
v -3.1304681323032364 -3.944429361193256 8.159548406202997
v -3.1351214153079967 -4.05498308906094 8.151488678164975
v -3.142735310586928 -4.048225678349221 8.138301023980372
v -3.1659837683105456 -4.144584159011901 8.098033506699254
v -3.171607135901449 -4.1320476207996695 8.088293548121726
v -3.2287043237237913 -4.212282004836845 7.989398306737677
v -3.2315193257160173 -4.1967149772427765 7.98452258056953
v -3.3372203933496447 -4.256087268920753 7.801441382845844
v -3.338316074436186 -4.239825762391028 7.799545169604594
v -3.4965113008022293 -4.277990088198778 7.525542977300695
v -3.4968115000162108 -4.261618886047639 7.52502301768534
v -3.711553198141095 -4.279980209229747 7.153077895141443
v -3.7115011735200865 -4.2636058840966164 7.153169566655492
v -3.9329666048355083 -4.272224200290472 6.769580157644588
v -3.932810844775198 -4.255853778926036 6.769849942719141
v -4.111366916919706 -4.264884725896765 6.460581729605421
v -4.111081942373273 -4.248519379431296 6.461075320751986
v -4.24357852027416 -4.252886898111381 6.254583117849492
v -4.242549488898275 -4.236595332783443 6.256365453324193
v -4.439121607227323 -4.217881090956347 6.201448771404394
v -4.365479258398053 -4.231245222165261 6.112444593450633
v -4.3675701127414674 -4.215380728044674 6.108823127911792
v -4.439048997274396 -4.200580793736846 6.20157453629788
v -4.365479258398053 -4.231245222165261 6.112444593450633
v -4.390767768905637 -4.25301961483864 5.999645402800624
v -4.3917624471855135 -4.236722974468304 5.997922570062656
v -4.3675701127414674 -4.215380728044674 6.108823127911792
v -4.668277448345182 -4.268471849633102 5.495984319628064
v -4.841634101333615 -4.264882718727523 5.195721765906166
v -4.84144515930557 -4.248513468493872 5.196049023839098
v -4.668279009849546 -4.252096743743664 5.4959816157387404
v -4.991019964641568 -4.25494256206693 4.9611062094902305
v -4.99034773701286 -4.238606493837605 4.962270542700946
v -5.199580232204434 -4.229612615964749 4.891071062381192
v -5.130114694536206 -4.237023120994846 4.792574499416601
v -5.131147525072095 -4.220777229513519 4.790787146530043
v -5.199288126287457 -4.212978690749278 4.891578566941099
v -5.130114694536206 -4.237023120994846 4.792574499416601
v -5.14700488158035 -4.247416489598802 4.6909323877061695
v -5.147426487758634 -4.231039431797107 4.690202145044346
v -5.131147525072095 -4.220777229513519 4.790787146530043
v -5.342383566802976 -4.245221388992215 4.328398184062953
v -5.461230444700238 -4.253977906091574 4.122549337023393
v -5.461474039381025 -4.237610998081722 4.122127419342819
v -5.342510048656461 -4.228846283093319 4.328179111765426
v -5.563861690654751 -4.258297410507385 3.961695542692336
v -5.563276907270429 -4.241892636079422 3.962708418020311
v -5.69405771114349 -4.262294071070062 3.7361933065209136
v -5.806872558683393 -4.263280542171499 3.5238795879595344
v -5.806789018199918 -4.246905436288503 3.5240242850482986
v -5.694764291868207 -4.245927163025156 3.7349694734274372
v -5.9508393572845435 -4.256190130330826 3.2745217593281204
v -5.950623869682309 -4.2398224416035495 3.274894995547726
v -6.073416669107434 -4.2493058386856095 3.0622116113822777
v -6.073030977529523 -4.232947909373493 3.062879649557633
v -6.169663349102017 -4.237496565021868 2.9127128970962133
v -6.168364177471157 -4.221259652367124 2.914963129251266
v -6.3136056229801145 -4.20221202888591 2.8492392303183713
v -6.278982891647335 -4.215751439604645 2.774990002525083
v -6.280990986259457 -4.199868988190137 2.77151188105746
v -6.3134744566135375 -4.185095989185796 2.849466417895151
v -6.278982891647335 -4.215751439604645 2.774990002525083
v -6.306870290710446 -4.23767964102063 2.6750650463143977
v -6.307986766330716 -4.221408375086988 2.6731312543773242
v -6.280990986259457 -4.199868988190137 2.77151188105746
v -6.524258893598553 -4.254421683224784 2.281329912138272
v -6.642499907802579 -4.2560870186769355 2.076530452188461
v -6.642291446969983 -4.2397099609229425 2.0768915176855174
v -6.524370541160581 -4.238049700335739 2.2811365335890805
v -6.745043118635174 -4.244139941024284 1.898920387929497
v -6.743865744344708 -4.227876092410039 1.9009596608877288
v -6.821703613882061 -4.208299115929176 1.766140506592098
v -6.818611835241315 -4.192929228708269 1.7714956253669634
v -6.875463866878507 -4.144583097413664 1.6730250126044446
v -6.869790921524045 -4.132274149317735 1.6828508434800113
v -6.90931259697723 -4.049008877994961 1.614397291974388
v -6.901741643068309 -4.042054328506935 1.6275105701180443
v -6.9232505849304165 -3.9375057540664047 1.5902559917030814
v -6.91495576914787 -3.936357268234744 1.6046245967366133
v -6.917277049985882 -3.8260018508931743 1.6006024633968359
v -6.909275901624676 -3.830348298896177 1.6144608597522563
v -6.894379149991986 -3.724453710450155 1.640262797059279
v -6.887442166854855 -3.7335221475693663 1.6522780048309151
v -6.857543262044903 -3.642817484336197 1.70406443499661
v -6.852350479282375 -3.655748692743832 1.7130585986998597
v -6.81130789857864 -3.590273256363724 1.7841464420770201
v -6.808624453329083 -3.606056552302247 1.7887943052558235
v -6.760213914283749 -3.5760038429776193 1.872643826260937
v -6.760104608978267 -3.5925066018569733 1.8728331478967561
v -6.7286391682682005 -3.585924474219027 1.955934192344838
v -6.730666781684871 -3.6019443377120233 1.9524222619189366
v -6.648640072090146 -3.620439972738013 2.0944982621280417
v -6.610642095767972 -3.698569454841916 2.1317098298603305
v -6.618035038179395 -3.7058819792188693 2.11890487668272
v -6.6537789829521135 -3.634623506863372 2.0855974061156033
v -6.591726812654493 -3.8060915237712525 2.1644720590700004
v -6.5998864537086455 -3.809046279786287 2.1503391449775258
v -6.590731353622433 -3.905647576830856 2.1661962404711375
v -6.598957358612058 -3.9018531206035085 2.1519483809568207
v -6.61163755480003 -3.9872838041508567 2.129985631487358
v -6.617818769824979 -3.9755022532563924 2.119279452703946
v -6.6584303753242455 -4.041044834356782 2.048938080332153
v -6.6612684095058405 -4.025421982979957 2.044022461241184
v -6.720155081329342 -4.06294688026933 1.9420277442765155
v -6.720443959636684 -4.046420308434828 1.9415273930549475
v -6.785862404214855 -4.049008887341419 1.828219314473472
v -6.7838589941158265 -4.032968333913767 1.8316893235211857
v -6.837631739147183 -4.0071957003145675 1.738552191034156
v -6.832159447103496 -3.9939576571068605 1.7480304801946573
v -6.857541700540539 -3.9454706024259902 1.7040671263723226
v -6.8490151059608415 -3.9417015219129032 1.718835622699487
v -6.852565186132427 -3.873788964220534 1.7126867059674176
v -6.844701450155254 -3.879587611271665 1.7263070970103378
v -6.82966728613853 -3.8021084985001865 1.7523470383243023
v -6.823598394826885 -3.8135191920997613 1.762860228235187
v -6.792831398191449 -3.7483478579165093 1.8161486750431521
v -6.7894882173480955 -3.7637388259335225 1.821939233894927
v -6.746040139171598 -3.730427647001579 1.8971935200266046
v -6.746018278110501 -3.747090069695534 1.8972313837697037
v -6.703230716279981 -3.7463573370121814 1.971341620518956
v -6.707134477190014 -3.7615593624524815 1.9645801070981044
v -6.678341117469785 -3.7941436665724018 2.0144516714620693
v -6.685687214750287 -3.8027366245313923 2.0017278563815637
v -6.670376664461132 -3.8558695443087627 2.0282465070894453
v -6.678848710988994 -3.8557278371462376 2.013570929433172
v -6.678341117469785 -3.9136116328304507 2.0144516662399603
v -6.685658222318645 -3.9050908933382056 2.0017796297805575
v -6.699247318647382 -3.955425595107192 1.9782410589968684
v -6.703362663398739 -3.9404980034517383 1.971113072901634
v -6.730110452402112 -3.9693635807237193 1.9247845385359348
v -6.7310231517028765 -3.9529900362696626 1.9232036975692104
v -6.765950881317135 -3.9693635780102277 1.8627070899199083
v -6.765950881317135 -3.9529900336252712 1.8627070906356167
v -6.765950881317135 -3.9693635780102277 1.8627070899199083
v -6.881742801496502 -3.969363580932443 1.9295595810683785
v -6.881742801496502 -3.9529900365474866 1.9295595817840905
v -6.765950881317135 -3.9529900336252712 1.8627070906356167
v -7.1017448466548885 -3.9693635864845866 2.0565778113025246
v -7.1017448466548885 -3.9529900420996302 2.0565778120182365
v -8.09173934357738 -3.969363611468861 2.6281513566762023
v -8.711211119704243 -3.969363627102414 2.985805328965764
v -8.711211119704243 -3.9529900827174576 2.985805329681476
v -8.09173934357738 -3.9529900670839044 2.628151357391914
v -9.323580220401283 -3.9693636425565595 3.339354963859062
v -9.323580220401283 -3.952989317419421 3.339354964574806
v -9.863843007642265 -3.969363656191053 3.651275805537203
v -9.863843007642265 -3.9529893310539146 3.651275806252947
v -10.278053321355577 -3.969363666644388 3.890420223284403
v -10.278053321355577 -3.9529893415072497 3.890420224000147
v -5.082540236476895 -4.239385290323455 4.874977445651044
v -5.081136444053647 -4.223238554553652 4.877408886344025
v -5.082540236476895 -4.239385290323455 4.874977445651044
v -5.199580232204434 -4.229612615964749 4.891071062381192
v -5.199288126287457 -4.212978690749278 4.891578566941099
v -5.081136444053647 -4.223238554553652 4.877408886344025
v -5.227700544893262 -4.246592008130353 4.527033458475277
v -5.227657603523251 -4.23021924450083 4.5271078358312735
v -4.326422911245343 -4.231156609749573 6.180092176279212
v -4.32423524363136 -4.215338961083835 6.183881328719282
v -4.326422911245343 -4.231156609749573 6.180092176279212
v -4.439121607227323 -4.217881090956347 6.201448771404394
v -4.439048997274396 -4.200580793736846 6.20157453629788
v -4.32423524363136 -4.215338961083835 6.183881328719282
v -4.504843479438779 -4.2649729211030145 5.779058717857065
v -4.505084731863019 -4.248603670836793 5.778640857084248
v -6.400504207485195 -4.249428782390361 2.495679332850596
v -6.400825096632001 -4.233064997383385 2.49512353721731
v -6.234636167709347 -4.215629645621759 2.8518007874425138
v -6.232363398107525 -4.1998912433089375 2.855737340857207
v -6.234636167709347 -4.215629645621759 2.8518007874425138
v -6.3136056229801145 -4.20221202888591 2.8492392303183713
v -6.3134744566135375 -4.185095989185796 2.849466417895151
v -6.232363398107525 -4.1998912433089375 2.855737340857207
v -6.823435110092158 -3.6192758717073774 2.105313202673461
v -6.706879135437008 -3.6090562148896383 2.07943069361729
v -6.706819798271175 -3.626046943878963 2.0795334678684974
v -6.82392542246246 -3.636580853408346 2.104463955914838
v -6.648640072090146 -3.620439972738013 2.0944982621280417
v -6.6537789829521135 -3.634623506863372 2.0855974061156033
v -7.530164099090572 -3.9693635972965096 2.3039257630156094
v -7.530164099090572 -3.952990052911553 2.3039257637313213
v -4.057630081501959 -3.8737892529712674 8.318533140346036
v -4.053653424863813 -3.859476113895634 8.325419351337933
v -10.512263776993152 -3.9693636725551062 4.025641682503114
v -10.512263776993152 -3.952989347417968 4.025641683218858
v -10.656474271898265 -3.969363676194515 4.108901644158701
v -10.656474271898265 -3.9529901318095586 4.108901644874411
v -10.656474271898265 -3.969363676194515 4.108901644158701
v -10.620633842983242 -3.9693636789080067 4.1709790927747274
v -10.621546542284007 -3.95299013445395 4.169398251808005
v -10.656474271898265 -3.9529901318095586 4.108901644874411
v -10.589771489980693 -3.9554256932914207 4.22443426093311
v -10.593885273227688 -3.9404981016360843 4.2173089794429774
v -10.568864508050915 -3.913611731014738 4.260646220478753
v -10.57618242649668 -3.905090991522435 4.247972850679705
v -10.56089927429008 -3.8558696424931087 4.274442413630791
v -10.569371996969219 -3.8557279353306013 4.2597672263506094
v -10.568864508050915 -3.794143764756689 4.260646225700864
v -10.576211386083598 -3.802736722715621 4.247921058317807
v -10.593754815857109 -3.7463574351964866 4.217536584096747
v -10.597657867771144 -3.761559460636769 4.210774661336899
v -10.636563529752728 -3.7304277451858665 4.143388074265397
v -10.63654237768763 -3.747090948632021 4.143426347347459
v -10.68335556952476 -3.748347956100737 4.062341876979396
v -10.680013097677405 -3.763738924117769 4.068132845170169
v -10.72019067671966 -3.802108596684474 3.9985415925630967
v -10.714121818252737 -3.8135185095318676 4.009054801436923
v -10.743088576713557 -3.8737890624048212 3.958881260206212
v -10.735225621488567 -3.879587709455894 3.9725002989465796
v -10.748065871873852 -3.945470700610218 3.9502603283085644
v -10.739539277294154 -3.941701620097132 3.9650288246357306
v -10.728155129728313 -4.007195798498855 3.9847467452729504
v -10.722682837684626 -3.993957755291148 3.99422503443345
v -10.676385794795985 -4.049008985525706 4.074413868712266
v -10.674383165449138 -4.032968432097995 4.077882525457428
v -10.610678471910472 -4.062946978453617 4.18822229851531
v -10.610967350217814 -4.046421187371298 4.187721947293706
v -10.548953765905376 -4.04104493254107 4.295132634570946
v -10.55179180008697 -4.025422861916426 4.290217015479945
v -10.502161726133343 -3.9872839023350855 4.376178833423602
v -10.508342160406109 -3.9755023514406798 4.365474006942739
v -10.481254744203563 -3.9056476750151434 4.41239079470993
v -10.489481529945369 -3.9018524380355553 4.398141582893096
v -10.482250203235623 -3.80609162195554 4.410666613308795
v -10.490409063537593 -3.809047158722816 4.396535051518837
v -10.501166267101283 -3.698569553026144 4.377903031796574
v -10.50855835700434 -3.705881296651052 4.365101192563099
v -10.513380872937848 -3.6204400702716306 4.3258072323876675
v -10.518519855385524 -3.6346251659012765 4.316904614635186
v -10.494271395849372 -3.609056310471228 4.266082466666692
v -10.485407843242461 -3.6192759641237817 4.219553983460672
v -10.485898936364944 -3.636580945824691 4.2187033843995
v -10.494212058683539 -3.626047039460553 4.266185240917899
v -10.513380872937848 -3.6204400702716306 4.3258072323876675
v -10.518519855385524 -3.6346251659012765 4.316904614635186
v -10.59338142601936 -3.585924571752603 4.1872422006780035
v -10.650738013860877 -3.5760039411619244 4.118838789838728
v -10.65062878031158 -3.592505919289019 4.1190263498330335
v -10.595408258683849 -3.6019444352456578 4.183731622554657
v -10.70183128915977 -3.590273354548011 4.0303409963158146
v -10.699147843910213 -3.6060566504865346 4.034988859494616
v -10.748066652626033 -3.6428175825204843 3.9502589892354028
v -10.742873869863505 -3.6557487909281194 3.959253152938654
v -10.784902540573116 -3.7244538086344425 3.8864573512980733
v -10.777966338188167 -3.733521465001412 3.8984712067671907
v -10.807800440567013 -3.8260019490774617 3.8467970176356285
v -10.799799292205806 -3.8303483970804644 3.8606554139910507
v -10.813773975511547 -3.937505852250692 3.836450545941876
v -10.805478483577724 -3.9363573664190143 3.8508187605993154
v -10.79983598755836 -4.049008976179248 3.8605918462131825
v -10.792265814401622 -4.042054426691163 3.8737037720542844
v -10.765987257459637 -4.144583195597951 3.919219566843239
v -10.760314312105175 -4.132274247502022 3.929045397718806
v -10.71222622371101 -4.208299214113523 4.012336413133442
v -10.709136006574626 -4.192929326892497 4.017688827303205
v -10.635567289968487 -4.244140039208512 4.145113589865739
v -10.634389134925838 -4.227876190594326 4.1471542151265215
v -10.53302407913589 -4.256087116861163 4.3227236541247045
v -10.532814837551113 -4.23971005910723 4.32308607192431
v -10.414782284179683 -4.2544217814090715 4.527524466377065
v -10.41489393174171 -4.238049798520026 4.527331087827875
v -10.291028378818508 -4.249428880574589 4.74187253478684
v -10.172020050555352 -4.237679738564648 4.906611932213005
v -10.173136597761328 -4.221408472630929 4.904676378535957
v -10.291348487213131 -4.233065095567673 4.741318091456103
v -10.108552470254178 -4.215751536250655 4.985992859716582
v -10.1105605648663 -4.199869084836147 4.982514738248959
v -10.108552470254178 -4.215751536250655 4.985992859716582
v -10.008676519962783 -4.202212122137527 4.982587440365494
v -10.008545353596206 -4.185096082437413 4.982814627942274
v -10.1105605648663 -4.199869084836147 4.982514738248959
v -10.05347154635809 -4.215629741996871 5.056606251874889
v -10.034813856683906 -4.2374966625658255 5.144258411630938
v -10.033513904300865 -4.221259749911141 5.14650999608854
v -10.05119948724335 -4.19989212043625 5.060543215489426
v -10.008676519962783 -4.202212122137527 4.982587440365494
v -10.05347154635809 -4.215629741996871 5.056606251874889
v -10.05119948724335 -4.19989212043625 5.060543215489426
v -10.008545353596206 -4.185096082437413 4.982814627942274
v -9.963940840440745 -4.249305936869837 5.3084048133185195
v -9.963554368110653 -4.232948007557781 5.309074203796426
v -9.841363456861671 -4.256190228515131 5.520716722905913
v -9.841147260263439 -4.239822539787837 5.5210895497865184
v -9.697396730016704 -4.263280640355727 5.770072789895778
v -9.697312408781048 -4.24690553447279 5.770218839287093
v -9.57725770725822 -4.26229416906953 5.978159697318048
v -9.577964287982937 -4.245926480272442 5.976935864224604
v -9.447062668151672 -4.258297508506878 6.203662500090701
v -9.351753835281368 -4.2539780042758615 6.368743891262186
v -9.351997429962154 -4.23761109626601 6.368321973581612
v -9.446477884767349 -4.241892734078915 6.204675375418676
v -9.232906957384106 -4.245221487176503 6.574592738301746
v -9.233033439237591 -4.228846381277607 6.5743736660042185
v -9.118224611625667 -4.246592106314657 6.773228403090162
v -9.012382895577979 -4.247416587148501 6.92260925312117
v -9.012804501756262 -4.231038748594624 6.9218790104593815
v -9.118181670255657 -4.230219342685134 6.7733027804461585
v -8.944016083754356 -4.23702321724544 6.994531323941938
v -8.94504823813897 -4.220777325764097 6.99274358067929
v -8.944016083754356 -4.23702321724544 6.994531323941938
v -8.865378127441254 -4.229612708477688 7.007520301359046
v -8.865086126125183 -4.212978002509958 7.0080260632403455
v -8.94504823813897 -4.220777325764097 6.99274358067929
v -8.90784585987271 -4.239385386861856 7.083518507342815
v -8.856397978639196 -4.254942659616629 7.192783074905231
v -8.855725751010489 -4.238606591387304 7.193947408115946
v -8.906442067449461 -4.223238651092053 7.085949948035793
v -8.865378127441254 -4.229612708477688 7.007520301359046
v -8.90784585987271 -4.239385386861856 7.083518507342815
v -8.906442067449461 -4.223238651092053 7.085949948035793
v -8.865086126125183 -4.212978002509958 7.0080260632403455
v -8.732157491914744 -4.26488281691181 7.4419163201449585
v -8.7319685498867 -4.2485120051737955 7.442243578077958
v -8.558800838926311 -4.26847194781739 7.742178873866857
v -8.558802400430675 -4.252097622680133 7.742176169977499
v -8.395367546171185 -4.264973019287319 8.025253662471949
v -8.261778777390548 -4.253019712530498 8.234574478849293
v -8.262773455670423 -4.236723852912344 8.23285164611129
v -8.395608798595426 -4.248603769021098 8.024835801699131
v -8.201941524156448 -4.231245318985298 8.327428748188728
v -8.204033159252043 -4.215380824864652 8.323805930347337
v -8.201941524156448 -4.231245318985298 8.327428748188728
v -8.067229272042866 -4.217881182518106 8.29613754737482
v -8.067156662089939 -4.200580885298605 8.296263312268307
v -8.204033159252043 -4.215380824864652 8.323805930347337
v -8.16280371425398 -4.231156706567476 8.395027495410421
v -8.114589495743871 -4.252886995803238 8.48951217483683
v -8.113560464367986 -4.2365954304753 8.491294510311532
v -8.160616046639998 -4.215339057901738 8.398816647850492
v -8.067229272042866 -4.217881182518106 8.29613754737482
v -8.16280371425398 -4.231156706567476 8.395027495410421
v -8.160616046639998 -4.215339057901738 8.398816647850492
v -8.067156662089939 -4.200580885298605 8.296263312268307
v -8.001890307500835 -4.264884824081053 8.706776283844214
v -8.001605332954403 -4.2485194776155835 8.707269874990779
v -7.823489995416638 -4.272224298474759 9.015774711883381
v -7.823334235356328 -4.255853877110323 9.016044496957933
v -7.602077264873501 -4.279980307414052 9.399272839756328
v -7.6020245641012165 -4.263605982280904 9.399364120894285
v -7.387034691383359 -4.277990186383065 9.771737531539488
v -7.387334890597341 -4.2616189842319265 9.771217571924133
v -7.227744460082051 -4.256087367105057 10.047636327460728
v -7.2288398553934075 -4.239825860575286 10.045739047692111
v -7.119227714304921 -4.212282103021132 10.23559286097647
v -7.122042716297147 -4.196715075427064 10.230717134808323
v -7.056507158891676 -4.144584257196188 10.344228060938047
v -7.062130526482579 -4.132047718983957 10.334488102360519
v -7.025644805889127 -4.054983187245227 10.397683232403768
v -7.033258701168058 -4.048225776533508 10.384495578219164
v -7.012702276968 -3.9454709834159223 10.420100356583093
v -7.0209915228843665 -3.9444294593775435 10.40574296044179
v -7.018675811912534 -3.8339670793381755 10.409753894637321
v -7.026643387929914 -3.838924074338509 10.395953646884939
v -7.044560089002607 -3.738392079770284 10.364921012332799
v -7.051179696377751 -3.7483291026656023 10.353455514717497
v -7.0810430769634225 -3.666283757358447 10.30173062186903
v -7.085973917368886 -3.6795577152075207 10.293190154526265
v -7.1355187303857335 -3.6101355679291727 10.16711670355359
v -7.108815992725549 -3.616231287332636 10.092592532520623
v -7.1076632121288155 -3.6324463391119224 10.094589206528791
v -7.1359266734008315 -3.62672186725284 10.166410124745541
v -7.093879037209806 -3.6228266890015126 10.037947118950504
v -7.09477924447566 -3.639720995023712 10.036387913370415
v -7.218993630677176 -3.59572990309905 10.022533924611748
v -7.267382077234266 -3.6022975885503765 9.97898198396466
v -7.2656113312854735 -3.6183869392751458 9.982049005447651
v -7.219867682744932 -3.612380224066353 10.021020021177794
v -7.300374322189328 -3.6247227406002134 9.92183773407543
v -7.2968211190090155 -3.6396023159539137 9.92799206233585
v -7.32730090344238 -3.6587479186534493 9.875199522199958
v -7.321423401016233 -3.6706883525939586 9.885379655283982
v -7.344226049243924 -3.7105160811760953 9.845884305230678
v -7.33622958539581 -3.7159758817902837 9.859734587722125
v -7.3472124263401 -3.786179165284369 9.840711744664734
v -7.338903271243093 -3.7837248714293192 9.855103624673902
v -7.331283520322797 -3.867816176145351 9.868301417747269
v -7.324384794042585 -3.8581309458498607 9.880250363513639
v -7.291460474527356 -3.937506118926297 9.937276958631077
v -7.286980518507001 -3.9235884308690228 9.945036471278623
v -7.23869568056297 -3.9852924505969582 10.028668267562168
v -7.236372552445409 -3.969422881921373 10.032692044497152
v -7.183939187782285 -4.001222141512077 10.123509301694044
v -7.184141402597425 -3.9846167137137556 10.123159056059112
v -7.138143387794492 -3.9833011497696003 10.202829960924662
v -7.1422493635196656 -3.968224434448092 10.195718202466558
v -7.112258720328328 -3.9295420698611654 10.247663525908061
v -7.1198780808725335 -3.9217610930384206 10.23446640565034
v -7.105289726351735 -3.851886896862027 10.259734181875109
v -7.113653924477575 -3.852406877181987 10.245246964620629
v -7.116240946832654 -3.7622862141214375 10.240766114056296
v -7.123760371097562 -3.769718193572662 10.227742087860157
v -7.145112381771085 -3.6906049637294327 10.190759321146187
v -7.149778156810758 -3.705122659824511 10.182677960465211
v -7.191904421543119 -3.6667119915369257 10.109713125687897
v -7.192180807815549 -3.683468494846232 10.109234409852297
v -7.234713063682554 -3.682640894313172 10.035566376105514
v -7.229952036876676 -3.6975228120148635 10.043812716412646
v -7.251637819108007 -3.730428001459794 10.006251835461526
v -7.242899250310895 -3.7340827030853685 10.02138748160686
v -7.245664674539563 -3.7881700910367027 10.016597623606028
v -7.238199122175214 -3.7795174055448317 10.029528340979487
v -7.039729400723038 -3.8737893282298943 10.040249754283694
v -7.035753810612259 -3.8594761891542486 10.047135679500407
v -7.219779616697308 -3.833967064112535 10.06143186038897
v -7.215023274404523 -3.820520169641936 10.069670088119086
v -7.183939578158376 -3.873789331869256 10.123508631113035
v -7.179963597671506 -3.8594761927936396 10.130395232481023
v -7.183939578158376 -3.873789331869256 10.123508631113035
v -7.179963597671506 -3.8594761927936396 10.130395232481023
v -3.3596207908449145 -3.595729805700903 7.794324147851238
v -3.379960327740667 -3.6092824950666937 7.8541352265640025
v -3.3827336640920613 -3.6246957140577436 7.849330104549518
v -3.3604944525365807 -3.612380126668235 7.792810920568559
v -3.3902554699993113 -3.622826595533975 7.8996592197544935
v -3.391155677265165 -3.639720120803992 7.898100014174439
v -7.145882592942414 -3.6092825901064494 10.028391293051564
v -7.218993630677176 -3.59572990309905 10.022533924611748
v -7.219867682744932 -3.612380224066353 10.021020021177794
v -7.148656605445084 -3.624695809097516 10.02358656141317
v -7.093879037209806 -3.6228266890015126 10.037947118950504
v -7.09477924447566 -3.639720995023712 10.036387913370415
v -3.2761458905534724 -3.6101354705310253 7.938906926793081
v -3.228287897035596 -3.6251754924276227 7.9901180431333785
v -3.2311821453742953 -3.6406656154995147 7.985105056898725
v -3.2765530528163884 -3.6267217698547523 7.938201700287582
v -7.118811963768002 -3.625175590611927 10.236312987748262
v -7.1355187303857335 -3.6101355679291727 10.16711670355359
v -7.1359266734008315 -3.62672186725284 10.166410124745541
v -7.121706212106702 -3.640665713683819 10.23130000151361
v -6.7286391682682005 -3.585924474219027 1.955934192344838
v -6.740965318799969 -3.605956626146326 2.0203901262908097
v -6.744056212087628 -3.6211184429108627 2.0150381025062316
v -6.730666781684871 -3.6019443377120233 1.9524222619189366
v -6.740965318799969 -3.605956626146326 2.0203901262908097
v -6.823435110092158 -3.6192758717073774 2.105313202673461
v -6.82392542246246 -3.636580853408346 2.104463955914838
v -6.744056212087628 -3.6211184429108627 2.0150381025062316
v -10.528357474611427 -3.605956721727992 4.207043642018853
v -10.59338142601936 -3.585924571752603 4.1872422006780035
v -10.595408258683849 -3.6019444352456578 4.183731622554657
v -10.531449253252173 -3.621118538492393 4.201688523253084
v -10.485407843242461 -3.6192759641237817 4.219553983460672
v -10.485898936364944 -3.636580945824691 4.2187033843995
v -9.52615981920242 -4.244950543967068 6.066663843149099
v -9.528334214029307 -4.2290813653270645 6.062897681237478
v -9.52615981920242 -4.244950543967068 6.066663843149099
v -9.450433677141424 -4.231855768180049 6.062307962797444
v -9.450654557102617 -4.214484422489837 6.061927022912281
v -9.528334214029307 -4.2290813653270645 6.062897681237478
v -5.679686723947523 -4.231855673018533 3.8852663616128993
v -5.6649294349365205 -4.244950446521964 3.837379809622206
v -5.667103049011227 -4.229081267882019 3.833615000013136
v -5.679906896062848 -4.214485888832667 3.884885013052699
v -5.6649294349365205 -4.244950446521964 3.837379809622206
v -5.667103049011227 -4.229081267882019 3.833615000013136
v -5.629901769042966 -4.243613411062234 3.8980495113408047
v -5.627945984827038 -4.2276665478928175 3.901437029928795
v -5.679686723947523 -4.231855673018533 3.8852663616128993
v -5.679906896062848 -4.214485888832667 3.884885013052699
v -9.491132934061046 -4.24361350850728 6.127332192565147
v -9.48917714984512 -4.227666645337863 6.130719711153137
v -9.450433677141424 -4.231855768180049 6.062307962797444
v -9.491132934061046 -4.24361350850728 6.127332192565147
v -9.48917714984512 -4.227666645337863 6.130719711153137
v -9.450654557102617 -4.214484422489837 6.061927022912281
vt 0.026674000546336174 0.04004800319671631
vt 0.026674000546336174 0.04545801877975464
vt 0.03699199855327606 0.04545801877975464
vt 0.036991000175476074 0.04004800319671631
vt 0.026674000546336174 0.0486220121383667
vt 0.036991000175476074 0.0486220121383667
vt 0.05659399926662445 0.0486220121383667
vt 0.05659399926662445 0.04545801877975464
vt 0.05659399926662445 0.04004800319671631
vt 0.1448040008544922 0.04004800319671631
vt 0.1448040008544922 0.04545801877975464
vt 0.20000000298023224 0.04545801877975464
vt 0.20000000298023224 0.04004698991775513
vt 0.1448040008544922 0.0486220121383667
vt 0.20000000298023224 0.0486220121383667
vt 0.25456300377845764 0.0486220121383667
vt 0.25456300377845764 0.04545801877975464
vt 0.25456300377845764 0.04004698991775513
vt 0.30270200967788696 0.04545801877975464
vt 0.3027009963989258 0.04004698991775513
vt 0.30270200967788696 0.0486220121383667
vt 0.33960801362991333 0.0486220121383667
vt 0.33960801362991333 0.04545801877975464
vt 0.33960801362991333 0.04004698991775513
vt 0.026674000546336174 0.05212801694869995
vt 0.03699199855327606 0.05212801694869995
vt 0.026674000546336174 0.05494898557662964
vt 0.036991000175476074 0.05494898557662964
vt 0.05659399926662445 0.05494898557662964
vt 0.05659399926662445 0.05212801694869995
vt 0.1448040008544922 0.05212801694869995
vt 0.20000000298023224 0.05212801694869995
vt 0.1448040008544922 0.05494898557662964
vt 0.20000000298023224 0.05494898557662964
vt 0.25456300377845764 0.05494898557662964
vt 0.25456300377845764 0.05212801694869995
vt 0.30270200967788696 0.05212801694869995
vt 0.30270200967788696 0.05494898557662964
vt 0.33960801362991333 0.05494898557662964
vt 0.33960801362991333 0.05212801694869995
vt 0.026674000546336174 0.060778021812438965
vt 0.03699199855327606 0.060778021812438965
vt 0.026674000546336174 0.0673220157623291
vt 0.036991000175476074 0.0673220157623291
vt 0.05659399926662445 0.0673220157623291
vt 0.05659399926662445 0.060778021812438965
vt 0.1448040008544922 0.060778021812438965
vt 0.20000000298023224 0.060778021812438965
vt 0.1448040008544922 0.0673220157623291
vt 0.20000000298023224 0.0673220157623291
vt 0.25456300377845764 0.0673220157623291
vt 0.25456300377845764 0.060778021812438965
vt 0.30270200967788696 0.060778021812438965
vt 0.30270200967788696 0.0673220157623291
vt 0.33960801362991333 0.0673220157623291
vt 0.33960801362991333 0.060778021812438965
vt 0.026674000546336174 0.07230699062347412
vt 0.03699199855327606 0.07230699062347412
vt 0.026674000546336174 0.07868701219558716
vt 0.036991000175476074 0.07868701219558716
vt 0.05659399926662445 0.07868701219558716
vt 0.05659399926662445 0.07230699062347412
vt 0.1448040008544922 0.07230699062347412
vt 0.20000000298023224 0.07230699062347412
vt 0.1448040008544922 0.07868701219558716
vt 0.20000000298023224 0.07868701219558716
vt 0.25456300377845764 0.07868802547454834
vt 0.25456300377845764 0.07230699062347412
vt 0.3027009963989258 0.07230699062347412
vt 0.3027009963989258 0.07868802547454834
vt 0.33960801362991333 0.07868802547454834
vt 0.33960801362991333 0.07230699062347412
vt 0.026674000546336174 0.08403897285461426
vt 0.03699199855327606 0.08403897285461426
vt 0.026674000546336174 0.08762401342391968
vt 0.036991000175476074 0.08762401342391968
vt 0.05659399926662445 0.08762401342391968
vt 0.05659399926662445 0.08403897285461426
vt 0.1448040008544922 0.08403897285461426
vt 0.20000000298023224 0.08403897285461426
vt 0.1448040008544922 0.08762401342391968
vt 0.20000000298023224 0.08762401342391968
vt 0.25456300377845764 0.08762401342391968
vt 0.25456300377845764 0.08403897285461426
vt 0.3027009963989258 0.08403897285461426
vt 0.3027009963989258 0.08762502670288086
vt 0.33960801362991333 0.08762502670288086
vt 0.33960801362991333 0.08403897285461426
vt 0.026674000546336174 0.09408998489379883
vt 0.036991000175476074 0.09408998489379883
vt 0.026674000546336174 0.10215002298355103
vt 0.036991000175476074 0.10215002298355103
vt 0.05659399926662445 0.10215002298355103
vt 0.05659399926662445 0.09408998489379883
vt 0.1448040008544922 0.09408998489379883
vt 0.20000000298023224 0.09408998489379883
vt 0.1448040008544922 0.10215002298355103
vt 0.20000000298023224 0.10215002298355103
vt 0.25456300377845764 0.10215002298355103
vt 0.25456300377845764 0.09408998489379883
vt 0.3027009963989258 0.09408998489379883
vt 0.3027009963989258 0.10215002298355103
vt 0.33960801362991333 0.10215002298355103
vt 0.33960801362991333 0.09408998489379883
vt 0.026674000546336174 0.10996097326278687
vt 0.036991000175476074 0.10996097326278687
vt 0.026674000546336174 0.11501199007034302
vt 0.036991000175476074 0.11501199007034302
vt 0.05659399926662445 0.11501199007034302
vt 0.05659399926662445 0.10996097326278687
vt 0.1448040008544922 0.10996097326278687
vt 0.20000000298023224 0.10996097326278687
vt 0.1448040008544922 0.11501199007034302
vt 0.20000000298023224 0.11501199007034302
vt 0.25456300377845764 0.11501199007034302
vt 0.25456300377845764 0.10996097326278687
vt 0.3027009963989258 0.10996097326278687
vt 0.3027009963989258 0.11501199007034302
vt 0.33960801362991333 0.11501199007034302
vt 0.33960801362991333 0.10996097326278687
vt 0.026674000546336174 0.12075299024581909
vt 0.036991000175476074 0.12075299024581909
vt 0.026674000546336174 0.12598097324371338
vt 0.036991000175476074 0.12598097324371338
vt 0.05659399926662445 0.12598097324371338
vt 0.05659399926662445 0.12075299024581909
vt 0.1448040008544922 0.12075299024581909
vt 0.20000000298023224 0.12075299024581909
vt 0.1448040008544922 0.12598097324371338
vt 0.20000000298023224 0.12598097324371338
vt 0.25456300377845764 0.12598097324371338
vt 0.25456300377845764 0.12075299024581909
vt 0.3027009963989258 0.12075299024581909
vt 0.3027009963989258 0.12598097324371338
vt 0.33960801362991333 0.12598097324371338
vt 0.33960801362991333 0.12075299024581909
vt 0.026674000546336174 0.12947499752044678
vt 0.036991000175476074 0.12947499752044678
vt 0.026674000546336174 0.13187402486801147
vt 0.036991000175476074 0.13187402486801147
vt 0.05659399926662445 0.13187402486801147
vt 0.05659399926662445 0.12947601079940796
vt 0.1448040008544922 0.12947499752044678
vt 0.20000000298023224 0.12947499752044678
vt 0.1448040008544922 0.13187402486801147
vt 0.20000000298023224 0.13187402486801147
vt 0.25456300377845764 0.13187402486801147
vt 0.25456300377845764 0.12947499752044678
vt 0.3027009963989258 0.12947499752044678
vt 0.3027009963989258 0.13187402486801147
vt 0.33960801362991333 0.13187402486801147
vt 0.33960801362991333 0.12947499752044678
vt 0.026674000546336174 0.13669097423553467
vt 0.036991000175476074 0.13669097423553467
vt 0.02789600007236004 0.1410599946975708
vt 0.037602998316287994 0.1410599946975708
vt 0.05674700066447258 0.1410599946975708
vt 0.05659399926662445 0.13669097423553467
vt 0.1448040008544922 0.13669097423553467
vt 0.20000000298023224 0.13669097423553467
vt 0.1448040008544922 0.1410599946975708
vt 0.20000000298023224 0.1410599946975708
vt 0.25456300377845764 0.1410599946975708
vt 0.25456300377845764 0.13669097423553467
vt 0.3027009963989258 0.13669097423553467
vt 0.3027009963989258 0.1410599946975708
vt 0.33941400051116943 0.1410599946975708
vt 0.33960801362991333 0.13669097423553467
vt 0.034008000046014786 0.14691400527954102
vt 0.03156299889087677 0.15030598640441895
vt 0.03943600133061409 0.15030598640441895
vt 0.040658000856637955 0.14691400527954102
vt 0.02789600007236004 0.15401500463485718
vt 0.037602998316287994 0.15401500463485718
vt 0.05674700066447258 0.15401500463485718
vt 0.05720499902963638 0.15030598640441895
vt 0.05751100182533264 0.14691299200057983
vt 0.1448040008544922 0.14691299200057983
vt 0.1448040008544922 0.15030598640441895
vt 0.20000000298023224 0.15030598640441895
vt 0.20000000298023224 0.14691400527954102
vt 0.1448040008544922 0.15401500463485718
vt 0.20000000298023224 0.15401500463485718
vt 0.25456300377845764 0.15401500463485718
vt 0.25456300377845764 0.15030598640441895
vt 0.25456300377845764 0.14691299200057983
vt 0.3027009963989258 0.15030598640441895
vt 0.3027009963989258 0.14691299200057983
vt 0.30270200967788696 0.15401500463485718
vt 0.33941400051116943 0.15401500463485718
vt 0.33883199095726013 0.15030598640441895
vt 0.33844301104545593 0.14691299200057983
vt 0.026674000546336174 0.16441398859024048
vt 0.026674000546336174 0.16972100734710693
vt 0.03699199855327606 0.16972100734710693
vt 0.036991000175476074 0.16441398859024048
vt 0.026674000546336174 0.17671197652816772
vt 0.036991000175476074 0.17671197652816772
vt 0.05659399926662445 0.17671197652816772
vt 0.05659399926662445 0.16972100734710693
vt 0.05659399926662445 0.16441398859024048
vt 0.1448040008544922 0.16441398859024048
vt 0.1448040008544922 0.16972100734710693
vt 0.20000000298023224 0.16972100734710693
vt 0.20000000298023224 0.16441398859024048
vt 0.1448040008544922 0.17671197652816772
vt 0.20000000298023224 0.17671197652816772
vt 0.25456300377845764 0.17671197652816772
vt 0.25456300377845764 0.16972100734710693
vt 0.25456300377845764 0.16441398859024048
vt 0.3027009963989258 0.16972100734710693
vt 0.3027009963989258 0.16441398859024048
vt 0.3027009963989258 0.17671102285385132
vt 0.33960801362991333 0.17671102285385132
vt 0.33960801362991333 0.16972100734710693
vt 0.33960801362991333 0.16441398859024048
vt 0.026674000546336174 0.18485301733016968
vt 0.03699199855327606 0.18485301733016968
vt 0.026674000546336174 0.19286197423934937
vt 0.036991000175476074 0.19286298751831055
vt 0.05659399926662445 0.19286197423934937
vt 0.05659399926662445 0.18485301733016968
vt 0.1448040008544922 0.18485301733016968
vt 0.20000000298023224 0.18485301733016968
vt 0.1448040008544922 0.19286197423934937
vt 0.20000000298023224 0.19286197423934937
vt 0.25456300377845764 0.19286197423934937
vt 0.25456300377845764 0.18485301733016968
vt 0.3027009963989258 0.18485301733016968
vt 0.30270200967788696 0.19286197423934937
vt 0.33960801362991333 0.19286197423934937
vt 0.33960801362991333 0.18485301733016968
vt 0.026674000546336174 0.19932997226715088
vt 0.03699199855327606 0.19932997226715088
vt 0.026674000546336174 0.2085769772529602
vt 0.036991000175476074 0.2085769772529602
vt 0.05659399926662445 0.2085769772529602
vt 0.05659399926662445 0.19932997226715088
vt 0.1448040008544922 0.19932997226715088
vt 0.20000000298023224 0.19932997226715088
vt 0.1448040008544922 0.2085769772529602
vt 0.20000000298023224 0.2085769772529602
vt 0.25456300377845764 0.2085769772529602
vt 0.25456300377845764 0.19932997226715088
vt 0.30270200967788696 0.19932997226715088
vt 0.30270200967788696 0.2085769772529602
vt 0.33960801362991333 0.2085769772529602
vt 0.33960801362991333 0.19932997226715088
vt 0.026674000546336174 0.22505801916122437
vt 0.03699199855327606 0.22505801916122437
vt 0.026674000546336174 0.2495189905166626
vt 0.036991000175476074 0.2495189905166626
vt 0.05659399926662445 0.2495189905166626
vt 0.05659399926662445 0.22505801916122437
vt 0.1448040008544922 0.22505801916122437
vt 0.20000000298023224 0.22505801916122437
vt 0.1448040008544922 0.2495189905166626
vt 0.20000000298023224 0.2495189905166626
vt 0.25456300377845764 0.2495189905166626
vt 0.25456300377845764 0.22505801916122437
vt 0.30270200967788696 0.22505801916122437
vt 0.30270200967788696 0.2495189905166626
vt 0.33960801362991333 0.2495189905166626
vt 0.33960801362991333 0.22505801916122437
vt 0.026674000546336174 0.28265202045440674
vt 0.03699199855327606 0.28265202045440674
vt 0.026674000546336174 0.31680601835250854
vt 0.036991000175476074 0.31680601835250854
vt 0.05659399926662445 0.31680601835250854
vt 0.05659399926662445 0.28265202045440674
vt 0.1448040008544922 0.28265202045440674
vt 0.20000000298023224 0.28265202045440674
vt 0.1448040008544922 0.31680601835250854
vt 0.20000000298023224 0.31680601835250854
vt 0.25456300377845764 0.31680601835250854
vt 0.25456300377845764 0.28265202045440674
vt 0.30270200967788696 0.28265202045440674
vt 0.30270200967788696 0.31680601835250854
vt 0.33960801362991333 0.31680601835250854
vt 0.33960801362991333 0.28265202045440674
vt 0.026674000546336174 0.3443179726600647
vt 0.03699199855327606 0.3443179726600647
vt 0.027560999616980553 0.363070011138916
vt 0.03743499889969826 0.363070011138916
vt 0.05670500174164772 0.363070011138916
vt 0.05659399926662445 0.3443179726600647
vt 0.1448040008544922 0.3443179726600647
vt 0.20000000298023224 0.3443179726600647
vt 0.1448040008544922 0.3630710244178772
vt 0.20000000298023224 0.363070011138916
vt 0.25456300377845764 0.363070011138916
vt 0.25456300377845764 0.3443179726600647
vt 0.30270200967788696 0.3443179726600647
vt 0.30270200967788696 0.363070011138916
vt 0.3395020067691803 0.3630710244178772
vt 0.33960801362991333 0.3443179726600647
vt 0.03857899829745293 0.37431299686431885
vt 0.030223999172449112 0.37775397300720215
vt 0.03876600041985512 0.37775397300720215
vt 0.03965400159358978 0.37431299686431885
vt 0.02756199985742569 0.3860980272293091
vt 0.03743499889969826 0.3860980272293091
vt 0.05670500174164772 0.3860980272293091
vt 0.05703800171613693 0.37775301933288574
vt 0.057259999215602875 0.37431299686431885
vt 0.1448040008544922 0.37431299686431885
vt 0.1448040008544922 0.37775397300720215
vt 0.20000000298023224 0.37775397300720215
vt 0.20000000298023224 0.37431299686431885
vt 0.1448040008544922 0.3860980272293091
vt 0.20000000298023224 0.3860980272293091
vt 0.25456300377845764 0.3860980272293091
vt 0.25456300377845764 0.37775301933288574
vt 0.25456300377845764 0.37431299686431885
vt 0.30270200967788696 0.37775397300720215
vt 0.30270200967788696 0.37431299686431885
vt 0.30270200967788696 0.3860980272293091
vt 0.3395020067691803 0.3860980272293091
vt 0.3391830027103424 0.37775301933288574
vt 0.33897000551223755 0.37431299686431885
vt 0.026674000546336174 0.4303100109100342
vt 0.026674000546336174 0.45703399181365967
vt 0.03699199855327606 0.45703399181365967
vt 0.036991000175476074 0.4303100109100342
vt 0.027605000883340836 0.4784020185470581
vt 0.037457000464200974 0.4784020185470581
vt 0.056710001081228256 0.4784020185470581
vt 0.05659399926662445 0.45703399181365967
vt 0.05659399926662445 0.4303100109100342
vt 0.1448040008544922 0.4303100109100342
vt 0.1448040008544922 0.45703399181365967
vt 0.20000000298023224 0.45703399181365967
vt 0.20000000298023224 0.4303100109100342
vt 0.1448040008544922 0.4784020185470581
vt 0.20000000298023224 0.4784020185470581
vt 0.25456300377845764 0.4784020185470581
vt 0.25456300377845764 0.45703399181365967
vt 0.25456300377845764 0.4303100109100342
vt 0.30270200967788696 0.45703399181365967
vt 0.30270200967788696 0.4303100109100342
vt 0.30270200967788696 0.4784020185470581
vt 0.33944499492645264 0.4784020185470581
vt 0.33960801362991333 0.45703399181365967
vt 0.33960801362991333 0.4303100109100342
vt 0.038839999586343765 0.4911869764328003
vt 0.03039800003170967 0.4952939748764038
vt 0.0388530008494854 0.4952939748764038
vt 0.03978399932384491 0.4911869764328003
vt 0.027605000883340836 0.5026429891586304
vt 0.037457000464200974 0.5026429891586304
vt 0.056710001081228256 0.5026429891586304
vt 0.05705900117754936 0.4952930212020874
vt 0.05729199945926666 0.4911869764328003
vt 0.1448040008544922 0.4911869764328003
vt 0.1448040008544922 0.4952939748764038
vt 0.20000000298023224 0.4952939748764038
vt 0.20000000298023224 0.4911869764328003
vt 0.1448040008544922 0.5026429891586304
vt 0.20000000298023224 0.5026429891586304
vt 0.25456300377845764 0.5026429891586304
vt 0.25456300377845764 0.4952930212020874
vt 0.25456300377845764 0.4911869764328003
vt 0.30270200967788696 0.4952939748764038
vt 0.30270200967788696 0.4911869764328003
vt 0.30270200967788696 0.5026429891586304
vt 0.33944499492645264 0.5026429891586304
vt 0.33895400166511536 0.4952930212020874
vt 0.3386259973049164 0.4911869764328003
vt 0.026674000546336174 0.5343630015850067
vt 0.026674000546336174 0.5527220070362091
vt 0.03699199855327606 0.5527220070362091
vt 0.036991000175476074 0.5343630015850067
vt 0.027326999232172966 0.5673039853572845
vt 0.037317998707294464 0.5673039853572845
vt 0.056676000356674194 0.5673039853572845
vt 0.05659399926662445 0.5527220070362091
vt 0.05659399926662445 0.5343630015850067
vt 0.1448040008544922 0.5343630015850067
vt 0.1448040008544922 0.5527220070362091
vt 0.20000000298023224 0.5527220070362091
vt 0.20000000298023224 0.5343630015850067
vt 0.1448040008544922 0.5673030018806458
vt 0.20000000298023224 0.5673039853572845
vt 0.25456300377845764 0.5673039853572845
vt 0.25456300377845764 0.5527220070362091
vt 0.25456300377845764 0.5343630015850067
vt 0.30270200967788696 0.5527220070362091
vt 0.30270200967788696 0.5343630015850067
vt 0.30270200967788696 0.5673039853572845
vt 0.33960801362991333 0.5673039853572845
vt 0.33960801362991333 0.5527220070362091
vt 0.33960801362991333 0.5343630015850067
vt 0.027326999232172966 0.5875959992408752
vt 0.026674000546336174 0.6060140132904053
vt 0.03699199855327606 0.6060140132904053
vt 0.037317998707294464 0.5875959992408752
vt 0.026674000546336174 0.6282120048999786
vt 0.036991000175476074 0.6282120048999786
vt 0.05659399926662445 0.6282120048999786
vt 0.05659399926662445 0.6060140132904053
vt 0.056676000356674194 0.5875959992408752
vt 0.1448040008544922 0.5875949859619141
vt 0.1448040008544922 0.6060140132904053
vt 0.20000000298023224 0.6060140132904053
vt 0.20000000298023224 0.5875959992408752
vt 0.1448040008544922 0.6282120048999786
vt 0.20000000298023224 0.6282120048999786
vt 0.25456300377845764 0.6282120048999786
vt 0.25456300377845764 0.6060140132904053
vt 0.25456300377845764 0.5875959992408752
vt 0.30270200967788696 0.6060140132904053
vt 0.30270200967788696 0.5875959992408752
vt 0.30270200967788696 0.6282120048999786
vt 0.33960801362991333 0.6282120048999786
vt 0.33960801362991333 0.6060140132904053
vt 0.33960801362991333 0.5875959992408752
vt 0.026674000546336174 0.6471030116081238
vt 0.03699199855327606 0.6471030116081238
vt 0.027338000014424324 0.6606659889221191
vt 0.0373230017721653 0.6606659889221191
vt 0.05667699873447418 0.6606659889221191
vt 0.05659399926662445 0.6471030116081238
vt 0.1448040008544922 0.6471030116081238
vt 0.20000000298023224 0.6471030116081238
vt 0.1448040008544922 0.6606659889221191
vt 0.20000000298023224 0.6606659889221191
vt 0.25456300377845764 0.6606659889221191
vt 0.25456300377845764 0.6471030116081238
vt 0.30270200967788696 0.6471030116081238
vt 0.30270200967788696 0.6606659889221191
vt 0.3394089937210083 0.6606659889221191
vt 0.33960801362991333 0.6471030116081238
vt 0.03450800105929375 0.6706419885158539
vt 0.029330000281333923 0.6745980083942413
vt 0.038318999111652374 0.6745980083942413
vt 0.038982998579740524 0.6706419885158539
vt 0.027338000014424324 0.6822139918804169
vt 0.0373230017721653 0.6822139918804169
vt 0.05667699873447418 0.6822139918804169
vt 0.056926000863313675 0.6745980083942413
vt 0.05709199979901314 0.6706419885158539
vt 0.1448040008544922 0.6706419885158539
vt 0.1448040008544922 0.6745980083942413
vt 0.20000000298023224 0.6745980083942413
vt 0.20000000298023224 0.6706419885158539
vt 0.1448040008544922 0.6822139918804169
vt 0.20000000298023224 0.6822139918804169
vt 0.25456300377845764 0.6822139918804169
vt 0.25456300377845764 0.6745980083942413
vt 0.25456300377845764 0.6706419885158539
vt 0.30270200967788696 0.6745980083942413
vt 0.30270200967788696 0.6706419885158539
vt 0.30270200967788696 0.6822139918804169
vt 0.3394089937210083 0.6822139918804169
vt 0.338809996843338 0.6745980083942413
vt 0.33841100335121155 0.6706419885158539
vt 0.026674000546336174 0.7167580127716064
vt 0.026674000546336174 0.7349559962749481
vt 0.03699199855327606 0.7349559962749481
vt 0.036991000175476074 0.7167580127716064
vt 0.026674000546336174 0.7506320029497147
vt 0.036991000175476074 0.7506320029497147
vt 0.05659399926662445 0.7506320029497147
vt 0.05659399926662445 0.7349559962749481
vt 0.05659399926662445 0.7167580127716064
vt 0.1448040008544922 0.7167580127716064
vt 0.1448040008544922 0.7349559962749481
vt 0.20000000298023224 0.7349559962749481
vt 0.20000000298023224 0.7167580127716064
vt 0.1448040008544922 0.7506320029497147
vt 0.20000000298023224 0.7506320029497147
vt 0.25456300377845764 0.7506320029497147
vt 0.25456300377845764 0.7349559962749481
vt 0.25456300377845764 0.7167580127716064
vt 0.30270200967788696 0.7349559962749481
vt 0.30270200967788696 0.7167580127716064
vt 0.30270200967788696 0.7506320029497147
vt 0.33960801362991333 0.7506320029497147
vt 0.33960801362991333 0.7349559962749481
vt 0.33960801362991333 0.7167580127716064
vt 0.026674000546336174 0.7621680051088333
vt 0.03699199855327606 0.7621680051088333
vt 0.026674000546336174 0.7668479979038239
vt 0.03699199855327606 0.7668479979038239
vt 0.05659399926662445 0.7668479979038239
vt 0.05659399926662445 0.7621680051088333
vt 0.1448040008544922 0.7621680051088333
vt 0.20000000298023224 0.7621680051088333
vt 0.1448040008544922 0.7668479979038239
vt 0.20000000298023224 0.7668479979038239
vt 0.25456300377845764 0.7668479979038239
vt 0.25456300377845764 0.7621680051088333
vt 0.30270200967788696 0.7621680051088333
vt 0.30270200967788696 0.7668479979038239
vt 0.33960801362991333 0.7668479979038239
vt 0.33960801362991333 0.7621680051088333
vt 0.026674000546336174 0.7738099992275238
vt 0.03699199855327606 0.7738099992275238
vt 0.026674000546336174 0.7819660007953644
vt 0.036991000175476074 0.7819660007953644
vt 0.05659399926662445 0.7819660007953644
vt 0.05659399926662445 0.7738099992275238
vt 0.1448040008544922 0.7738099992275238
vt 0.20000000298023224 0.7738099992275238
vt 0.1448040008544922 0.7819660007953644
vt 0.20000000298023224 0.7819660007953644
vt 0.25456300377845764 0.7819660007953644
vt 0.25456300377845764 0.7738099992275238
vt 0.30270200967788696 0.7738099992275238
vt 0.30270200967788696 0.7819660007953644
vt 0.33960801362991333 0.7819660007953644
vt 0.33960801362991333 0.7738099992275238
vt 0.026674000546336174 0.790145993232727
vt 0.03699199855327606 0.790145993232727
vt 0.026674000546336174 0.7976170033216476
vt 0.036991000175476074 0.7976170033216476
vt 0.05659399926662445 0.7976180016994476
vt 0.05659399926662445 0.790145993232727
vt 0.1448040008544922 0.790145993232727
vt 0.20000000298023224 0.790145993232727
vt 0.1448040008544922 0.7976180016994476
vt 0.20000000298023224 0.7976170033216476
vt 0.25456300377845764 0.7976180016994476
vt 0.25456300377845764 0.790145993232727
vt 0.30270200967788696 0.790145993232727
vt 0.30270200967788696 0.7976170033216476
vt 0.33960801362991333 0.7976180016994476
vt 0.33960801362991333 0.790145993232727
vt 0.026674000546336174 0.803618997335434
vt 0.036991000175476074 0.803618997335434
vt 0.026674000546336174 0.8103670030832291
vt 0.036991000175476074 0.8103670030832291
vt 0.05659399926662445 0.8103660047054291
vt 0.05659399926662445 0.803618997335434
vt 0.1448040008544922 0.803618997335434
vt 0.20000000298023224 0.803618997335434
vt 0.1448040008544922 0.8103670030832291
vt 0.20000000298023224 0.8103670030832291
vt 0.25456300377845764 0.8103670030832291
vt 0.25456300377845764 0.803618997335434
vt 0.30270200967788696 0.803618997335434
vt 0.30270200967788696 0.8103670030832291
vt 0.33960801362991333 0.8103670030832291
vt 0.33960801362991333 0.803618997335434
vt 0.026674000546336174 0.8178550004959106
vt 0.036991000175476074 0.8178540021181107
vt 0.02777799963951111 0.8243090063333511
vt 0.03754299879074097 0.8243090063333511
vt 0.056731998920440674 0.8243090063333511
vt 0.05659399926662445 0.8178550004959106
vt 0.1448040008544922 0.8178550004959106
vt 0.20000000298023224 0.8178550004959106
vt 0.1448040008544922 0.8243090063333511
vt 0.20000000298023224 0.8243090063333511
vt 0.25456300377845764 0.8243090063333511
vt 0.25456300377845764 0.8178550004959106
vt 0.3027009963989258 0.8178550004959106
vt 0.30270200967788696 0.8243090063333511
vt 0.33945900201797485 0.8243090063333511
vt 0.33960801362991333 0.8178550004959106
vt 0.02777799963951111 0.8361749947071075
vt 0.026674000546336174 0.8416740000247955
vt 0.036991000175476074 0.8416740000247955
vt 0.03754299879074097 0.8361749947071075
vt 0.026674000546336174 0.8496340066194534
vt 0.036991000175476074 0.8496340066194534
vt 0.05659399926662445 0.8496340066194534
vt 0.05659399926662445 0.8416740000247955
vt 0.056731998920440674 0.8361749947071075
vt 0.1448040008544922 0.8361749947071075
vt 0.1448040008544922 0.8416740000247955
vt 0.20000000298023224 0.8416740000247955
vt 0.20000000298023224 0.8361749947071075
vt 0.1448040008544922 0.8496340066194534
vt 0.20000000298023224 0.8496340066194534
vt 0.25456300377845764 0.8496350049972534
vt 0.25456300377845764 0.8416740000247955
vt 0.25456300377845764 0.8361749947071075
vt 0.3027009963989258 0.8416740000247955
vt 0.3027009963989258 0.8361749947071075
vt 0.3027009963989258 0.8496350049972534
vt 0.33960801362991333 0.8496350049972534
vt 0.33960801362991333 0.8416740000247955
vt 0.33945900201797485 0.8361759930849075
vt 0.026674000546336174 0.856795996427536
vt 0.036991000175476074 0.856795996427536
vt 0.026674000546336174 0.8624790012836456
vt 0.036991000175476074 0.8624790012836456
vt 0.05659399926662445 0.8624790012836456
vt 0.05659399926662445 0.856795996427536
vt 0.1448040008544922 0.856795996427536
vt 0.20000000298023224 0.856795996427536
vt 0.1448040008544922 0.8624790012836456
vt 0.20000000298023224 0.8624790012836456
vt 0.25456300377845764 0.8624790012836456
vt 0.25456300377845764 0.856795996427536
vt 0.3027009963989258 0.856795996427536
vt 0.3027009963989258 0.8624790012836456
vt 0.33960801362991333 0.8624790012836456
vt 0.33960801362991333 0.856795996427536
vt 0.026674000546336174 0.8691840022802353
vt 0.036991000175476074 0.8691840022802353
vt 0.026674000546336174 0.8783160001039505
vt 0.036991000175476074 0.8783160001039505
vt 0.05659399926662445 0.8783160001039505
vt 0.05659399926662445 0.8691840022802353
vt 0.1448040008544922 0.8691840022802353
vt 0.20000000298023224 0.8691840022802353
vt 0.1448040008544922 0.8783169984817505
vt 0.20000000298023224 0.8783169984817505
vt 0.25456300377845764 0.8783169984817505
vt 0.25456300377845764 0.8691840022802353
vt 0.3027009963989258 0.8691850006580353
vt 0.3027009963989258 0.8783169984817505
vt 0.33960801362991333 0.8783169984817505
vt 0.33960801362991333 0.8691850006580353
vt 0.026674000546336174 0.8881030008196831
vt 0.036991000175476074 0.8881030008196831
vt 0.026674000546336174 0.8955570012331009
vt 0.036991000175476074 0.8955570012331009
vt 0.05659399926662445 0.8955570012331009
vt 0.05659399926662445 0.8881030008196831
vt 0.1448040008544922 0.8881030008196831
vt 0.20000000298023224 0.8881039991974831
vt 0.1448040008544922 0.8955579996109009
vt 0.20000000298023224 0.8955579996109009
vt 0.25456300377845764 0.8955579996109009
vt 0.25456300377845764 0.8881039991974831
vt 0.3027009963989258 0.8881039991974831
vt 0.3027009963989258 0.8955579996109009
vt 0.33960801362991333 0.8955579996109009
vt 0.33960801362991333 0.8881039991974831
vt 0.026674000546336174 0.8995890021324158
vt 0.036991000175476074 0.8995900005102158
vt 0.026674000546336174 0.9043819978833199
vt 0.036991000175476074 0.9043830037117004
vt 0.05659399926662445 0.9043830037117004
vt 0.05659399926662445 0.8995900005102158
vt 0.1448040008544922 0.8995900005102158
vt 0.20000000298023224 0.8995900005102158
vt 0.1448040008544922 0.9043830037117004
vt 0.20000000298023224 0.9043830037117004
vt 0.25456300377845764 0.9043830037117004
vt 0.25456300377845764 0.8995900005102158
vt 0.3027009963989258 0.8995900005102158
vt 0.3027009963989258 0.9043830037117004
vt 0.33960801362991333 0.9043830037117004
vt 0.33960801362991333 0.8995900005102158
vt 0.026674000546336174 0.9094809964299202
vt 0.036991000175476074 0.9094809964299202
vt 0.026674000546336174 0.9133220016956329
vt 0.036991000175476074 0.9133220016956329
vt 0.05659399926662445 0.9133220016956329
vt 0.05659399926662445 0.9094809964299202
vt 0.1448040008544922 0.9094809964299202
vt 0.20000000298023224 0.9094809964299202
vt 0.1448040008544922 0.9133220016956329
vt 0.20000000298023224 0.9133220016956329
vt 0.25456300377845764 0.9133230000734329
vt 0.25456300377845764 0.9094809964299202
vt 0.3027009963989258 0.9094820022583008
vt 0.3027009963989258 0.9133230000734329
vt 0.33960801362991333 0.9133230000734329
vt 0.33960801362991333 0.9094820022583008
vt 0.026674000546336174 0.9200310036540031
vt 0.036991000175476074 0.9200310036540031
vt 0.026674000546336174 0.9260310009121895
vt 0.036991000175476074 0.9260319992899895
vt 0.05659399926662445 0.9260319992899895
vt 0.05659399926662445 0.9200310036540031
vt 0.1448040008544922 0.9200310036540031
vt 0.20000000298023224 0.9200310036540031
vt 0.1448040008544922 0.9260319992899895
vt 0.20000000298023224 0.9260319992899895
vt 0.25456300377845764 0.9260319992899895
vt 0.25456300377845764 0.9200310036540031
vt 0.3027009963989258 0.9200320020318031
vt 0.3027009963989258 0.9260319992899895
vt 0.33960801362991333 0.9260329976677895
vt 0.33960801362991333 0.9200320020318031
vt 0.026674000546336174 0.9292090013623238
vt 0.036991000175476074 0.9292090013623238
vt 0.026674000546336174 0.9332979992032051
vt 0.036991000175476074 0.9332979992032051
vt 0.05659399926662445 0.9332979992032051
vt 0.05659399926662445 0.9292090013623238
vt 0.1448040008544922 0.9292090013623238
vt 0.20000000298023224 0.9292099997401237
vt 0.1448040008544922 0.9332979992032051
vt 0.20000000298023224 0.9332979992032051
vt 0.25456300377845764 0.9332989975810051
vt 0.25456300377845764 0.9292099997401237
vt 0.3027009963989258 0.9292099997401237
vt 0.3027009963989258 0.9332989975810051
vt 0.33960801362991333 0.9332989975810051
vt 0.33960801362991333 0.9292099997401237
vt 0.026674000546336174 0.9371069967746735
vt 0.036991000175476074 0.9371069967746735
vt 0.026674000546336174 0.9398390017449856
vt 0.036991000175476074 0.9398390017449856
vt 0.05659399926662445 0.9398390017449856
vt 0.05659399926662445 0.9371069967746735
vt 0.1448040008544922 0.9371069967746735
vt 0.20000000298023224 0.937108002603054
vt 0.1448040008544922 0.9398400001227856
vt 0.20000000298023224 0.9398400001227856
vt 0.25456300377845764 0.9398400001227856
vt 0.25456300377845764 0.937108002603054
vt 0.3027009963989258 0.937108002603054
vt 0.3027009963989258 0.9398400001227856
vt 0.33960801362991333 0.9398400001227856
vt 0.33960801362991333 0.937108002603054
vt 0.026674000546336174 0.944107998162508
vt 0.036991000175476074 0.944107998162508
vt 0.026674000546336174 0.949498001486063
vt 0.036991000175476074 0.949498001486063
vt 0.05659399926662445 0.949498001486063
vt 0.05659399926662445 0.944107998162508
vt 0.1448040008544922 0.9441090002655983
vt 0.20000000298023224 0.944107998162508
vt 0.1448040008544922 0.949498999863863
vt 0.20000000298023224 0.949498999863863
vt 0.25456300377845764 0.949498999863863
vt 0.25456300377845764 0.9441090002655983
vt 0.3027009963989258 0.9441090002655983
vt 0.3027009963989258 0.949498999863863
vt 0.33960801362991333 0.949499998241663
vt 0.33960801362991333 0.9441090002655983
vt 0.03039800003170967 0.4875760078430176
vt 0.0388530008494854 0.4875760078430176
vt 0.05705900117754936 0.4875760078430176
vt 0.20000000298023224 0.4875760078430176
vt 0.25456300377845764 0.4875760078430176
vt 0.1448040008544922 0.4875760078430176
vt 0.30270200967788696 0.4875760078430176
vt 0.33895400166511536 0.4875760078430176
vt 0.026674000546336174 0.5166380107402802
vt 0.03699199855327606 0.5166380107402802
vt 0.05659399926662445 0.5166380107402802
vt 0.20000000298023224 0.5166380107402802
vt 0.25456300377845764 0.5166380107402802
vt 0.1448040008544922 0.5166380107402802
vt 0.30270200967788696 0.5166380107402802
vt 0.33960801362991333 0.5166380107402802
vt 0.030223999172449112 0.37106597423553467
vt 0.03876600041985512 0.37106597423553467
vt 0.05703800171613693 0.37106597423553467
vt 0.20000000298023224 0.37106597423553467
vt 0.25456300377845764 0.37106597423553467
vt 0.1448040008544922 0.37106597423553467
vt 0.30270200967788696 0.37106597423553467
vt 0.3391830027103424 0.37106597423553467
vt 0.026674000546336174 0.4051240086555481
vt 0.03699199855327606 0.4051240086555481
vt 0.05659399926662445 0.4051240086555481
vt 0.20000000298023224 0.4051240086555481
vt 0.25456300377845764 0.4051240086555481
vt 0.1448040008544922 0.4051240086555481
vt 0.30270200967788696 0.4051240086555481
vt 0.33960801362991333 0.4051240086555481
vt 0.026674000546336174 0.6976909935474396
vt 0.03699199855327606 0.6976909935474396
vt 0.05659399926662445 0.6976909935474396
vt 0.20000000298023224 0.6976909935474396
vt 0.25456300377845764 0.6976909935474396
vt 0.1448040008544922 0.6976909935474396
vt 0.30270200967788696 0.6976909935474396
vt 0.33960801362991333 0.6976909935474396
vt 0.029330000281333923 0.6670930087566376
vt 0.038318999111652374 0.6670930087566376
vt 0.056926000863313675 0.6670930087566376
vt 0.20000000298023224 0.6670930087566376
vt 0.25456300377845764 0.6670930087566376
vt 0.1448040008544922 0.6670930087566376
vt 0.30270200967788696 0.6670930087566376
vt 0.338809996843338 0.6670930087566376
vt 0.039875999093055725 0.8308710008859634
vt 0.031088000163435936 0.8337229937314987
vt 0.03919899836182594 0.8337240070104599
vt 0.04030200093984604 0.8308710008859634
vt 0.05714600160717964 0.8337229937314987
vt 0.05742200091481209 0.8308710008859634
vt 0.25456300377845764 0.8308710008859634
vt 0.20000000298023224 0.8308710008859634
vt 0.20000000298023224 0.8337240070104599
vt 0.25456300377845764 0.8337240070104599
vt 0.1448040008544922 0.8308710008859634
vt 0.1448040008544922 0.8337240070104599
vt 0.33871299028396606 0.8308710008859634
vt 0.3027009963989258 0.8308719992637634
vt 0.3027009963989258 0.8337240070104599
vt 0.339011013507843 0.8337240070104599
vt 0.09476599842309952 0.944107998162508
vt 0.09476599842309952 0.9398390017449856
vt 0.09476599842309952 0.949498999863863
vt 0.09476599842309952 0.9371069967746735
vt 0.09476599842309952 0.9332979992032051
vt 0.09476599842309952 0.9292090013623238
vt 0.09476599842309952 0.9260319992899895
vt 0.0947669968008995 0.9200310036540031
vt 0.0947669968008995 0.9133220016956329
vt 0.0947669968008995 0.9094809964299202
vt 0.0947669968008995 0.9043830037117004
vt 0.0947669968008995 0.8995900005102158
vt 0.0947669968008995 0.8955570012331009
vt 0.0947669968008995 0.8881039991974831
vt 0.0947669968008995 0.8783160001039505
vt 0.0947669968008995 0.8691840022802353
vt 0.0947669968008995 0.8624790012836456
vt 0.0947669968008995 0.856795996427536
vt 0.0947669968008995 0.8496340066194534
vt 0.0947669968008995 0.8416740000247955
vt 0.0947669968008995 0.8361749947071075
vt 0.0947669968008995 0.8337240070104599
vt 0.0947669968008995 0.8308710008859634
vt 0.0947669968008995 0.8178550004959106
vt 0.0947669968008995 0.8103670030832291
vt 0.0947669968008995 0.8243090063333511
vt 0.0947669968008995 0.803618997335434
vt 0.0947669968008995 0.7976170033216476
vt 0.0947669968008995 0.790145993232727
vt 0.0947669968008995 0.7819660007953644
vt 0.0947669968008995 0.7738099992275238
vt 0.0947669968008995 0.7668479979038239
vt 0.0947669968008995 0.7621680051088333
vt 0.0947669968008995 0.7506320029497147
vt 0.0947669968008995 0.7349559962749481
vt 0.0947669968008995 0.7167580127716064
vt 0.0947669968008995 0.6976909935474396
vt 0.0947669968008995 0.6822139918804169
vt 0.0947669968008995 0.6745980083942413
vt 0.0947669968008995 0.6706419885158539
vt 0.0947669968008995 0.6670930087566376
vt 0.0947669968008995 0.6606659889221191
vt 0.0947669968008995 0.6471030116081238
vt 0.0947669968008995 0.6282120048999786
vt 0.0947669968008995 0.6060140132904053
vt 0.0947669968008995 0.5875959992408752
vt 0.0947669968008995 0.5527220070362091
vt 0.0947669968008995 0.5343630015850067
vt 0.0947669968008995 0.5673039853572845
vt 0.0947669968008995 0.5166380107402802
vt 0.0947669968008995 0.5026429891586304
vt 0.0947669968008995 0.4952939748764038
vt 0.0947669968008995 0.4911869764328003
vt 0.0947669968008995 0.4875760078430176
vt 0.0947669968008995 0.4784020185470581
vt 0.0947669968008995 0.45703399181365967
vt 0.0947669968008995 0.4303100109100342
vt 0.0947669968008995 0.4051240086555481
vt 0.0947669968008995 0.3860980272293091
vt 0.0947669968008995 0.37775397300720215
vt 0.0947669968008995 0.37431299686431885
vt 0.0947669968008995 0.37106597423553467
vt 0.0947669968008995 0.363070011138916
vt 0.0947669968008995 0.3443179726600647
vt 0.0947669968008995 0.31680601835250854
vt 0.0947669968008995 0.28265202045440674
vt 0.0947669968008995 0.2495189905166626
vt 0.0947669968008995 0.22505801916122437
vt 0.0947669968008995 0.2085769772529602
vt 0.0947669968008995 0.19932997226715088
vt 0.0947669968008995 0.19286197423934937
vt 0.0947669968008995 0.18485301733016968
vt 0.0947669968008995 0.17671197652816772
vt 0.0947669968008995 0.16972100734710693
vt 0.0947669968008995 0.16441398859024048
vt 0.0947669968008995 0.15030598640441895
vt 0.0947669968008995 0.14691400527954102
vt 0.0947669968008995 0.15401500463485718
vt 0.0947669968008995 0.13669097423553467
vt 0.0947669968008995 0.13187402486801147
vt 0.0947669968008995 0.1410599946975708
vt 0.0947669968008995 0.12947499752044678
vt 0.0947669968008995 0.12598097324371338
vt 0.0947669968008995 0.12075299024581909
vt 0.0947669968008995 0.11501199007034302
vt 0.0947669968008995 0.10996097326278687
vt 0.0947669968008995 0.10215002298355103
vt 0.0947669968008995 0.09408998489379883
vt 0.0947669968008995 0.08762401342391968
vt 0.0947669968008995 0.08403897285461426
vt 0.0947669968008995 0.07868701219558716
vt 0.0947669968008995 0.07230699062347412
vt 0.0947669968008995 0.0673220157623291
vt 0.0947669968008995 0.060778021812438965
vt 0.0947669968008995 0.05494898557662964
vt 0.0947669968008995 0.05212801694869995
vt 0.0947669968008995 0.0486220121383667
vt 0.0947669968008995 0.04545801877975464
vt 0.0947669968008995 0.04004800319671631
vt 0.36047598719596863 0.9441090002655983
vt 0.3604770004749298 0.9398400001227856
vt 0.36047598719596863 0.949499998241663
vt 0.37332600355148315 0.949499998241663
vt 0.37332600355148315 0.9441090002655983
vt 0.37332600355148315 0.9398400001227856
vt 0.3604770004749298 0.937108002603054
vt 0.3604770004749298 0.9332989975810051
vt 0.37332600355148315 0.937108002603054
vt 0.37332600355148315 0.9332989975810051
vt 0.3604770004749298 0.9292099997401237
vt 0.3604770004749298 0.9260329976677895
vt 0.37332600355148315 0.9292099997401237
vt 0.37332600355148315 0.9260329976677895
vt 0.3604770004749298 0.9200320020318031
vt 0.3604770004749298 0.9133230000734329
vt 0.37332600355148315 0.9200320020318031
vt 0.37332600355148315 0.9133230000734329
vt 0.3604770004749298 0.9094820022583008
vt 0.3604770004749298 0.9043840020895004
vt 0.37332600355148315 0.9094820022583008
vt 0.37332600355148315 0.9043840020895004
vt 0.3604770004749298 0.8995909988880157
vt 0.3604770004749298 0.8955579996109009
vt 0.37332600355148315 0.8995909988880157
vt 0.37332600355148315 0.8955579996109009
vt 0.3604770004749298 0.8881039991974831
vt 0.3604770004749298 0.8783169984817505
vt 0.37332600355148315 0.8881039991974831
vt 0.37332600355148315 0.8783169984817505
vt 0.3604770004749298 0.8691850006580353
vt 0.3604770004749298 0.8624790012836456
vt 0.37332600355148315 0.8691850006580353
vt 0.37332600355148315 0.8624790012836456
vt 0.3604770004749298 0.856795996427536
vt 0.3604770004749298 0.8496350049972534
vt 0.37332600355148315 0.856795996427536
vt 0.37332600355148315 0.8496350049972534
vt 0.3604770004749298 0.8416740000247955
vt 0.3598800003528595 0.8361759930849075
vt 0.37332600355148315 0.8416740000247955
vt 0.37213200330734253 0.8361759930849075
vt 0.3661639988422394 0.8308719992637634
vt 0.35689499974250793 0.8308719992637634
vt 0.35808899998664856 0.8337240070104599
vt 0.36855098605155945 0.8337240070104599
vt 0.3604770004749298 0.8178550004959106
vt 0.3604770004749298 0.8103670030832291
vt 0.3598800003528595 0.8243100047111511
vt 0.37213200330734253 0.8243100047111511
vt 0.37332600355148315 0.8178550004959106
vt 0.37332600355148315 0.8103670030832291
vt 0.3604770004749298 0.803618997335434
vt 0.3604770004749298 0.7976170033216476
vt 0.37332600355148315 0.803618997335434
vt 0.37332600355148315 0.7976170033216476
vt 0.3604770004749298 0.790145993232727
vt 0.3604770004749298 0.7819660007953644
vt 0.37332600355148315 0.790145993232727
vt 0.37332600355148315 0.7819660007953644
vt 0.3604770004749298 0.7738099992275238
vt 0.3604770004749298 0.7668479979038239
vt 0.37332600355148315 0.7738099992275238
vt 0.37332600355148315 0.7668479979038239
vt 0.3604770004749298 0.7621680051088333
vt 0.3604770004749298 0.7506320029497147
vt 0.37332600355148315 0.7621680051088333
vt 0.37332600355148315 0.7506320029497147
vt 0.3604770004749298 0.7349559962749481
vt 0.3604770004749298 0.7167580127716064
vt 0.37332600355148315 0.7349559962749481
vt 0.37332600355148315 0.7167580127716064
vt 0.3717289865016937 0.6822139918804169
vt 0.3596780002117157 0.6822139918804169
vt 0.3604770004749298 0.6976909935474396
vt 0.37332600355148315 0.6976909935474396
vt 0.35728299617767334 0.6745980083942413
vt 0.3556860089302063 0.6706419885158539
vt 0.3705509901046753 0.6745980083942413
vt 0.3637450039386749 0.6706419885158539
vt 0.3717289865016937 0.6606659889221191
vt 0.3596780002117157 0.6606659889221191
vt 0.35728299617767334 0.6670930087566376
vt 0.369594007730484 0.6670930087566376
vt 0.3604770004749298 0.6471030116081238
vt 0.3604770004749298 0.6282120048999786
vt 0.37332600355148315 0.6471030116081238
vt 0.37332600355148315 0.6282120048999786
vt 0.3604770004749298 0.6060140132904053
vt 0.3604770004749298 0.5875959992408752
vt 0.37332600355148315 0.6060140132904053
vt 0.37332600355148315 0.5875959992408752
vt 0.3604770004749298 0.5527220070362091
vt 0.3604770004749298 0.5343630015850067
vt 0.3604770004749298 0.5673039853572845
vt 0.37332600355148315 0.5673039853572845
vt 0.37332600355148315 0.5527220070362091
vt 0.37332600355148315 0.5343630015850067
vt 0.3720169961452484 0.5026429891586304
vt 0.35982200503349304 0.5026429891586304
vt 0.3604770004749298 0.5166380107402802
vt 0.37332600355148315 0.5166380107402802
vt 0.35785800218582153 0.4952939748764038
vt 0.356548011302948 0.4911869764328003
vt 0.3702229857444763 0.4952939748764038
vt 0.3654690086841583 0.4911869764328003
vt 0.3720169961452484 0.4784020185470581
vt 0.35982200503349304 0.4784020185470581
vt 0.35785800218582153 0.4875760078430176
vt 0.3712390065193176 0.4875760078430176
vt 0.3604770004749298 0.45703399181365967
vt 0.3604770004749298 0.4303100109100342
vt 0.37332600355148315 0.45703399181365967
vt 0.37332600355148315 0.4303100109100342
vt 0.3724749982357025 0.3860980272293091
vt 0.3600510060787201 0.3860980272293091
vt 0.3604770004749298 0.4051240086555481
vt 0.37332600355148315 0.4051240086555481
vt 0.35877400636672974 0.37775397300720215
vt 0.3579230010509491 0.37431299686431885
vt 0.3720589876174927 0.37775397300720215
vt 0.36184900999069214 0.37431299686431885
vt 0.3724749982357025 0.363070011138916
vt 0.3600510060787201 0.363070011138916
vt 0.35877400636672974 0.37106597423553467
vt 0.3720510005950928 0.37106597423553467
vt 0.3604770004749298 0.3443179726600647
vt 0.3604770004749298 0.31680601835250854
vt 0.37332600355148315 0.3443179726600647
vt 0.37332600355148315 0.31680601835250854
vt 0.3604770004749298 0.28265202045440674
vt 0.3604770004749298 0.2495189905166626
vt 0.37332600355148315 0.28265202045440674
vt 0.37332600355148315 0.2495189905166626
vt 0.3604770004749298 0.22505801916122437
vt 0.3604770004749298 0.2085769772529602
vt 0.37332600355148315 0.22505801916122437
vt 0.37332600355148315 0.2085769772529602
vt 0.3604770004749298 0.19932997226715088
vt 0.3604770004749298 0.19286197423934937
vt 0.37332600355148315 0.19932997226715088
vt 0.37332600355148315 0.19286197423934937
vt 0.3604770004749298 0.18485301733016968
vt 0.3604770004749298 0.17671102285385132
vt 0.37332600355148315 0.18485301733016968
vt 0.37332600355148315 0.17671102285385132
vt 0.3604770004749298 0.16972100734710693
vt 0.3604770004749298 0.16441398859024048
vt 0.37332600355148315 0.16972100734710693
vt 0.37332600355148315 0.16441398859024048
vt 0.357369989156723 0.15030598640441895
vt 0.3558169901371002 0.14691299200057983
vt 0.3596999943256378 0.15401500463485718
vt 0.37177300453186035 0.15401500463485718
vt 0.36711299419403076 0.15030598640441895
vt 0.36400699615478516 0.14691299200057983
vt 0.3604770004749298 0.13669097423553467
vt 0.3604770004749298 0.13187402486801147
vt 0.3596999943256378 0.1410599946975708
vt 0.37177300453186035 0.1410599946975708
vt 0.37332600355148315 0.13669097423553467
vt 0.37332600355148315 0.13187402486801147
vt 0.3604770004749298 0.12947499752044678
vt 0.3604770004749298 0.12598097324371338
vt 0.37332600355148315 0.12947499752044678
vt 0.37332600355148315 0.12598097324371338
vt 0.3604770004749298 0.12075299024581909
vt 0.3604770004749298 0.11501199007034302
vt 0.37332600355148315 0.12075299024581909
vt 0.37332600355148315 0.11501199007034302
vt 0.3604770004749298 0.10996097326278687
vt 0.3604770004749298 0.10215002298355103
vt 0.37332600355148315 0.10996097326278687
vt 0.37332600355148315 0.10215002298355103
vt 0.3604770004749298 0.09408998489379883
vt 0.3604770004749298 0.08762502670288086
vt 0.37332600355148315 0.09408998489379883
vt 0.37332600355148315 0.08762502670288086
vt 0.3604770004749298 0.08403897285461426
vt 0.3604770004749298 0.07868802547454834
vt 0.37332600355148315 0.08403897285461426
vt 0.37332600355148315 0.07868802547454834
vt 0.3604770004749298 0.07230699062347412
vt 0.3604770004749298 0.0673220157623291
vt 0.37332600355148315 0.07230699062347412
vt 0.37332600355148315 0.0673220157623291
vt 0.3604770004749298 0.060778021812438965
vt 0.3604770004749298 0.05494898557662964
vt 0.37332600355148315 0.060778021812438965
vt 0.37332600355148315 0.05494898557662964
vt 0.3604770004749298 0.05212801694869995
vt 0.3604770004749298 0.0486220121383667
vt 0.37332600355148315 0.05212801694869995
vt 0.37332600355148315 0.0486220121383667
vt 0.3604770004749298 0.04545801877975464
vt 0.3604770004749298 0.04004698991775513
vt 0.37332600355148315 0.04545801877975464
vt 0.37332600355148315 0.04004698991775513
vt 0.03156299889087677 0.143979012966156
vt 0.03943600133061409 0.143979012966156
vt 0.05720499902963638 0.143979012966156
vt 0.0947669968008995 0.143979012966156
vt 0.1448040008544922 0.143979012966156
vt 0.20000000298023224 0.143979012966156
vt 0.25456300377845764 0.143979012966156
vt 0.3027009963989258 0.143979012966156
vt 0.33883199095726013 0.143979012966156
vt 0.357369989156723 0.143979012966156
vt 0.36711299419403076 0.143979012966156
vt 0.026674000546336174 0.15890002250671387
vt 0.036991000175476074 0.15890002250671387
vt 0.05659399926662445 0.15890002250671387
vt 0.0947669968008995 0.15890002250671387
vt 0.1448040008544922 0.15890002250671387
vt 0.20000000298023224 0.15890002250671387
vt 0.25456300377845764 0.15890002250671387
vt 0.3027009963989258 0.15890002250671387
vt 0.33960801362991333 0.15890002250671387
vt 0.3604770004749298 0.15890002250671387
vt 0.37332600355148315 0.15890002250671387
vt 0.031088000163435936 0.8279770016670227
vt 0.03919899836182594 0.8279770016670227
vt 0.05714600160717964 0.8279770016670227
vt 0.0947669968008995 0.8279770016670227
vt 0.1448040008544922 0.8279770016670227
vt 0.20000000298023224 0.8279770016670227
vt 0.25456300377845764 0.8279770016670227
vt 0.3027009963989258 0.8279770016670227
vt 0.339011013507843 0.8279770016670227
vt 0.35808899998664856 0.8279770016670227
vt 0.36855098605155945 0.8279770016670227
vt 0.33960801362991333 0.5770039856433868
vt 0.33960801362991333 0.5799359977245331
vt 0.3604770004749298 0.5799359977245331
vt 0.3604770004749298 0.5770039856433868
vt 0.37332600355148315 0.5799359977245331
vt 0.3680979907512665 0.5770039856433868
vt 0.25456300377845764 0.5770039856433868
vt 0.25456300377845764 0.5799359977245331
vt 0.30270200967788696 0.5799359977245331
vt 0.30270200967788696 0.5770039856433868
vt 0.1448040008544922 0.5770039856433868
vt 0.1448040008544922 0.5799359977245331
vt 0.20000000298023224 0.5799359977245331
vt 0.20000000298023224 0.5770039856433868
vt 0.057082999497652054 0.5770039856433868
vt 0.05691999942064285 0.5799359977245331
vt 0.0947669968008995 0.5799359977245331
vt 0.0947669968008995 0.5770039856433868
vt 0.03211800009012222 0.5770039856433868
vt 0.029284000396728516 0.5799359977245331
vt 0.03829700127243996 0.5799359977245331
vt 0.03894900158047676 0.5770039856433868
vt 0.029284000396728516 0.5738930106163025
vt 0.03829700127243996 0.5738930106163025
vt 0.05691999942064285 0.5738930106163025
vt 0.0947669968008995 0.5738930106163025
vt 0.1448040008544922 0.5738930106163025
vt 0.20000000298023224 0.5738930106163025
vt 0.25456300377845764 0.5738930106163025
vt 0.30270200967788696 0.5738930106163025
vt 0.33960801362991333 0.5738930106163025
vt 0.3604770004749298 0.5738930106163025
vt 0.37332600355148315 0.5738930106163025
vt 0.9733260273933411 0.03636902570724487
vt 0.9630089998245239 0.03636902570724487
vt 0.9630089998245239 0.04189997911453247
vt 0.9733260273933411 0.04189997911453247
vt 0.9630089998245239 0.045433998107910156
vt 0.9733260273933411 0.045433998107910156
vt 0.9434059858322144 0.04189997911453247
vt 0.9434059858322144 0.045432984828948975
vt 0.9434059858322144 0.03636902570724487
vt 0.8551959991455078 0.03636902570724487
vt 0.800000011920929 0.03636902570724487
vt 0.800000011920929 0.04189997911453247
vt 0.8551959991455078 0.04189997911453247
vt 0.800000011920929 0.045433998107910156
vt 0.8551959991455078 0.045433998107910156
vt 0.7454370260238647 0.04189997911453247
vt 0.7454370260238647 0.045433998107910156
vt 0.7454370260238647 0.03636902570724487
vt 0.6972990036010742 0.03636902570724487
vt 0.6972990036010742 0.04189997911453247
vt 0.6972990036010742 0.045433998107910156
vt 0.6603919863700867 0.04189997911453247
vt 0.6603919863700867 0.045433998107910156
vt 0.6603919863700867 0.03636902570724487
vt 0.9630089998245239 0.04988902807235718
vt 0.9733260273933411 0.04988902807235718
vt 0.9630089998245239 0.0535770058631897
vt 0.9733260273933411 0.0535770058631897
vt 0.9434059858322144 0.04988902807235718
vt 0.9434059858322144 0.0535770058631897
vt 0.800000011920929 0.04988902807235718
vt 0.8551959991455078 0.04988902807235718
vt 0.800000011920929 0.0535770058631897
vt 0.8551959991455078 0.0535770058631897
vt 0.7454370260238647 0.04988902807235718
vt 0.7454370260238647 0.0535770058631897
vt 0.6972990036010742 0.04988902807235718
vt 0.6972990036010742 0.0535770058631897
vt 0.6603919863700867 0.049889981746673584
vt 0.6603919863700867 0.0535770058631897
vt 0.9630089998245239 0.06018298864364624
vt 0.9733260273933411 0.06018298864364624
vt 0.9630089998245239 0.06740498542785645
vt 0.9733260273933411 0.06740498542785645
vt 0.9434059858322144 0.06018298864364624
vt 0.9434059858322144 0.06740498542785645
vt 0.800000011920929 0.06018298864364624
vt 0.8551959991455078 0.06018298864364624
vt 0.800000011920929 0.06740498542785645
vt 0.8551959991455078 0.06740498542785645
vt 0.7454370260238647 0.06018400192260742
vt 0.7454370260238647 0.06740498542785645
vt 0.6972990036010742 0.06018400192260742
vt 0.6972990036010742 0.06740498542785645
vt 0.6603919863700867 0.06018400192260742
vt 0.6603919863700867 0.06740498542785645
vt 0.9630089998245239 0.07293599843978882
vt 0.9733260273933411 0.07293599843978882
vt 0.9630089998245239 0.07985001802444458
vt 0.9733260273933411 0.07985001802444458
vt 0.9434059858322144 0.07293599843978882
vt 0.9434059858322144 0.07985001802444458
vt 0.800000011920929 0.07293599843978882
vt 0.8551959991455078 0.07293599843978882
vt 0.800000011920929 0.07985001802444458
vt 0.8551959991455078 0.07985001802444458
vt 0.7454370260238647 0.07293599843978882
vt 0.7454370260238647 0.07985001802444458
vt 0.6972990036010742 0.07293599843978882
vt 0.6972990036010742 0.07985001802444458
vt 0.6603919863700867 0.07293599843978882
vt 0.6603919863700867 0.07985001802444458
vt 0.9630089998245239 0.08584201335906982
vt 0.9733260273933411 0.08584201335906982
vt 0.9630089998245239 0.08999001979827881
vt 0.9733260273933411 0.08999001979827881
vt 0.9434059858322144 0.08584201335906982
vt 0.9434059858322144 0.08999001979827881
vt 0.800000011920929 0.08584201335906982
vt 0.8551959991455078 0.08584201335906982
vt 0.800000011920929 0.08999001979827881
vt 0.8551959991455078 0.08999001979827881
vt 0.7454370260238647 0.08584201335906982
vt 0.7454370260238647 0.08999001979827881
vt 0.6972990036010742 0.08584201335906982
vt 0.6972990036010742 0.08999097347259521
vt 0.6603919863700867 0.08584201335906982
vt 0.6603919863700867 0.08999097347259521
vt 0.9630089998245239 0.0970579981803894
vt 0.9733260273933411 0.0970579981803894
vt 0.9630089998245239 0.10550802946090698
vt 0.9733260273933411 0.10550802946090698
vt 0.9434059858322144 0.0970579981803894
vt 0.9434059858322144 0.10550802946090698
vt 0.800000011920929 0.0970579981803894
vt 0.8551959991455078 0.0970579981803894
vt 0.800000011920929 0.10550898313522339
vt 0.8551959991455078 0.10550898313522339
vt 0.7454370260238647 0.0970579981803894
vt 0.7454370260238647 0.10550898313522339
vt 0.6972990036010742 0.0970579981803894
vt 0.6972990036010742 0.10550898313522339
vt 0.6603919863700867 0.0970579981803894
vt 0.6603919863700867 0.10550898313522339
vt 0.9630089998245239 0.11365097761154175
vt 0.9733260273933411 0.11365097761154175
vt 0.9630089998245239 0.1190289855003357
vt 0.9733260273933411 0.1190289855003357
vt 0.9434059858322144 0.11365097761154175
vt 0.9434059858322144 0.1190289855003357
vt 0.800000011920929 0.11365199089050293
vt 0.8551959991455078 0.11365199089050293
vt 0.800000011920929 0.1190289855003357
vt 0.8551959991455078 0.1190289855003357
vt 0.7454370260238647 0.11365199089050293
vt 0.7454370260238647 0.1190289855003357
vt 0.6972990036010742 0.11365199089050293
vt 0.6972990036010742 0.1190289855003357
vt 0.6603919863700867 0.11365199089050293
vt 0.6603919863700867 0.1190289855003357
vt 0.9630089998245239 0.12532800436019897
vt 0.9733260273933411 0.12532800436019897
vt 0.9630089998245239 0.1311669945716858
vt 0.9733260273933411 0.1311669945716858
vt 0.9434059858322144 0.12532800436019897
vt 0.9434059858322144 0.1311669945716858
vt 0.800000011920929 0.12532901763916016
vt 0.8551959991455078 0.12532901763916016
vt 0.800000011920929 0.1311669945716858
vt 0.8551959991455078 0.1311669945716858
vt 0.7454370260238647 0.12532901763916016
vt 0.7454370260238647 0.1311669945716858
vt 0.6972990036010742 0.12532901763916016
vt 0.6972990036010742 0.1311669945716858
vt 0.6603919863700867 0.12532901763916016
vt 0.6603919863700867 0.1311669945716858
vt 0.9630089998245239 0.13516199588775635
vt 0.9733260273933411 0.13516199588775635
vt 0.9630089998245239 0.13778698444366455
vt 0.9733260273933411 0.13778698444366455
vt 0.9434059858322144 0.13516199588775635
vt 0.9434059858322144 0.13778698444366455
vt 0.800000011920929 0.13516199588775635
vt 0.8551959991455078 0.13516199588775635
vt 0.800000011920929 0.13778698444366455
vt 0.8551959991455078 0.13778698444366455
vt 0.7454370260238647 0.13516199588775635
vt 0.7454370260238647 0.13778698444366455
vt 0.6972990036010742 0.13516199588775635
vt 0.6972990036010742 0.13778698444366455
vt 0.6603919863700867 0.13516199588775635
vt 0.6603919863700867 0.13778698444366455
vt 0.9630089998245239 0.14287900924682617
vt 0.9733260273933411 0.14287900924682617
vt 0.9623979926109314 0.14765602350234985
vt 0.972104012966156 0.14765602350234985
vt 0.9434059858322144 0.14287900924682617
vt 0.9432529807090759 0.14765602350234985
vt 0.800000011920929 0.14287900924682617
vt 0.8551959991455078 0.14287900924682617
vt 0.800000011920929 0.14765602350234985
vt 0.8551959991455078 0.14765602350234985
vt 0.7454370260238647 0.14287900924682617
vt 0.7454370260238647 0.14765602350234985
vt 0.6972990036010742 0.14287900924682617
vt 0.6972990036010742 0.14765602350234985
vt 0.6603919863700867 0.14287900924682617
vt 0.6605859994888306 0.14765602350234985
vt 0.9659929871559143 0.15351301431655884
vt 0.9593420028686523 0.15351301431655884
vt 0.9605640172958374 0.15658897161483765
vt 0.9684370160102844 0.15658897161483765
vt 0.9623969793319702 0.16053897142410278
vt 0.972104012966156 0.16053897142410278
vt 0.9427949786186218 0.15658897161483765
vt 0.9432529807090759 0.16053897142410278
vt 0.9424899816513062 0.15351301431655884
vt 0.8551959991455078 0.15351301431655884
vt 0.800000011920929 0.15351402759552002
vt 0.800000011920929 0.15658897161483765
vt 0.8551959991455078 0.15658897161483765
vt 0.800000011920929 0.16053897142410278
vt 0.8551959991455078 0.16053897142410278
vt 0.7454370260238647 0.15658897161483765
vt 0.7454370260238647 0.16053897142410278
vt 0.7454370260238647 0.15351301431655884
vt 0.6972990036010742 0.15351402759552002
vt 0.6972990036010742 0.15658897161483765
vt 0.6972990036010742 0.16053897142410278
vt 0.6611679792404175 0.15658897161483765
vt 0.6605859994888306 0.16053897142410278
vt 0.6615570187568665 0.15351402759552002
vt 0.9733260273933411 0.17163598537445068
vt 0.9630089998245239 0.17163598537445068
vt 0.9630089998245239 0.17720097303390503
vt 0.9733260273933411 0.17720001935958862
vt 0.9630089998245239 0.18457502126693726
vt 0.9733260273933411 0.18457502126693726
vt 0.9434059858322144 0.17720097303390503
vt 0.9434059858322144 0.18457502126693726
vt 0.9434059858322144 0.17163598537445068
vt 0.8551959991455078 0.17163598537445068
vt 0.800000011920929 0.17163598537445068
vt 0.800000011920929 0.17720097303390503
vt 0.8551959991455078 0.17720097303390503
vt 0.800000011920929 0.18457502126693726
vt 0.8551959991455078 0.18457502126693726
vt 0.7454370260238647 0.17720097303390503
vt 0.7454370260238647 0.18457502126693726
vt 0.7454370260238647 0.17163598537445068
vt 0.6972990036010742 0.17163598537445068
vt 0.6972990036010742 0.17720097303390503
vt 0.6972990036010742 0.18457597494125366
vt 0.6603919863700867 0.17720097303390503
vt 0.6603919863700867 0.18457597494125366
vt 0.6603919863700867 0.17163598537445068
vt 0.9630089998245239 0.19317901134490967
vt 0.9733260273933411 0.19317901134490967
vt 0.9630089998245239 0.20162999629974365
vt 0.9733260273933411 0.20162999629974365
vt 0.9434059858322144 0.19317901134490967
vt 0.9434059858322144 0.20162999629974365
vt 0.800000011920929 0.19317901134490967
vt 0.8551959991455078 0.19317901134490967
vt 0.800000011920929 0.20162999629974365
vt 0.8551959991455078 0.20162999629974365
vt 0.7454370260238647 0.19317901134490967
vt 0.7454370260238647 0.20162999629974365
vt 0.6972990036010742 0.19318002462387085
vt 0.6972990036010742 0.20162999629974365
vt 0.6603919863700867 0.19318002462387085
vt 0.6603919863700867 0.20162999629974365
vt 0.9630089998245239 0.20854401588439941
vt 0.9733260273933411 0.20854401588439941
vt 0.9630089998245239 0.21822398900985718
vt 0.9733260273933411 0.21822398900985718
vt 0.9434059858322144 0.20854401588439941
vt 0.9434059858322144 0.21822398900985718
vt 0.800000011920929 0.20854401588439941
vt 0.8551959991455078 0.20854401588439941
vt 0.800000011920929 0.21822398900985718
vt 0.8551959991455078 0.218222975730896
vt 0.7454370260238647 0.20854401588439941
vt 0.7454370260238647 0.21822398900985718
vt 0.6972990036010742 0.20854401588439941
vt 0.6972990036010742 0.21822398900985718
vt 0.6603919863700867 0.20854401588439941
vt 0.6603919863700867 0.21822398900985718
vt 0.9630089998245239 0.23497098684310913
vt 0.9733260273933411 0.23497098684310913
vt 0.9630089998245239 0.25955402851104736
vt 0.9733260273933411 0.25955402851104736
vt 0.9434059858322144 0.23497098684310913
vt 0.9434059858322144 0.25955402851104736
vt 0.800000011920929 0.23497098684310913
vt 0.8551959991455078 0.23497098684310913
vt 0.800000011920929 0.25955402851104736
vt 0.8551959991455078 0.25955402851104736
vt 0.7454370260238647 0.23497098684310913
vt 0.7454370260238647 0.25955402851104736
vt 0.6972990036010742 0.23497098684310913
vt 0.6972990036010742 0.25955402851104736
vt 0.6603919863700867 0.23497098684310913
vt 0.6603919863700867 0.25955402851104736
vt 0.9630089998245239 0.29274100065231323
vt 0.9733260273933411 0.29274100065231323
vt 0.9630089998245239 0.32691097259521484
vt 0.9733260273933411 0.32691097259521484
vt 0.9434059858322144 0.29274100065231323
vt 0.9434059858322144 0.32691097259521484
vt 0.800000011920929 0.29274100065231323
vt 0.8551959991455078 0.29274100065231323
vt 0.800000011920929 0.32691097259521484
vt 0.8551959991455078 0.32691097259521484
vt 0.7454370260238647 0.29274100065231323
vt 0.7454370260238647 0.32691097259521484
vt 0.6972990036010742 0.29274100065231323
vt 0.6972990036010742 0.32691097259521484
vt 0.6603919863700867 0.29274100065231323
vt 0.6603919863700867 0.32691097259521484
vt 0.9630089998245239 0.3544440269470215
vt 0.9733260273933411 0.3544440269470215
vt 0.962565004825592 0.37331098318099976
vt 0.9724389910697937 0.37331098318099976
vt 0.9434059858322144 0.3544440269470215
vt 0.9432950019836426 0.37331098318099976
vt 0.800000011920929 0.3544440269470215
vt 0.8551959991455078 0.3544440269470215
vt 0.800000011920929 0.37331098318099976
vt 0.8551959991455078 0.37331098318099976
vt 0.7454370260238647 0.3544440269470215
vt 0.7454370260238647 0.37331098318099976
vt 0.6972990036010742 0.3544440269470215
vt 0.6972990036010742 0.37331098318099976
vt 0.6603919863700867 0.3544440269470215
vt 0.6604980230331421 0.37331098318099976
vt 0.961421012878418 0.3844059705734253
vt 0.960345983505249 0.3844059705734253
vt 0.9612339735031128 0.3875129818916321
vt 0.96977698802948 0.3875129818916321
vt 0.962565004825592 0.39602601528167725
vt 0.9724389910697937 0.39602601528167725
vt 0.9429630041122437 0.3875120282173157
vt 0.9432950019836426 0.39602601528167725
vt 0.9427409768104553 0.3844059705734253
vt 0.8551959991455078 0.3844059705734253
vt 0.800000011920929 0.3844059705734253
vt 0.800000011920929 0.3875129818916321
vt 0.8551959991455078 0.3875120282173157
vt 0.800000011920929 0.39602601528167725
vt 0.8551959991455078 0.39602601528167725
vt 0.7454370260238647 0.3875120282173157
vt 0.7454370260238647 0.39602601528167725
vt 0.7454370260238647 0.3844059705734253
vt 0.6972990036010742 0.3844059705734253
vt 0.6972990036010742 0.3875129818916321
vt 0.6972990036010742 0.39602601528167725
vt 0.6608179807662964 0.3875120282173157
vt 0.6604980230331421 0.39602601528167725
vt 0.6610299944877625 0.3844059705734253
vt 0.9733260273933411 0.44039100408554077
vt 0.9630089998245239 0.44039100408554077
vt 0.9630089998245239 0.46714502573013306
vt 0.9733260273933411 0.46714502573013306
vt 0.9625430107116699 0.48858702182769775
vt 0.9723950028419495 0.48858702182769775
vt 0.9434059858322144 0.46714502573013306
vt 0.9432899951934814 0.48858702182769775
vt 0.9434059858322144 0.44039100408554077
vt 0.8551959991455078 0.44039100408554077
vt 0.800000011920929 0.44039100408554077
vt 0.800000011920929 0.46714502573013306
vt 0.8551959991455078 0.46714502573013306
vt 0.800000011920929 0.48858702182769775
vt 0.8551959991455078 0.48858702182769775
vt 0.7454370260238647 0.46714502573013306
vt 0.7454370260238647 0.48858702182769775
vt 0.7454370260238647 0.44039100408554077
vt 0.6972990036010742 0.44039100408554077
vt 0.6972990036010742 0.46714502573013306
vt 0.6972990036010742 0.48858702182769775
vt 0.6603919863700867 0.46714502573013306
vt 0.6605560183525085 0.48858702182769775
vt 0.6603919863700867 0.44039100408554077
vt 0.9611600041389465 0.5013140141963959
vt 0.9602159857749939 0.5013140141963959
vt 0.9611470103263855 0.5052160024642944
vt 0.9696019887924194 0.5052160024642944
vt 0.9625430107116699 0.5126599967479706
vt 0.9723950028419495 0.5126599967479706
vt 0.9429410099983215 0.5052160024642944
vt 0.9432899951934814 0.5126599967479706
vt 0.9427080154418945 0.5013140141963959
vt 0.8551959991455078 0.5013140141963959
vt 0.800000011920929 0.5013140141963959
vt 0.800000011920929 0.5052160024642944
vt 0.8551959991455078 0.5052160024642944
vt 0.800000011920929 0.5126599967479706
vt 0.8551959991455078 0.5126599967479706
vt 0.7454370260238647 0.5052160024642944
vt 0.7454370260238647 0.5126599967479706
vt 0.7454370260238647 0.5013140141963959
vt 0.6972990036010742 0.5013140141963959
vt 0.6972990036010742 0.5052160024642944
vt 0.6972990036010742 0.5126599967479706
vt 0.6610469818115234 0.5052160024642944
vt 0.6605560183525085 0.5126599967479706
vt 0.6613739728927612 0.5013140141963959
vt 0.9733260273933411 0.5444250106811523
vt 0.9630089998245239 0.5444250106811523
vt 0.9630089998245239 0.5627659857273102
vt 0.9733260273933411 0.5627659857273102
vt 0.9626820087432861 0.5774750113487244
vt 0.9726740121841431 0.5774750113487244
vt 0.9434059858322144 0.5627659857273102
vt 0.9433249831199646 0.5774750113487244
vt 0.9434059858322144 0.5444250106811523
vt 0.8551959991455078 0.5444250106811523
vt 0.800000011920929 0.5444250106811523
vt 0.800000011920929 0.5627659857273102
vt 0.8551959991455078 0.5627659857273102
vt 0.800000011920929 0.5774750113487244
vt 0.8551959991455078 0.5774750113487244
vt 0.7454370260238647 0.5627659857273102
vt 0.7454370260238647 0.5774750113487244
vt 0.7454370260238647 0.5444250106811523
vt 0.6972990036010742 0.5444250106811523
vt 0.6972990036010742 0.5627659857273102
vt 0.6972990036010742 0.5774750113487244
vt 0.6603919863700867 0.5627659857273102
vt 0.6603919863700867 0.5774750113487244
vt 0.6603919863700867 0.5444250106811523
vt 0.9726740121841431 0.59756800532341
vt 0.9626820087432861 0.59756800532341
vt 0.9630089998245239 0.6161090135574341
vt 0.9733260273933411 0.6161090135574341
vt 0.9630089998245239 0.6383270025253296
vt 0.9733260273933411 0.6383270025253296
vt 0.9434059858322144 0.6161090135574341
vt 0.9434059858322144 0.6383270025253296
vt 0.9433249831199646 0.59756800532341
vt 0.8551959991455078 0.59756800532341
vt 0.800000011920929 0.59756800532341
vt 0.800000011920929 0.6161090135574341
vt 0.8551959991455078 0.6161090135574341
vt 0.800000011920929 0.6383270025253296
vt 0.8551959991455078 0.6383270025253296
vt 0.7454370260238647 0.6161090135574341
vt 0.7454370260238647 0.6383270025253296
vt 0.7454370260238647 0.59756800532341
vt 0.6972990036010742 0.59756800532341
vt 0.6972990036010742 0.6161090135574341
vt 0.6972990036010742 0.6383270025253296
vt 0.6603919863700867 0.6161090135574341
vt 0.6603919863700867 0.6383270025253296
vt 0.6603919863700867 0.59756800532341
vt 0.9630089998245239 0.6572439968585968
vt 0.9733260273933411 0.6572439968585968
vt 0.962677001953125 0.6709479987621307
vt 0.9726619720458984 0.6709479987621307
vt 0.9434059858322144 0.6572439968585968
vt 0.943323016166687 0.6709479987621307
vt 0.800000011920929 0.6572439968585968
vt 0.8551959991455078 0.6572439968585968
vt 0.800000011920929 0.6709479987621307
vt 0.8551959991455078 0.6709479987621307
vt 0.7454370260238647 0.6572439968585968
vt 0.7454370260238647 0.6709479987621307
vt 0.6972990036010742 0.6572439968585968
vt 0.6972990036010742 0.6709479987621307
vt 0.6603919863700867 0.6572439968585968
vt 0.6605910062789917 0.6709479987621307
vt 0.9654920101165771 0.680743008852005
vt 0.9610170125961304 0.680743008852005
vt 0.9616810083389282 0.6843689978122711
vt 0.9706709980964661 0.6843689978122711
vt 0.962677001953125 0.6921229958534241
vt 0.9726619720458984 0.6921229958534241
vt 0.9430739879608154 0.6843689978122711
vt 0.943323016166687 0.6921229958534241
vt 0.942907989025116 0.680743008852005
vt 0.8551959991455078 0.680743008852005
vt 0.800000011920929 0.680743008852005
vt 0.800000011920929 0.6843689978122711
vt 0.8551959991455078 0.6843689978122711
vt 0.800000011920929 0.6921229958534241
vt 0.8551959991455078 0.6921229958534241
vt 0.7454370260238647 0.6843689978122711
vt 0.7454370260238647 0.6921229958534241
vt 0.7454370260238647 0.680743008852005
vt 0.6972990036010742 0.680743008852005
vt 0.6972990036010742 0.6843689978122711
vt 0.6972990036010742 0.6921229958534241
vt 0.6611899733543396 0.6843689978122711
vt 0.6605910062789917 0.6921229958534241
vt 0.6615899801254272 0.680743008852005
vt 0.9733260273933411 0.7268219888210297
vt 0.9630089998245239 0.7268219888210297
vt 0.9630089998245239 0.7450700104236603
vt 0.9733260273933411 0.7450700104236603
vt 0.9630089998245239 0.7608949989080429
vt 0.9733260273933411 0.7608949989080429
vt 0.9434059858322144 0.7450700104236603
vt 0.9434059858322144 0.7608949989080429
vt 0.9434059858322144 0.7268219888210297
vt 0.8551959991455078 0.7268219888210297
vt 0.800000011920929 0.7268219888210297
vt 0.800000011920929 0.7450700104236603
vt 0.8551959991455078 0.7450700104236603
vt 0.800000011920929 0.7608949989080429
vt 0.8551959991455078 0.7608949989080429
vt 0.7454370260238647 0.7450700104236603
vt 0.7454370260238647 0.7608949989080429
vt 0.7454370260238647 0.7268219888210297
vt 0.6972990036010742 0.7268219888210297
vt 0.6972990036010742 0.7450700104236603
vt 0.6972990036010742 0.7608949989080429
vt 0.6603919863700867 0.7450700104236603
vt 0.6603919863700867 0.7608949989080429
vt 0.6603919863700867 0.7268219888210297
vt 0.9630089998245239 0.7727259993553162
vt 0.9733260273933411 0.7727259993553162
vt 0.9630089998245239 0.7776429951190948
vt 0.9733260273933411 0.7776429951190948
vt 0.9434059858322144 0.7727259993553162
vt 0.9434059858322144 0.7776429951190948
vt 0.800000011920929 0.7727259993553162
vt 0.8551959991455078 0.7727259993553162
vt 0.800000011920929 0.7776429951190948
vt 0.8551959991455078 0.7776429951190948
vt 0.7454370260238647 0.7727259993553162
vt 0.7454370260238647 0.7776429951190948
vt 0.6972990036010742 0.7727259993553162
vt 0.6972990036010742 0.7776429951190948
vt 0.6603919863700867 0.7727259993553162
vt 0.6603919863700867 0.7776429951190948
vt 0.9630089998245239 0.7850169986486435
vt 0.9733260273933411 0.7850169986486435
vt 0.9630089998245239 0.7936220020055771
vt 0.9733260273933411 0.7936220020055771
vt 0.9434059858322144 0.7850169986486435
vt 0.9434059858322144 0.7936210036277771
vt 0.800000011920929 0.7850169986486435
vt 0.8551959991455078 0.7850169986486435
vt 0.800000011920929 0.7936220020055771
vt 0.8551959991455078 0.7936210036277771
vt 0.7454370260238647 0.7850169986486435
vt 0.7454370260238647 0.7936220020055771
vt 0.6972990036010742 0.7850169986486435
vt 0.6972990036010742 0.7936220020055771
vt 0.6603919863700867 0.7850169986486435
vt 0.6603919863700867 0.7936220020055771
vt 0.9630089998245239 0.8022260069847107
vt 0.9733260273933411 0.8022260069847107
vt 0.9630089998245239 0.8100609928369522
vt 0.9733260273933411 0.8100609928369522
vt 0.9434059858322144 0.8022260069847107
vt 0.9434059858322144 0.8100620061159134
vt 0.800000011920929 0.8022260069847107
vt 0.8551959991455078 0.8022260069847107
vt 0.800000011920929 0.8100609928369522
vt 0.8551959991455078 0.8100620061159134
vt 0.7454370260238647 0.8022260069847107
vt 0.7454370260238647 0.8100620061159134
vt 0.6972990036010742 0.8022260069847107
vt 0.6972990036010742 0.8100609928369522
vt 0.6603919863700867 0.8022260069847107
vt 0.6603919863700867 0.8100620061159134
vt 0.9630089998245239 0.8163609951734543
vt 0.9733260273933411 0.8163609951734543
vt 0.9630089998245239 0.8234959989786148
vt 0.9733260273933411 0.8234959989786148
vt 0.9434059858322144 0.8163609951734543
vt 0.9434059858322144 0.8234959989786148
vt 0.800000011920929 0.8163609951734543
vt 0.8551959991455078 0.8163609951734543
vt 0.800000011920929 0.8234959989786148
vt 0.8551959991455078 0.8234959989786148
vt 0.7454370260238647 0.8163609951734543
vt 0.7454370260238647 0.8234959989786148
vt 0.6972990036010742 0.8163609951734543
vt 0.6972990036010742 0.8234959989786148
vt 0.6603919863700867 0.8163609951734543
vt 0.6603919863700867 0.8234959989786148
vt 0.9630089998245239 0.8313809931278229
vt 0.9733260273933411 0.8313809931278229
vt 0.962457001209259 0.8381659984588623
vt 0.9722229838371277 0.8381659984588623
vt 0.9434059858322144 0.8313809931278229
vt 0.9432680010795593 0.8381659984588623
vt 0.800000011920929 0.8313809931278229
vt 0.8551959991455078 0.8313809931278229
vt 0.800000011920929 0.8381659984588623
vt 0.8551959991455078 0.8381659984588623
vt 0.7454370260238647 0.8313809931278229
vt 0.7454370260238647 0.8381659984588623
vt 0.6972990036010742 0.8313809931278229
vt 0.6972990036010742 0.8381659984588623
vt 0.6603919863700867 0.8313820064067841
vt 0.6605409979820251 0.8381659984588623
vt 0.9722229838371277 0.8505119979381561
vt 0.962457001209259 0.8505119979381561
vt 0.9630089998245239 0.8565409928560257
vt 0.9733260273933411 0.8565409928560257
vt 0.9630089998245239 0.8648380041122437
vt 0.9733260273933411 0.8648380041122437
vt 0.9434059858322144 0.8565409928560257
vt 0.9434059858322144 0.8648380041122437
vt 0.9432680010795593 0.8505119979381561
vt 0.8551959991455078 0.8505119979381561
vt 0.800000011920929 0.8505119979381561
vt 0.800000011920929 0.8565409928560257
vt 0.8551959991455078 0.8565409928560257
vt 0.800000011920929 0.8648380041122437
vt 0.8551959991455078 0.8648380041122437
vt 0.7454370260238647 0.8565409928560257
vt 0.7454370260238647 0.8648380041122437
vt 0.7454370260238647 0.8505119979381561
vt 0.6972990036010742 0.8505119979381561
vt 0.6972990036010742 0.8565409928560257
vt 0.6972990036010742 0.8648380041122437
vt 0.6603919863700867 0.8565409928560257
vt 0.6603919863700867 0.8648380041122437
vt 0.6605409979820251 0.8505119979381561
vt 0.9630089998245239 0.8725199997425079
vt 0.9733260273933411 0.8725199997425079
vt 0.9630089998245239 0.87881900370121
vt 0.9733260273933411 0.87881900370121
vt 0.9434059858322144 0.8725199997425079
vt 0.9434059858322144 0.87881900370121
vt 0.800000011920929 0.8725199997425079
vt 0.8551959991455078 0.8725199997425079
vt 0.800000011920929 0.87881900370121
vt 0.8551959991455078 0.87881900370121
vt 0.7454370260238647 0.8725199997425079
vt 0.7454370260238647 0.87881900370121
vt 0.6972990036010742 0.8725199997425079
vt 0.6972990036010742 0.87881900370121
vt 0.6603919863700867 0.8725199997425079
vt 0.6603919863700867 0.87881900370121
vt 0.9630089998245239 0.8860410004854202
vt 0.9733260273933411 0.8860410004854202
vt 0.9630089998245239 0.895566999912262
vt 0.9733260273933411 0.895566999912262
vt 0.9434059858322144 0.8860410004854202
vt 0.9434059858322144 0.895566999912262
vt 0.800000011920929 0.8860410004854202
vt 0.8551959991455078 0.8860410004854202
vt 0.800000011920929 0.895566999912262
vt 0.8551959991455078 0.895566999912262
vt 0.7454370260238647 0.8860410004854202
vt 0.7454370260238647 0.895566999912262
vt 0.6972990036010742 0.8860410004854202
vt 0.6972990036010742 0.895566999912262
vt 0.6603919863700867 0.8860410004854202
vt 0.6603919863700867 0.895566999912262
vt 0.9630089998245239 0.9057070016860962
vt 0.9733260273933411 0.9057070016860962
vt 0.9630089998245239 0.9136969968676567
vt 0.9733260273933411 0.9136969968676567
vt 0.9434059858322144 0.9057070016860962
vt 0.9434059858322144 0.9136969968676567
vt 0.800000011920929 0.9057070016860962
vt 0.8551959991455078 0.9057070016860962
vt 0.800000011920929 0.9136969968676567
vt 0.8551959991455078 0.9136969968676567
vt 0.7454370260238647 0.9057070016860962
vt 0.7454370260238647 0.9136969968676567
vt 0.6972990036010742 0.9057070016860962
vt 0.6972990036010742 0.9136969968676567
vt 0.6603919863700867 0.9057070016860962
vt 0.6603919863700867 0.9136969968676567
vt 0.9630089998245239 0.9184589982032776
vt 0.9733260273933411 0.9184589982032776
vt 0.9630089998245239 0.9239910021424294
vt 0.9733260273933411 0.9239910021424294
vt 0.9434059858322144 0.9184589982032776
vt 0.9434059858322144 0.9239910021424294
vt 0.800000011920929 0.9184599965810776
vt 0.8551959991455078 0.9184599965810776
vt 0.800000011920929 0.9239910021424294
vt 0.8551959991455078 0.9239910021424294
vt 0.7454370260238647 0.9184599965810776
vt 0.7454370260238647 0.9239910021424294
vt 0.6972990036010742 0.9184599965810776
vt 0.6972990036010742 0.9239910021424294
vt 0.6603919863700867 0.9184599965810776
vt 0.6603919863700867 0.9239910021424294
vt 0.9630089998245239 0.9295220002532005
vt 0.9733260273933411 0.9295220002532005
vt 0.9630089998245239 0.9336699992418289
vt 0.9733260273933411 0.9336699992418289
vt 0.9434059858322144 0.9295220002532005
vt 0.9434059858322144 0.9336699992418289
vt 0.800000011920929 0.9295220002532005
vt 0.8551959991455078 0.9295220002532005
vt 0.800000011920929 0.9336699992418289
vt 0.8551959991455078 0.9336699992418289
vt 0.7454370260238647 0.9295220002532005
vt 0.7454370260238647 0.9336699992418289
vt 0.6972990036010742 0.9295220002532005
vt 0.6972990036010742 0.9336699992418289
vt 0.6603919863700867 0.9295220002532005
vt 0.6603919863700867 0.9336699992418289
vt 0.9630089998245239 0.9408919997513294
vt 0.9733260273933411 0.9408919997513294
vt 0.9630089998245239 0.9474980011582375
vt 0.9733260273933411 0.9474980011582375
vt 0.9434059858322144 0.9408919997513294
vt 0.9434059858322144 0.9474980011582375
vt 0.800000011920929 0.9408919997513294
vt 0.8551959991455078 0.9408919997513294
vt 0.800000011920929 0.9474980011582375
vt 0.8551959991455078 0.9474980011582375
vt 0.7454370260238647 0.9408919997513294
vt 0.7454370260238647 0.9474980011582375
vt 0.6972990036010742 0.9408919997513294
vt 0.6972990036010742 0.9474980011582375
vt 0.6603919863700867 0.9408919997513294
vt 0.6603919863700867 0.9474980011582375
vt 0.9630089998245239 0.9511860013008118
vt 0.9733260273933411 0.9511860013008118
vt 0.9630089998245239 0.9559490010142326
vt 0.9733260273933411 0.9559490010142326
vt 0.9434059858322144 0.9511860013008118
vt 0.9434059858322144 0.9559490010142326
vt 0.800000011920929 0.9511860013008118
vt 0.8551959991455078 0.9511860013008118
vt 0.800000011920929 0.9559490010142326
vt 0.8551959991455078 0.9559490010142326
vt 0.7454370260238647 0.9511860013008118
vt 0.7454370260238647 0.9559490010142326
vt 0.6972990036010742 0.9511860013008118
vt 0.6972990036010742 0.9559490010142326
vt 0.6603919863700867 0.9511860013008118
vt 0.6603919863700867 0.9559490010142326
vt 0.9630089998245239 0.9604049995541573
vt 0.9733260273933411 0.9604049995541573
vt 0.9630089998245239 0.9636310003697872
vt 0.9733260273933411 0.9636310003697872
vt 0.9434059858322144 0.9604049995541573
vt 0.9434059858322144 0.9636310003697872
vt 0.800000011920929 0.9604049995541573
vt 0.8551959991455078 0.9604049995541573
vt 0.800000011920929 0.9636310003697872
vt 0.8551959991455078 0.9636310003697872
vt 0.7454370260238647 0.9604049995541573
vt 0.7454370260238647 0.9636310003697872
vt 0.6972990036010742 0.9604049995541573
vt 0.6972990036010742 0.9636310003697872
vt 0.6603919863700867 0.9604049995541573
vt 0.6603919863700867 0.9636310003697872
vt 0.026674000546336174 0.9610560014843941
vt 0.036991000175476074 0.9610560014843941
vt 0.036991000175476074 0.9562930017709732
vt 0.026674000546336174 0.9562930017709732
vt 0.036991000175476074 0.9507619999349117
vt 0.026674000546336174 0.9507619999349117
vt 0.05659399926662445 0.9562930017709732
vt 0.05659399926662445 0.9507619999349117
vt 0.05659399926662445 0.9610560014843941
vt 0.1448040008544922 0.9610560014843941
vt 0.20000000298023224 0.9610569998621941
vt 0.20000000298023224 0.9562940001487732
vt 0.1448040008544922 0.9562930017709732
vt 0.20000000298023224 0.9507619999349117
vt 0.1448040008544922 0.9507619999349117
vt 0.25456300377845764 0.9562940001487732
vt 0.25456300377845764 0.9507629983127117
vt 0.25456300377845764 0.9610569998621941
vt 0.3027009963989258 0.9610569998621941
vt 0.3027009963989258 0.9562940001487732
vt 0.3027009963989258 0.9507629983127117
vt 0.33960801362991333 0.9562940001487732
vt 0.33960801362991333 0.9507629983127117
vt 0.33960801362991333 0.9610569998621941
vt 0.9611470103263855 0.49787402153015137
vt 0.9696019887924194 0.49787402153015137
vt 0.9429410099983215 0.49787402153015137
vt 0.7454370260238647 0.49787402153015137
vt 0.800000011920929 0.49787402153015137
vt 0.8551959991455078 0.49787402153015137
vt 0.6610469818115234 0.49787402153015137
vt 0.6972990036010742 0.49787402153015137
vt 0.9630089998245239 0.5267260074615479
vt 0.9733260273933411 0.5267260074615479
vt 0.9434059858322144 0.5267260074615479
vt 0.7454370260238647 0.5267260074615479
vt 0.800000011920929 0.5267260074615479
vt 0.8551959991455078 0.5267260074615479
vt 0.6603919863700867 0.5267260074615479
vt 0.6972990036010742 0.5267260074615479
vt 0.9612339735031128 0.3814849853515625
vt 0.96977698802948 0.3814849853515625
vt 0.9429630041122437 0.3814849853515625
vt 0.7454370260238647 0.3814849853515625
vt 0.800000011920929 0.3814849853515625
vt 0.8551959991455078 0.3814849853515625
vt 0.6608179807662964 0.3814849853515625
vt 0.6972990036010742 0.3814849853515625
vt 0.9630089998245239 0.41516798734664917
vt 0.9733260273933411 0.41516798734664917
vt 0.9434059858322144 0.41516798734664917
vt 0.7454370260238647 0.41516798734664917
vt 0.800000011920929 0.41516798734664917
vt 0.8551959991455078 0.41516798734664917
vt 0.6603919863700867 0.41516798734664917
vt 0.6972990036010742 0.41516798734664917
vt 0.9630089998245239 0.7077229917049408
vt 0.9733260273933411 0.7077229917049408
vt 0.9434059858322144 0.7077229917049408
vt 0.7454370260238647 0.7077229917049408
vt 0.800000011920929 0.7077229917049408
vt 0.8551959991455078 0.7077229917049408
vt 0.6603919863700867 0.7077229917049408
vt 0.6972990036010742 0.7077229917049408
vt 0.9616810083389282 0.6775250136852264
vt 0.9706709980964661 0.6775250136852264
vt 0.9430739879608154 0.6775250136852264
vt 0.7454370260238647 0.6775250136852264
vt 0.800000011920929 0.6775250136852264
vt 0.8551959991455078 0.6775250136852264
vt 0.6611899733543396 0.6775250136852264
vt 0.6972990036010742 0.6775250136852264
vt 0.9601240158081055 0.8444910049438477
vt 0.9596980214118958 0.8444910049438477
vt 0.9608020186424255 0.8472580015659332
vt 0.9689120054244995 0.8472580015659332
vt 0.9428539872169495 0.8472580015659332
vt 0.9425789713859558 0.8444900065660477
vt 0.7454370260238647 0.8444900065660477
vt 0.7454370260238647 0.8472580015659332
vt 0.800000011920929 0.8472580015659332
vt 0.800000011920929 0.8444910049438477
vt 0.8551959991455078 0.8472580015659332
vt 0.8551959991455078 0.8444900065660477
vt 0.6612870097160339 0.8444900065660477
vt 0.660988986492157 0.8472580015659332
vt 0.6972990036010742 0.8472580015659332
vt 0.6972990036010742 0.8444910049438477
vt 0.09476599842309952 0.9610560014843941
vt 0.09476599842309952 0.9562930017709732
vt 0.09476599842309952 0.9507619999349117
vt 0.9052330255508423 0.9559490010142326
vt 0.9052330255508423 0.9604049995541573
vt 0.9052330255508423 0.9636310003697872
vt 0.9052330255508423 0.9474980011582375
vt 0.9052330255508423 0.9511860013008118
vt 0.9052330255508423 0.9336699992418289
vt 0.9052339792251587 0.9408919997513294
vt 0.9052330255508423 0.9239910021424294
vt 0.9052330255508423 0.9295220002532005
vt 0.9052330255508423 0.9136969968676567
vt 0.9052330255508423 0.9184599965810776
vt 0.9052330255508423 0.895566999912262
vt 0.9052330255508423 0.9057070016860962
vt 0.9052330255508423 0.87881900370121
vt 0.9052330255508423 0.8860410004854202
vt 0.9052339792251587 0.8648380041122437
vt 0.9052339792251587 0.8725199997425079
vt 0.9052330255508423 0.8505119979381561
vt 0.9052339792251587 0.8565409928560257
vt 0.9052330255508423 0.8444910049438477
vt 0.9052339792251587 0.8472580015659332
vt 0.9052330255508423 0.8234959989786148
vt 0.9052330255508423 0.8313809931278229
vt 0.9052330255508423 0.8381659984588623
vt 0.9052330255508423 0.8100609928369522
vt 0.9052330255508423 0.8163609951734543
vt 0.9052330255508423 0.7936220020055771
vt 0.9052330255508423 0.8022260069847107
vt 0.9052330255508423 0.7776429951190948
vt 0.9052330255508423 0.7850169986486435
vt 0.9052330255508423 0.7608949989080429
vt 0.9052330255508423 0.7727259993553162
vt 0.9052330255508423 0.7268219888210297
vt 0.9052330255508423 0.7450700104236603
vt 0.9052330255508423 0.6921229958534241
vt 0.9052330255508423 0.7077229917049408
vt 0.9052330255508423 0.680743008852005
vt 0.9052330255508423 0.6843689978122711
vt 0.9052330255508423 0.6709479987621307
vt 0.9052330255508423 0.6775250136852264
vt 0.9052330255508423 0.6383270025253296
vt 0.9052330255508423 0.6572439968585968
vt 0.9052330255508423 0.59756800532341
vt 0.9052330255508423 0.6161090135574341
vt 0.9052330255508423 0.5444250106811523
vt 0.9052330255508423 0.5627659857273102
vt 0.9052330255508423 0.5774750113487244
vt 0.9052330255508423 0.5126599967479706
vt 0.9052330255508423 0.5267260074615479
vt 0.9052330255508423 0.5013140141963959
vt 0.9052330255508423 0.5052160024642944
vt 0.9052330255508423 0.48858702182769775
vt 0.9052330255508423 0.49787402153015137
vt 0.9052330255508423 0.44039100408554077
vt 0.9052330255508423 0.46714502573013306
vt 0.9052330255508423 0.39602601528167725
vt 0.9052330255508423 0.41516798734664917
vt 0.9052330255508423 0.3844059705734253
vt 0.9052330255508423 0.3875129818916321
vt 0.9052330255508423 0.37331098318099976
vt 0.9052330255508423 0.3814849853515625
vt 0.9052330255508423 0.32691097259521484
vt 0.9052330255508423 0.3544440269470215
vt 0.9052330255508423 0.25955402851104736
vt 0.9052330255508423 0.29274100065231323
vt 0.9052330255508423 0.21822398900985718
vt 0.9052330255508423 0.23497098684310913
vt 0.9052339792251587 0.20162999629974365
vt 0.9052330255508423 0.20854401588439941
vt 0.9052330255508423 0.18457502126693726
vt 0.9052330255508423 0.19317901134490967
vt 0.9052330255508423 0.17163598537445068
vt 0.9052330255508423 0.17720097303390503
vt 0.9052339792251587 0.15351301431655884
vt 0.9052330255508423 0.15658897161483765
vt 0.9052339792251587 0.16053897142410278
vt 0.9052330255508423 0.13778698444366455
vt 0.9052330255508423 0.14287900924682617
vt 0.9052330255508423 0.14765602350234985
vt 0.9052330255508423 0.1311669945716858
vt 0.9052330255508423 0.13516199588775635
vt 0.9052330255508423 0.1190289855003357
vt 0.9052330255508423 0.12532901763916016
vt 0.9052330255508423 0.10550802946090698
vt 0.9052330255508423 0.11365097761154175
vt 0.9052330255508423 0.08999001979827881
vt 0.9052330255508423 0.0970579981803894
vt 0.9052330255508423 0.07985001802444458
vt 0.9052330255508423 0.08584201335906982
vt 0.9052330255508423 0.06740498542785645
vt 0.9052330255508423 0.07293599843978882
vt 0.9052330255508423 0.0535770058631897
vt 0.9052330255508423 0.06018298864364624
vt 0.9052330255508423 0.045433998107910156
vt 0.9052330255508423 0.04988902807235718
vt 0.9052330255508423 0.03636902570724487
vt 0.9052330255508423 0.04189997911453247
vt 0.36047598719596863 0.9610569998621941
vt 0.36047598719596863 0.9562940001487732
vt 0.36047598719596863 0.9507629983127117
vt 0.37332600355148315 0.9562940001487732
vt 0.37332600355148315 0.9507629983127117
vt 0.37332600355148315 0.9610569998621941
vt 0.6395230293273926 0.9559490010142326
vt 0.6395230293273926 0.9604049995541573
vt 0.6395230293273926 0.9636310003697872
vt 0.6266739964485168 0.9604049995541573
vt 0.6266739964485168 0.9636310003697872
vt 0.6266739964485168 0.9559490010142326
vt 0.6395230293273926 0.9474989995360374
vt 0.6395230293273926 0.9511860013008118
vt 0.6266739964485168 0.9511860013008118
vt 0.6266739964485168 0.9474980011582375
vt 0.6395230293273926 0.9336699992418289
vt 0.6395230293273926 0.9408919997513294
vt 0.6266739964485168 0.9408919997513294
vt 0.6266739964485168 0.9336699992418289
vt 0.6395230293273926 0.9239910021424294
vt 0.6395230293273926 0.9295220002532005
vt 0.6266739964485168 0.9295220002532005
vt 0.6266739964485168 0.9239910021424294
vt 0.6395230293273926 0.9136969968676567
vt 0.6395230293273926 0.9184599965810776
vt 0.6266739964485168 0.9184599965810776
vt 0.6266739964485168 0.9136969968676567
vt 0.6395230293273926 0.895566999912262
vt 0.6395230293273926 0.9057070016860962
vt 0.6266739964485168 0.9057070016860962
vt 0.6266739964485168 0.895566999912262
vt 0.6395230293273926 0.87881900370121
vt 0.6395230293273926 0.8860410004854202
vt 0.6266739964485168 0.8860410004854202
vt 0.6266739964485168 0.87881900370121
vt 0.6395230293273926 0.8648380041122437
vt 0.6395230293273926 0.8725199997425079
vt 0.6266739964485168 0.8725199997425079
vt 0.6266739964485168 0.8648380041122437
vt 0.6401200294494629 0.8505119979381561
vt 0.6395230293273926 0.8565409928560257
vt 0.6266739964485168 0.8565409928560257
vt 0.6278679966926575 0.8505119979381561
vt 0.6338369846343994 0.8444910049438477
vt 0.6314489841461182 0.8472580015659332
vt 0.641910970211029 0.8472580015659332
vt 0.6431049704551697 0.8444910049438477
vt 0.6395230293273926 0.8234959989786148
vt 0.6395230293273926 0.8313809931278229
vt 0.6401200294494629 0.8381659984588623
vt 0.6266739964485168 0.8313820064067841
vt 0.6278679966926575 0.8381659984588623
vt 0.6266739964485168 0.8234959989786148
vt 0.6395230293273926 0.8100609928369522
vt 0.6395230293273926 0.8163609951734543
vt 0.6266739964485168 0.8163609951734543
vt 0.6266739964485168 0.8100609928369522
vt 0.6395230293273926 0.7936220020055771
vt 0.6395230293273926 0.8022260069847107
vt 0.6266739964485168 0.8022260069847107
vt 0.6266739964485168 0.7936220020055771
vt 0.6395230293273926 0.7776429951190948
vt 0.6395230293273926 0.7850169986486435
vt 0.6266739964485168 0.7850169986486435
vt 0.6266739964485168 0.7776429951190948
vt 0.6395230293273926 0.7608949989080429
vt 0.6395230293273926 0.7727259993553162
vt 0.6266739964485168 0.7727259993553162
vt 0.6266739964485168 0.7608949989080429
vt 0.6395230293273926 0.7268219888210297
vt 0.6395230293273926 0.7450700104236603
vt 0.6266739964485168 0.7450700104236603
vt 0.6266739964485168 0.7268219888210297
vt 0.6282709836959839 0.6921229958534241
vt 0.6266739964485168 0.7077229917049408
vt 0.6395230293273926 0.7077229917049408
vt 0.6403220295906067 0.6921229958534241
vt 0.6443139910697937 0.680743008852005
vt 0.6427170038223267 0.6843689978122711
vt 0.6294500231742859 0.6843689978122711
vt 0.6362550258636475 0.680743008852005
vt 0.6282709836959839 0.6709479987621307
vt 0.6304060220718384 0.6775250136852264
vt 0.6427170038223267 0.6775250136852264
vt 0.6403220295906067 0.6709479987621307
vt 0.6395230293273926 0.6383270025253296
vt 0.6395230293273926 0.6572439968585968
vt 0.6266739964485168 0.6572439968585968
vt 0.6266739964485168 0.6383270025253296
vt 0.6395230293273926 0.59756800532341
vt 0.6395230293273926 0.6161090135574341
vt 0.6266739964485168 0.6161090135574341
vt 0.6266739964485168 0.59756800532341
vt 0.6395230293273926 0.5444250106811523
vt 0.6395230293273926 0.5627659857273102
vt 0.6395230293273926 0.5774750113487244
vt 0.6266739964485168 0.5627659857273102
vt 0.6266739964485168 0.5774750113487244
vt 0.6266739964485168 0.5444250106811523
vt 0.6279839873313904 0.5126599967479706
vt 0.6266739964485168 0.5267260074615479
vt 0.6395230293273926 0.5267260074615479
vt 0.6401780247688293 0.5126599967479706
vt 0.643451988697052 0.5013140141963959
vt 0.6421430110931396 0.5052160024642944
vt 0.6297770142555237 0.5052160024642944
vt 0.6345310211181641 0.5013140141963959
vt 0.6279839873313904 0.48858702182769775
vt 0.6287609934806824 0.49787402153015137
vt 0.6421430110931396 0.49787402153015137
vt 0.6401780247688293 0.48858702182769775
vt 0.6395230293273926 0.44039100408554077
vt 0.6395230293273926 0.46714502573013306
vt 0.6266739964485168 0.46714502573013306
vt 0.6266739964485168 0.44039100408554077
vt 0.6275249719619751 0.39602601528167725
vt 0.6266739964485168 0.41516798734664917
vt 0.6395230293273926 0.41516798734664917
vt 0.6399490237236023 0.39602601528167725
vt 0.6420770287513733 0.3844059705734253
vt 0.6412259936332703 0.3875129818916321
vt 0.6279410123825073 0.3875129818916321
vt 0.6381509900093079 0.3844059705734253
vt 0.6275249719619751 0.37331098318099976
vt 0.6279489994049072 0.3814849853515625
vt 0.6412259936332703 0.3814849853515625
vt 0.6399490237236023 0.37331098318099976
vt 0.6395230293273926 0.32691097259521484
vt 0.6395230293273926 0.3544440269470215
vt 0.6266739964485168 0.3544440269470215
vt 0.6266739964485168 0.32691097259521484
vt 0.6395230293273926 0.25955402851104736
vt 0.6395230293273926 0.29274100065231323
vt 0.6266739964485168 0.29274100065231323
vt 0.6266739964485168 0.25955402851104736
vt 0.6395230293273926 0.21822398900985718
vt 0.6395230293273926 0.23497098684310913
vt 0.6266739964485168 0.23497098684310913
vt 0.6266739964485168 0.21822398900985718
vt 0.6395230293273926 0.20162999629974365
vt 0.6395230293273926 0.20854401588439941
vt 0.6266739964485168 0.20854401588439941
vt 0.6266739964485168 0.20162999629974365
vt 0.6395230293273926 0.18457597494125366
vt 0.6395230293273926 0.19318002462387085
vt 0.6266739964485168 0.19318002462387085
vt 0.6266739964485168 0.18457597494125366
vt 0.6395230293273926 0.17163598537445068
vt 0.6395230293273926 0.17720097303390503
vt 0.6266739964485168 0.17720097303390503
vt 0.6266739964485168 0.17163598537445068
vt 0.6441829800605774 0.15351402759552002
vt 0.6426299810409546 0.15658897161483765
vt 0.6402999758720398 0.16053897142410278
vt 0.6328870058059692 0.15658897161483765
vt 0.6282269954681396 0.16053897142410278
vt 0.635994017124176 0.15351402759552002
vt 0.6395230293273926 0.13778698444366455
vt 0.6395230293273926 0.14287900924682617
vt 0.6402999758720398 0.14765602350234985
vt 0.6266739964485168 0.14287900924682617
vt 0.6282269954681396 0.14765602350234985
vt 0.6266739964485168 0.13778698444366455
vt 0.6395230293273926 0.1311669945716858
vt 0.6395230293273926 0.13516199588775635
vt 0.6266739964485168 0.13516199588775635
vt 0.6266739964485168 0.1311669945716858
vt 0.6395230293273926 0.1190289855003357
vt 0.6395230293273926 0.12532901763916016
vt 0.6266739964485168 0.12532901763916016
vt 0.6266739964485168 0.1190289855003357
vt 0.6395230293273926 0.10550898313522339
vt 0.6395230293273926 0.11365199089050293
vt 0.6266739964485168 0.11365199089050293
vt 0.6266739964485168 0.10550898313522339
vt 0.6395230293273926 0.08999097347259521
vt 0.6395230293273926 0.0970579981803894
vt 0.6266739964485168 0.0970579981803894
vt 0.6266739964485168 0.08999097347259521
vt 0.6395230293273926 0.07985001802444458
vt 0.6395230293273926 0.08584201335906982
vt 0.6266739964485168 0.08584201335906982
vt 0.6266739964485168 0.07985001802444458
vt 0.6395230293273926 0.06740498542785645
vt 0.6395230293273926 0.07293599843978882
vt 0.6266739964485168 0.07293599843978882
vt 0.6266739964485168 0.06740498542785645
vt 0.6395230293273926 0.0535770058631897
vt 0.6395230293273926 0.06018400192260742
vt 0.6266739964485168 0.06018400192260742
vt 0.6266739964485168 0.0535770058631897
vt 0.6395230293273926 0.045433998107910156
vt 0.6395230293273926 0.049889981746673584
vt 0.6266739964485168 0.049889981746673584
vt 0.6266739964485168 0.045433998107910156
vt 0.6395230293273926 0.03636902570724487
vt 0.6395230293273926 0.04189997911453247
vt 0.6266739964485168 0.04189997911453247
vt 0.6266739964485168 0.03636902570724487
vt 0.9605640172958374 0.1508679986000061
vt 0.9684370160102844 0.1508679986000061
vt 0.9427949786186218 0.1508679986000061
vt 0.8551959991455078 0.1508679986000061
vt 0.9052330255508423 0.1508679986000061
vt 0.7454370260238647 0.15086901187896729
vt 0.800000011920929 0.15086901187896729
vt 0.6611679792404175 0.15086901187896729
vt 0.6972990036010742 0.15086901187896729
vt 0.6328870058059692 0.15086901187896729
vt 0.6426299810409546 0.15086901187896729
vt 0.9630089998245239 0.16580700874328613
vt 0.9733260273933411 0.16580700874328613
vt 0.9434059858322144 0.16580700874328613
vt 0.8551959991455078 0.16580700874328613
vt 0.9052330255508423 0.16580700874328613
vt 0.7454370260238647 0.16580802202224731
vt 0.800000011920929 0.16580700874328613
vt 0.6603919863700867 0.16580802202224731
vt 0.6972990036010742 0.16580802202224731
vt 0.6266739964485168 0.16580802202224731
vt 0.6395230293273926 0.16580802202224731
vt 0.9608020186424255 0.8419979959726334
vt 0.9689120054244995 0.8419979959726334
vt 0.9428539872169495 0.8419979959726334
vt 0.8551959991455078 0.8419979959726334
vt 0.9052330255508423 0.8419979959726334
vt 0.7454370260238647 0.8419979959726334
vt 0.800000011920929 0.8419979959726334
vt 0.660988986492157 0.8419979959726334
vt 0.6972990036010742 0.8419979959726334
vt 0.6314489841461182 0.8419979959726334
vt 0.641910970211029 0.8419979959726334
vt 0.6603919863700867 0.5870510041713715
vt 0.6395230293273926 0.5870510041713715
vt 0.6395230293273926 0.589682012796402
vt 0.6603919863700867 0.589682012796402
vt 0.6266739964485168 0.589682012796402
vt 0.6319029927253723 0.5870510041713715
vt 0.7454370260238647 0.5870510041713715
vt 0.6972990036010742 0.5870510041713715
vt 0.6972990036010742 0.589682012796402
vt 0.7454370260238647 0.589682012796402
vt 0.8551959991455078 0.5870510041713715
vt 0.800000011920929 0.5870510041713715
vt 0.800000011920929 0.589682012796402
vt 0.8551959991455078 0.589682012796402
vt 0.942916989326477 0.5870510041713715
vt 0.9052330255508423 0.5870510041713715
vt 0.9052330255508423 0.589682012796402
vt 0.9430800080299377 0.589682012796402
vt 0.9678829908370972 0.5870510041713715
vt 0.9610509872436523 0.5870510041713715
vt 0.9617040157318115 0.589682012796402
vt 0.9707159996032715 0.589682012796402
vt 0.9617040157318115 0.5842759907245636
vt 0.9707159996032715 0.5842759907245636
vt 0.9430800080299377 0.5842759907245636
vt 0.8551959991455078 0.5842759907245636
vt 0.9052330255508423 0.5842759907245636
vt 0.7454370260238647 0.5842759907245636
vt 0.800000011920929 0.5842759907245636
vt 0.6603919863700867 0.5842759907245636
vt 0.6972990036010742 0.5842759907245636
vt 0.6266739964485168 0.5842759907245636
vt 0.6395230293273926 0.5842759907245636
vt 0.44050100445747375 0.8545249998569489
vt 0.44060999155044556 0.8456110060214996
vt 0.4388279914855957 0.845782995223999
vt 0.4387210011482239 0.8545030057430267
vt 0.036991000175476074 0.03894299268722534
vt 0.026674000546336174 0.03894299268722534
vt 0.026674000546336174 0.04004800319671631
vt 0.036991000175476074 0.04004800319671631
vt 0.43908101320266724 0.8382530063390732
vt 0.43745899200439453 0.8391949981451035
vt 0.05659399926662445 0.03894299268722534
vt 0.05659399926662445 0.04004800319671631
vt 0.20000000298023224 0.03894299268722534
vt 0.1448040008544922 0.03894299268722534
vt 0.1448040008544922 0.04004800319671631
vt 0.20000000298023224 0.04004698991775513
vt 0.25456300377845764 0.03894299268722534
vt 0.25456300377845764 0.04004698991775513
vt 0.30270200967788696 0.03894299268722534
vt 0.3027009963989258 0.04004698991775513
vt 0.33960801362991333 0.03894299268722534
vt 0.33960801362991333 0.04004698991775513
vt 0.4342760145664215 0.8340100049972534
vt 0.43367800116539 0.8358560055494308
vt 0.4279389977455139 0.8346260040998459
vt 0.42882999777793884 0.836327999830246
vt 0.42181599140167236 0.8418470025062561
vt 0.4234269857406616 0.8426990061998367
vt 0.41902101039886475 0.8519690036773682
vt 0.4208950102329254 0.8518719971179962
vt 0.42267000675201416 0.861286997795105
vt 0.4241830110549927 0.8602689951658249
vt 0.4299449920654297 0.8681900054216385
vt 0.4308969974517822 0.8666390031576157
vt 0.4380269944667816 0.8710640072822571
vt 0.4381150007247925 0.8692059963941574
vt 0.4458940029144287 0.8690789937973022
vt 0.4449140131473541 0.8674910068511963
vt 0.4525279998779297 0.8614010065793991
vt 0.4509829878807068 0.8604670017957687
vt 0.45693400502204895 0.8502060025930405
vt 0.45518600940704346 0.8497879952192307
vt 0.4581190049648285 0.8376670032739639
vt 0.4563220143318176 0.8377619981765747
vt 0.45583900809288025 0.8263889998197556
vt 0.4541800022125244 0.8271690011024475
vt 0.44985300302505493 0.8189769983291626
vt 0.44872498512268066 0.8204129934310913
vt 0.44238901138305664 0.8154579997062683
vt 0.4420410096645355 0.8172619938850403
vt 0.4356760084629059 0.815859004855156
vt 0.43616899847984314 0.8176130056381226
vt 0.42955899238586426 0.8191059976816177
vt 0.4305799901485443 0.820579007267952
vt 0.42388200759887695 0.8241239935159683
vt 0.4252089858055115 0.82532599568367
vt 0.41992101073265076 0.8296130001544952
vt 0.4215869903564453 0.8303460031747818
vt 0.4183819890022278 0.838238999247551
vt 0.4156090021133423 0.8416450023651123
vt 0.4170149862766266 0.842737004160881
vt 0.4200739860534668 0.8389810025691986
vt 0.41227200627326965 0.8461470007896423
vt 0.41388100385665894 0.8469650000333786
vt 0.40981099009513855 0.8627510070800781
vt 0.412678986787796 0.8735290020704269
vt 0.41433098912239075 0.8728149980306625
vt 0.41159600019454956 0.8625359982252121
vt 0.41890600323677063 0.8835719972848892
vt 0.42023399472236633 0.8823359981179237
vt 0.4287849962711334 0.8907169997692108
vt 0.42958199977874756 0.8890959993004799
vt 0.44051799178123474 0.8941830024123192
vt 0.44070199131965637 0.8923809975385666
vt 0.45230600237846375 0.8931929990649223
vt 0.45173001289367676 0.8914550021290779
vt 0.4654650092124939 0.8850060030817986
vt 0.4642989933490753 0.8836349993944168
vt 0.48131099343299866 0.8668860048055649
vt 0.4798940122127533 0.8658020049333572
vt 0.5005689859390259 0.8379990011453629
vt 0.49905699491500854 0.8370590060949326
vt 0.5239660143852234 0.7975140064954758
vt 0.5224140286445618 0.7966399937868118
vt 0.5471299886703491 0.7553000003099442
vt 0.5455679893493652 0.7544459998607635
vt 0.5656909942626953 0.7212280035018921
vt 0.5641149878501892 0.7203989923000336
vt 0.5777519941329956 0.697503000497818
vt 0.5761029720306396 0.696819007396698
vt 0.5831080079078674 0.6745949983596802
vt 0.5874009728431702 0.6635310053825378
vt 0.5857030153274536 0.6630930006504059
vt 0.5812889933586121 0.6741169989109039
vt 0.5874009728431702 0.6635310053825378
vt 0.5897949934005737 0.6515479981899261
vt 0.5880240201950073 0.6513299942016602
vt 0.5857030153274536 0.6630930006504059
vt 0.5915459990501404 0.589042991399765
vt 0.5911980271339417 0.5513469874858856
vt 0.5894190073013306 0.5513859987258911
vt 0.5897660255432129 0.5890400111675262
vt 0.5901520252227783 0.521135002374649
vt 0.588375985622406 0.5212799906730652
vt 0.585669994354248 0.49643802642822266
vt 0.5841130018234253 0.484624981880188
vt 0.5823649764060974 0.48491501808166504
vt 0.5838890075683594 0.49674898386001587
vt 0.5841130018234253 0.484624981880188
vt 0.5825560092926025 0.47422200441360474
vt 0.580810010433197 0.47458499670028687
vt 0.5823649764060974 0.48491501808166504
vt 0.5709800124168396 0.43098998069763184
vt 0.5653499960899353 0.40574997663497925
vt 0.5636150240898132 0.4061499834060669
vt 0.5692499876022339 0.43141400814056396
vt 0.5605499744415283 0.3855839967727661
vt 0.5588570237159729 0.3861590027809143
vt 0.5537940263748169 0.35808902978897095
vt 0.5472760200500488 0.3327919840812683
vt 0.545557975769043 0.33326101303100586
vt 0.5520340204238892 0.35839200019836426
vt 0.5385940074920654 0.3027060031890869
vt 0.5368850231170654 0.30320197343826294
vt 0.5311139822006226 0.27711302042007446
vt 0.5294139981269836 0.2776449918746948
vt 0.5249770283699036 0.258762001991272
vt 0.5233410000801086 0.2594829797744751
vt 0.5177670121192932 0.24638301134109497
vt 0.5178959965705872 0.2410690188407898
vt 0.5161150097846985 0.24108397960662842
vt 0.5159749984741211 0.24688297510147095
vt 0.5178959965705872 0.2410690188407898
vt 0.5174329876899719 0.22989702224731445
vt 0.5156610012054443 0.23010998964309692
vt 0.5161150097846985 0.24108397960662842
vt 0.5067999958992004 0.182142972946167
vt 0.5004580020904541 0.15722602605819702
vt 0.49874699115753174 0.15772199630737305
vt 0.5050719976425171 0.18257099390029907
vt 0.4935489892959595 0.13598698377609253
vt 0.49190300703048706 0.13668298721313477
vt 0.4855540096759796 0.12085098028182983
vt 0.48410800099372864 0.12192398309707642
vt 0.47589001059532166 0.11129897832870483
vt 0.4749079942703247 0.1128309965133667
vt 0.4639729857444763 0.10681301355361938
vt 0.46365800499916077 0.10859698057174683
vt 0.4514780044555664 0.10695397853851318
vt 0.4518139958381653 0.1087309718132019
vt 0.4400799870491028 0.11128401756286621
vt 0.4409779906272888 0.1128469705581665
vt 0.43066298961639404 0.11889898777008057
vt 0.43199899792671204 0.12010800838470459
vt 0.42410799860954285 0.12889701128005981
vt 0.42575401067733765 0.12963300943374634
vt 0.4211300015449524 0.14007002115249634
vt 0.4229379892349243 0.14020001888275146
vt 0.42244601249694824 0.1512100100517273
vt 0.4241870045661926 0.15077799558639526
vt 0.42592599987983704 0.1601790189743042
vt 0.42747199535369873 0.15931999683380127
vt 0.44590499997138977 0.1881120204925537
vt 0.45413100719451904 0.19406098127365112
vt 0.45498400926589966 0.1924840211868286
vt 0.44736599922180176 0.18720102310180664
vt 0.46566298604011536 0.1985970139503479
vt 0.4660489857196808 0.1968349814414978
vt 0.47647199034690857 0.19920599460601807
vt 0.47612500190734863 0.19740402698516846
vt 0.4855070114135742 0.1949859857559204
vt 0.4842759966850281 0.1935960054397583
vt 0.49171799421310425 0.185030996799469
vt 0.4900430142879486 0.18435299396514893
vt 0.4945859909057617 0.17170500755310059
vt 0.492792010307312 0.17157697677612305
vt 0.4935910105705261 0.15737199783325195
vt 0.4918319880962372 0.15774399042129517
vt 0.48945701122283936 0.14595699310302734
vt 0.4879760146141052 0.1470940113067627
vt 0.4829089939594269 0.1413869857788086
vt 0.4824320077896118 0.14322501420974731
vt 0.4750809967517853 0.14218497276306152
vt 0.47564899921417236 0.14391601085662842
vt 0.4671120047569275 0.1468769907951355
vt 0.46830400824546814 0.14824098348617554
vt 0.46097999811172485 0.15466898679733276
vt 0.46262601017951965 0.15545600652694702
vt 0.4586629867553711 0.16476601362228394
vt 0.4604730010032654 0.16483598947525024
vt 0.46005499362945557 0.17413097620010376
vt 0.4617379903793335 0.1733430027961731
vt 0.46505001187324524 0.1797279715538025
vt 0.46604201197624207 0.1781659722328186
vt 0.4716939926147461 0.18170297145843506
vt 0.47174501419067383 0.17986100912094116
vt 0.4780299961566925 0.18020099401474
vt 0.4771620035171509 0.1785770058631897
vt 0.48273900151252747 0.17582297325134277
vt 0.48114898800849915 0.17487001419067383
vt 0.4844970107078552 0.1691719889640808
vt 0.48272499442100525 0.1689090132713318
vt 0.4847800135612488 0.1613839864730835
vt 0.4830009937286377 0.16131901741027832
vt 0.026674000546336174 0.9507619999349117
vt 0.036991000175476074 0.9507619999349117
vt 0.036991000175476074 0.949498001486063
vt 0.026674000546336174 0.949498001486063
vt 0.05659399926662445 0.9507619999349117
vt 0.05659399926662445 0.949498001486063
vt 0.1448040008544922 0.9507619999349117
vt 0.20000000298023224 0.9507619999349117
vt 0.20000000298023224 0.949498999863863
vt 0.1448040008544922 0.949498999863863
vt 0.25456300377845764 0.9507629983127117
vt 0.25456300377845764 0.949498999863863
vt 0.3027009963989258 0.9507629983127117
vt 0.3027009963989258 0.949498999863863
vt 0.33960801362991333 0.9507629983127117
vt 0.33960801362991333 0.949499998241663
vt 0.588470995426178 0.5080609917640686
vt 0.5867239832878113 0.5083410143852234
vt 0.588470995426178 0.5080609917640686
vt 0.585669994354248 0.49643802642822266
vt 0.5838890075683594 0.49674898386001587
vt 0.5867239832878113 0.5083410143852234
vt 0.5774459838867188 0.4550740122795105
vt 0.5757259726524353 0.4555339813232422
vt 0.5813999772071838 0.6863360106945038
vt 0.5797070264816284 0.6858879923820496
vt 0.5813999772071838 0.6863360106945038
vt 0.5831080079078674 0.6745949983596802
vt 0.5812889933586121 0.6741169989109039
vt 0.5797070264816284 0.6858879923820496
vt 0.5911250114440918 0.6245790123939514
vt 0.5893459916114807 0.6245250105857849
vt 0.5130969882011414 0.2083110213279724
vt 0.5113580226898193 0.2086939811706543
vt 0.5203279852867126 0.25040000677108765
vt 0.5187979936599731 0.2513110041618347
vt 0.5203279852867126 0.25040000677108765
vt 0.5177670121192932 0.24638301134109497
vt 0.5159749984741211 0.24688297510147095
vt 0.5187979936599731 0.2513110041618347
vt 0.4374360144138336 0.17327600717544556
vt 0.4425849914550781 0.18459302186965942
vt 0.44419199228286743 0.18367999792099
vt 0.43907400965690613 0.17235100269317627
vt 0.44590499997138977 0.1881120204925537
vt 0.44736599922180176 0.18720102310180664
vt 0.09476599842309952 0.9507619999349117
vt 0.09476599842309952 0.949498999863863
vt 0.0947669968008995 0.03894299268722534
vt 0.0947669968008995 0.04004800319671631
vt 0.36047598719596863 0.9507629983127117
vt 0.36047598719596863 0.949499998241663
vt 0.37332600355148315 0.9507629983127117
vt 0.37332600355148315 0.949499998241663
vt 0.47654101252555847 0.8218970000743866
vt 0.47996601462364197 0.815531998872757
vt 0.478424996137619 0.8149120062589645
vt 0.4750869870185852 0.8211140036582947
vt 0.48167699575424194 0.8093850016593933
vt 0.47995901107788086 0.8094030022621155
vt 0.4799630045890808 0.8036749958992004
vt 0.47850701212882996 0.8045669943094254
vt 0.47559699416160583 0.7995010018348694
vt 0.4747749865055084 0.8009990006685257
vt 0.4693549871444702 0.7979660034179688
vt 0.4694159924983978 0.7996809929609299
vt 0.4627330005168915 0.8001029938459396
vt 0.4637100100517273 0.8015230000019073
vt 0.45722800493240356 0.8069439977407455
vt 0.4587100148200989 0.8077359944581985
vt 0.45434701442718506 0.8161100000143051
vt 0.45603400468826294 0.8162509948015213
vt 0.4556010067462921 0.8252200037240982
vt 0.4571940004825592 0.8246870040893555
vt 0.45977699756622314 0.8327109962701797
vt 0.46104300022125244 0.8315919935703278
vt 0.4656659960746765 0.8370199948549271
vt 0.4661470055580139 0.8353260010480881
vt 0.47304999828338623 0.8364329934120178
vt 0.47239699959754944 0.8348290026187897
vt 0.48170900344848633 0.8292379975318909
vt 0.4804770052433014 0.8281159996986389
vt 0.48922601342201233 0.8182359933853149
vt 0.487731009721756 0.8174970000982285
vt 0.4931800067424774 0.8062279969453812
vt 0.49152201414108276 0.8059850037097931
vt 0.4928779900074005 0.7953500002622604
vt 0.491241991519928 0.7958839982748032
vt 0.4876280128955841 0.7877359986305237
vt 0.48650500178337097 0.789015993475914
vt 0.47869300842285156 0.7831559926271439
vt 0.47817501425743103 0.7847460061311722
vt 0.4673379957675934 0.7813780009746552
vt 0.4672810137271881 0.783040001988411
vt 0.45795300602912903 0.7821930050849915
vt 0.45872199535369873 0.7837830036878586
vt 0.4549280107021332 0.7853929996490479
vt 0.45412200689315796 0.7890660017728806
vt 0.455610990524292 0.7899789959192276
vt 0.4564419984817505 0.7861939966678619
vt 0.45795300602912903 0.7821930050849915
vt 0.45872199535369873 0.7837830036878586
vt 0.44724398851394653 0.7947500050067902
vt 0.44216200709342957 0.8020820021629333
vt 0.44363701343536377 0.8028510063886642
vt 0.4484719932079315 0.7958759963512421
vt 0.43854600191116333 0.8118370026350021
vt 0.440203994512558 0.8121149986982346
vt 0.43879300355911255 0.8225589990615845
vt 0.44043800234794617 0.8222540020942688
vt 0.44252198934555054 0.8330010026693344
vt 0.44398999214172363 0.8322020024061203
vt 0.4493499994277954 0.8419190049171448
vt 0.4505009949207306 0.840706005692482
vt 0.45868000388145447 0.8483079969882965
vt 0.45937100052833557 0.846780002117157
vt 0.46991199254989624 0.851160004734993
vt 0.4700179994106293 0.849483996629715
vt 0.4816330075263977 0.849715992808342
vt 0.4810819923877716 0.8481210023164749
vt 0.4924280047416687 0.8432140052318573
vt 0.49135899543762207 0.8419310003519058
vt 0.5029360055923462 0.8313129991292953
vt 0.5016049742698669 0.8303270041942596
vt 0.5137959718704224 0.8136740028858185
vt 0.512362003326416 0.8128540068864822
vt 0.524948000907898 0.7925969958305359
vt 0.5234839916229248 0.7918339967727661
vt 0.5363309979438782 0.7703820019960403
vt 0.5449479818344116 0.7518689930438995
vt 0.5433970093727112 0.7512899935245514
vt 0.5348479747772217 0.7696570008993149
vt 0.5477920174598694 0.7418870031833649
vt 0.546209990978241 0.7415100038051605
vt 0.5477920174598694 0.7418870031833649
vt 0.5484049916267395 0.7328960001468658
vt 0.546720027923584 0.7325220108032227
vt 0.546209990978241 0.7415100038051605
vt 0.5505679845809937 0.7290419936180115
vt 0.5544390082359314 0.7210580110549927
vt 0.5528870224952698 0.7204749882221222
vt 0.5491039752960205 0.7282769978046417
vt 0.5484049916267395 0.7328960001468658
vt 0.5505679845809937 0.7290419936180115
vt 0.5491039752960205 0.7282769978046417
vt 0.546720027923584 0.7325220108032227
vt 0.5591700077056885 0.7037470042705536
vt 0.5575690269470215 0.7033419907093048
vt 0.5647709965705872 0.6796599924564362
vt 0.5631620287895203 0.6792890131473541
vt 0.5712490081787109 0.6513510048389435
vt 0.5696349740028381 0.6510049998760223
vt 0.5759739875793457 0.6275880038738251
vt 0.5743280053138733 0.6273989975452423
vt 0.5772389769554138 0.5978190004825592
vt 0.5765050053596497 0.5786080062389374
vt 0.5748550295829773 0.578682005405426
vt 0.5755829811096191 0.5977270007133484
vt 0.5752500295639038 0.5546570122241974
vt 0.5735989809036255 0.5547080039978027
vt 0.5750290155410767 0.5315310060977936
vt 0.5748270153999329 0.5131509900093079
vt 0.5731769800186157 0.513262003660202
vt 0.5733780264854431 0.5315479934215546
vt 0.5736280083656311 0.5034419894218445
vt 0.5719929933547974 0.5036750137805939
vt 0.5736280083656311 0.5034419894218445
vt 0.5728020071983337 0.498354971408844
vt 0.5711240172386169 0.4983220100402832
vt 0.5719929933547974 0.5036750137805939
vt 0.5737169981002808 0.49384498596191406
vt 0.5750970244407654 0.4816870093345642
vt 0.5734490156173706 0.48157697916030884
vt 0.5720850229263306 0.49358701705932617
vt 0.5728020071983337 0.498354971408844
vt 0.5737169981002808 0.49384498596191406
vt 0.5720850229263306 0.49358701705932617
vt 0.5711240172386169 0.4983220100402832
vt 0.5756649971008301 0.45365601778030396
vt 0.5740140080451965 0.4536439776420593
vt 0.5754839777946472 0.41869497299194336
vt 0.5738329887390137 0.4187210202217102
vt 0.5746200084686279 0.3857460021972656
vt 0.5730260014533997 0.3607550263404846
vt 0.5713859796524048 0.3609809875488281
vt 0.5729699730873108 0.3858199715614319
vt 0.5706470012664795 0.3496739864349365
vt 0.5690770149230957 0.3501030206680298
vt 0.5706470012664795 0.3496739864349365
vt 0.5658990144729614 0.33714598417282104
vt 0.5642099976539612 0.33758097887039185
vt 0.5690770149230957 0.3501030206680298
vt 0.5639939904212952 0.3238829970359802
vt 0.5605199933052063 0.31354302167892456
vt 0.5589960217475891 0.31419098377227783
vt 0.5624200105667114 0.3242869973182678
vt 0.5658990144729614 0.33714598417282104
vt 0.5639939904212952 0.3238829970359802
vt 0.5624200105667114 0.3242869973182678
vt 0.5642099976539612 0.33758097887039185
vt 0.5491489768028259 0.2916349768638611
vt 0.5476940274238586 0.292415976524353
vt 0.5316680073738098 0.2601810097694397
vt 0.5302259922027588 0.26098597049713135
vt 0.5098559856414795 0.2212129831314087
vt 0.5084239840507507 0.22203600406646729
vt 0.48784101009368896 0.1838499903678894
vt 0.48644500970840454 0.18473398685455322
vt 0.46975401043891907 0.1572120189666748
vt 0.4684489965438843 0.15822798013687134
vt 0.4549170136451721 0.14052999019622803
vt 0.4538469910621643 0.14181101322174072
vt 0.4426490068435669 0.13304102420806885
vt 0.4421280026435852 0.13465797901153564
vt 0.43171000480651855 0.13221502304077148
vt 0.4318940043449402 0.1338840126991272
vt 0.4208559989929199 0.13552099466323853
vt 0.42160698771476746 0.13701802492141724
vt 0.411749005317688 0.14222502708435059
vt 0.412990003824234 0.14336097240447998
vt 0.40605300664901733 0.15158802270889282
vt 0.40759098529815674 0.1522359848022461
vt 0.4034770131111145 0.16160601377487183
vt 0.405133992433548 0.16179102659225464
vt 0.40588998794555664 0.1769850254058838
vt 0.40902000665664673 0.18113398551940918
vt 0.41031599044799805 0.18010997772216797
vt 0.4073759913444519 0.17621302604675293
vt 0.41161900758743286 0.184270977973938
vt 0.41318199038505554 0.1835700273513794
vt 0.413112998008728 0.1922590136528015
vt 0.416828989982605 0.19731897115707397
vt 0.41805100440979004 0.19619297981262207
vt 0.4146519899368286 0.19156599044799805
vt 0.42213401198387146 0.2019280195236206
vt 0.4230690002441406 0.20055299997329712
vt 0.4278329908847809 0.20489102602005005
vt 0.428276002407074 0.20326101779937744
vt 0.4340609908103943 0.20521098375320435
vt 0.43372398614883423 0.20354002714157104
vt 0.4409550130367279 0.20188802480697632
vt 0.4398980140686035 0.20056498050689697
vt 0.44644901156425476 0.19496798515319824
vt 0.44490399956703186 0.19425702095031738
vt 0.4484750032424927 0.18449002504348755
vt 0.44680699706077576 0.1844170093536377
vt 0.4472779929637909 0.17287099361419678
vt 0.4456599950790405 0.1732720136642456
vt 0.44310399889945984 0.16252297163009644
vt 0.4416790008544922 0.16340100765228271
vt 0.43689200282096863 0.15545499324798584
vt 0.43599599599838257 0.1569349765777588
vt 0.4295800030231476 0.15367501974105835
vt 0.42967599630355835 0.15539801120758057
vt 0.422107994556427 0.1564040184020996
vt 0.4230020046234131 0.1578350067138672
vt 0.4154149889945984 0.16286301612854004
vt 0.4168260097503662 0.16379499435424805
vt 0.41210299730300903 0.1715329885482788
vt 0.41384199261665344 0.17160797119140625
vt 0.41477400064468384 0.1808980107307434
vt 0.4162620007991791 0.18009501695632935
vt 0.4205099940299988 0.18754702806472778
vt 0.4213230013847351 0.1859620213508606
vt 0.42639198899269104 0.18806898593902588
vt 0.425821989774704 0.18636101484298706
vt 0.4308150112628937 0.18409597873687744
vt 0.42930299043655396 0.18323498964309692
vt 0.3604770004749298 0.03894299268722534
vt 0.3604770004749298 0.04004698991775513
vt 0.43217501044273376 0.17726099491119385
vt 0.43052101135253906 0.17711502313613892
vt 0.43200400471687317 0.1689940094947815
vt 0.43035298585891724 0.16902798414230347
vt 0.37332600355148315 0.03894299268722534
vt 0.37332600355148315 0.04004698991775513
vt 0.41992101073265076 0.8296130001544952
vt 0.4189540147781372 0.8342729955911636
vt 0.4207080006599426 0.8345810025930405
vt 0.4215869903564453 0.8303460031747818
vt 0.4183819890022278 0.838238999247551
vt 0.4200739860534668 0.8389810025691986
vt 0.41218000650405884 0.18794500827789307
vt 0.413112998008728 0.1922590136528015
vt 0.4146519899368286 0.19156599044799805
vt 0.41380399465560913 0.18764501810073853
vt 0.41161900758743286 0.184270977973938
vt 0.41318199038505554 0.1835700273513794
vt 0.41227200627326965 0.8461470007896423
vt 0.4100069999694824 0.8534030020236969
vt 0.4117810130119324 0.8536929935216904
vt 0.41388100385665894 0.8469650000333786
vt 0.4037320017814636 0.17027300596237183
vt 0.40588998794555664 0.1769850254058838
vt 0.4073759913444519 0.17621302604675293
vt 0.40537598729133606 0.16999101638793945
vt 0.42592599987983704 0.1601790189743042
vt 0.43011900782585144 0.16317999362945557
vt 0.4315569996833801 0.16237401962280273
vt 0.42747199535369873 0.15931999683380127
vt 0.43011900782585144 0.16317999362945557
vt 0.4374360144138336 0.17327600717544556
vt 0.43907400965690613 0.17235100269317627
vt 0.4315569996833801 0.16237401962280273
vt 0.4513950049877167 0.7912980020046234
vt 0.44724398851394653 0.7947500050067902
vt 0.4484719932079315 0.7958759963512421
vt 0.45244601368904114 0.7925709933042526
vt 0.45412200689315796 0.7890660017728806
vt 0.455610990524292 0.7899789959192276
vt 0.5762969851493835 0.6171579957008362
vt 0.5746700167655945 0.6172359883785248
vt 0.5762969851493835 0.6171579957008362
vt 0.574766993522644 0.6103770136833191
vt 0.5730159878730774 0.6104379892349243
vt 0.5746700167655945 0.6172359883785248
vt 0.5543490052223206 0.3732609748840332
vt 0.5547869801521301 0.3693150281906128
vt 0.5529980063438416 0.36929500102996826
vt 0.5525100231170654 0.3736940026283264
vt 0.5547869801521301 0.3693150281906128
vt 0.5529980063438416 0.36929500102996826
vt 0.5565770268440247 0.37671899795532227
vt 0.5550079941749573 0.3775699734687805
vt 0.5543490052223206 0.3732609748840332
vt 0.5525100231170654 0.3736940026283264
vt 0.5758960247039795 0.6067279875278473
vt 0.5742819905281067 0.606357991695404
vt 0.574766993522644 0.6103770136833191
vt 0.5758960247039795 0.6067279875278473
vt 0.5742819905281067 0.606357991695404
vt 0.5730159878730774 0.6104379892349243
vn 0.24281415970026374 0.8741615107865549 0.4205745319303375
vn 0.28298618334809467 0.8244217893172983 0.49015052109830803
vn 0.28298760110315746 0.8244210317786912 0.4901509767233341
vn 0.2428177357781144 0.8741604241476915 0.4205747258758161
vn 0.4201802173195519 0.5420198249995133 0.7277795643467814
vn 0.4201819345429038 0.5420171855383359 0.727780538668687
vn 0.4201818429033245 0.5420228405628424 0.7277763799427359
vn 0.2829879153989777 0.8244217893189907 0.4901495210996484
vn 0.24282082158904683 0.874158919987574 0.42057607065663954
vn 0.2428186018040116 0.8741604241481505 0.4205742258758502
vn 0.2829884671287084 0.8244210317791253 0.4901504767236143
vn 0.2829888150945544 0.8244205540114757 0.49015107941816427
vn 0.2428178951872843 0.8741621714938955 0.42057100197932623
vn 0.42018109459296005 0.5420251609484568 0.7277750838311666
vn 0.42018147115816173 0.5420239932843395 0.7277757360612274
vn 0.4201808752238108 0.5420258411729292 0.7277747038726552
vn 0.2829875610827149 0.8244222758036716 0.49014890740585343
vn 0.2428186018040116 0.8741604241481505 0.4205742258758502
vn 0.2829849442157836 0.8244258687966388 0.4901443748591805
vn 0.24281995556383962 0.8741589199879891 0.4205765706567679
vn 0.4201820758460449 0.5420221182434529 0.7277767834113623
vn 0.4201824524091749 0.5420209505764778 0.7277774356378348
vn 0.2829849442157836 0.8244258687966388 0.4901443748591805
vn 0.24282092343753608 0.8741578445785015 0.4205782470632673
vn 0.4901722596294859 -0.1972241340366935 0.8490193147645112
vn 0.49017795953152427 -0.19721912608283018 0.8490171872798784
vn 0.2232312973877508 -0.8947971161336638 0.3866599395146337
vn 0.22323662928532756 -0.8947961164526081 0.3866591746314262
vn 0.2232345019150855 -0.8947991036480348 0.38665348991751924
vn 0.4901789396757838 -0.19721799154610908 0.8490168849374218
vn 0.49018019214155395 -0.19721414955924188 0.849017054272583
vn 0.4901810044544565 -0.1972060732970376 0.8490184612402629
vn 0.22323309467012406 -0.8948005079606157 0.3866510524974987
vn 0.22323209289911253 -0.8948015076374259 0.38664931737903213
vn 0.22323190205452711 -0.8948016980824155 0.3866489868264802
vn 0.49018040680876146 -0.1972120153059582 0.8490174260872151
vn 0.4901794019665762 -0.1972220053892917 0.8490156856489259
vn 0.22323389369003613 -0.8947997106070373 0.38665243644072383
vn 0.223235897227115 -0.8947977112326039 0.3866559066690934
vn 0.4901798057011925 -0.1972179915461858 0.8490163849380232
vn -0.0236672358543415 -0.9988792579072819 -0.04098890178588088
vn -0.023666499944207563 -0.9988791635046471 -0.04099162715295979
vn -0.26660438806139636 -0.845983648862796 -0.46177241810571346
vn -0.26660257063364046 -0.845984848164255 -0.46177127022806097
vn -0.26660612255729116 -0.8459814624073528 -0.46177542234086416
vn -0.023666499944207563 -0.9988791635046471 -0.04099162715295979
vn -0.023667000832744915 -0.9988791160337798 -0.04099249471742
vn -0.02366749890310709 -0.9988790688290017 -0.040993357400657265
vn -0.2666036531805347 -0.8459845752263968 -0.4617711452546662
vn -0.26660257063364046 -0.845984848164255 -0.46177127022806097
vn -0.2666040245639727 -0.8459841070746332 -0.46177178850967904
vn -0.023666499944207563 -0.9988791635046471 -0.04099162715295979
vn -0.02366600187376321 -0.9988792107074361 -0.04099076446958019
vn -0.26660489058937026 -0.8459841070742322 -0.4617712885094133
vn -0.26660438806139636 -0.845983648862796 -0.46177241810571346
vn -0.02366500477320815 -0.998879305200971 -0.04098903744063
vn -0.44890250843745866 -0.4403930390359492 -0.7775220312552169
vn -0.4489018216719406 -0.4403958391670863 -0.7775208417424777
vn -0.4993492204884731 -0.05100299178330393 -0.8648982892957452
vn -0.4993500865140526 -0.05100299178330028 -0.8648977892951054
vn -0.4993483035472934 -0.05100498570106476 -0.8648987011078664
vn -0.44890046252420585 -0.440397849748111 -0.777520487628972
vn -0.44890202120996686 -0.4403950255981719 -0.7775211873524681
vn -0.44890132854959247 -0.440397849748353 -0.7775199876295387
vn -0.4993492204884731 -0.05100299178330393 -0.8648982892957452
vn -0.4993492460101086 -0.05100199228695103 -0.8648983335004744
vn -0.4993493236583936 -0.050998951249092386 -0.8648984679911265
vn -0.4489012288357817 -0.44039825630473467 -0.7775198149201566
vn -0.44890221485587745 -0.44039423605117695 -0.7775215227570154
vn -0.4993492727472433 -0.051000945167297154 -0.8648983798105078
vn -0.4993492204884731 -0.05100299178330393 -0.8648982892957452
vn -0.44890202120996686 -0.4403950255981719 -0.7775211873524681
vn -0.4483220135286555 0.44275210460357695 -0.7765165458988722
vn -0.44832218327123624 0.4427549247594038 -0.7765148399021147
vn -0.21966251719274826 0.8983281815658555 -0.3804666302649008
vn -0.21966190628119311 0.8983287790942381 -0.38046557213494087
vn -0.21966190628119311 0.8983287790942381 -0.38046557213494087
vn -0.4483201620141889 0.4427560961273235 -0.7765153389815708
vn -0.44832082742103424 0.4427569086883486 -0.776514491499841
vn -0.4483194656524851 0.44275891657457916 -0.7765141328467725
vn -0.21966291191494827 0.8983277954896967 -0.38046731394387545
vn -0.21966392957277114 0.898326800118804 -0.3804690765791083
vn -0.21966452845778972 0.8983262143468279 -0.38047011387849367
vn -0.4483205323710349 0.44275810371756724 -0.77651398045816
vn -0.4483210280398904 0.44275609612752304 -0.776514838981955
vn -0.21966291191494827 0.8983277954896967 -0.38046731394387545
vn -0.21966251719274826 0.8983281815658555 -0.3804666302649008
vn -0.4483218940651435 0.44275609612727984 -0.7765143389815626
vn -0.0031864630655015964 0.999979737060444 -0.005511072641304762
vn -0.003182498864930032 0.9999797434353928 -0.005512206442155531
vn 0.14222582481127993 0.9586872882700236 0.24635441556063079
vn 0.14223056390152158 0.9586875595287799 0.246350623902208
vn 0.14223043251567846 0.958687637498197 0.24635039633523828
vn -0.003182498864930032 0.9999797434353928 -0.005512206442155531
vn -0.003184498798842635 0.9999797179678759 -0.005515670429571231
vn -0.0031834988319054337 0.999979730703634 -0.005513938435896464
vn 0.14223043251567846 0.958687637498197 0.24635039633523828
vn 0.14223043251567846 0.958687637498197 0.24635039633523828
vn 0.14223056390152158 0.9586875595287799 0.246350623902208
vn -0.003182998964833098 0.9999797370685312 -0.005513072640663341
vn -0.0031834988319054337 0.999979730703634 -0.005513938435896464
vn 0.14223043251567846 0.958687637498197 0.24635039633523828
vn 0.14222950212778854 0.9586881896239426 0.24634878485604242
vn -0.003182998964833098 0.9999797370685312 -0.005513072640663341
vn 0.26719189305490676 0.8452353488359583 0.462802006654996
vn 0.2671952726333777 0.8452365508114003 0.4627978602530724
vn 0.40144132115798403 0.5961230278883906 0.6953288439926173
vn 0.40144286648279753 0.5961281965216876 0.6953235205728878
vn 0.4014433052154088 0.596131680295941 0.6953202804789073
vn 0.2671961386594413 0.8452365508118447 0.46279736025303836
vn 0.26719896902841245 0.8452329718403471 0.46280226259612095
vn 0.26719896902841245 0.8452329718403471 0.46280226259612095
vn 0.40144353258453014 0.5961310678413725 0.6953206742937811
vn 0.40144353258453014 0.5961310678413725 0.6953206742937811
vn 0.40144393761197683 0.5961299768336823 0.6953213758219033
vn 0.2671995351007663 0.8452322560415008 0.46280324306224263
vn 0.26719896902841245 0.8452329718403471 0.46280226259612095
vn 0.40144542652256215 0.596125966182813 0.695323954690708
vn 0.40144609435839373 0.5961241672322035 0.6953251114163097
vn 0.26719803193769537 0.8452341567874803 0.4628006395073146
vn 0.4931973346861892 0.16436295464701967 0.8542489146602065
vn 0.49319803884889524 0.16436489744696353 0.8542481343045784
vn 0.47767612073345384 -0.29546913695909005 0.8273593613332053
vn 0.47767511390644635 -0.2954700474749927 0.8273596174576018
vn 0.4776745040370364 -0.29547399126538887 0.8273585611321563
vn 0.49319839027679646 0.16437107380831875 0.8542467429984599
vn 0.4931989317503639 0.1643749690710717 0.8542456808572017
vn 0.4931993517344365 0.1643699284267591 0.8542464082907892
vn 0.47767504699832497 -0.29547608037320644 0.8273575015689617
vn 0.47767504699832497 -0.29547608037320644 0.8273575015689617
vn 0.4776758339266565 -0.2954709916410324 0.8273588645691411
vn 0.49319909483282626 0.16437301177598496 0.8542459633242483
vn 0.4931987698739942 0.16437691186710063 0.8542454004791682
vn 0.4776771928388673 -0.29546220390531674 0.8273612182746982
vn 0.47767770555354755 -0.29545888823695776 0.8273621063227874
vn 0.4931989317503639 0.1643749690710717 0.8542456808572017
vn 0.34795106309800217 -0.7181349469935453 0.6026709347525797
vn 0.34794891063729955 -0.7181374402038969 0.6026692065832724
vn 0.2121388241505593 -0.905529721341899 0.36744121033776395
vn 0.21214142222703422 -0.9055297213459081 0.3674397103399316
vn 0.21214228825206882 -0.9055297213454337 0.36743921033993826
vn 0.34795025206404173 -0.7181398756769374 0.602665530000914
vn 0.3479506426896462 -0.7181374402052895 0.6026682065840677
vn 0.347951929123423 -0.7181349469938824 0.60267043475301
vn 0.21214101140254144 -0.9055301063262874 0.36743899877096564
vn 0.2121405891278103 -0.9055305020356464 0.3674382673696031
vn 0.21214101140254144 -0.9055301063262874 0.36743899877096564
vn 0.3479511571685174 -0.7181364431062903 0.6026690976877241
vn 0.3479486145548217 -0.7181413708562644 0.6026646937510652
vn 0.21214101140254144 -0.9055301063262874 0.36743899877096564
vn 0.21214101140254144 -0.9055301063262874 0.36743899877096564
vn 0.34794787238056835 -0.7181428092248576 0.6026634082673888
vn 0.11730568767007998 -0.9720884157489035 0.20318338418048978
vn 0.11270900602772753 -0.9742621467609771 0.19521769732515004
vn 0.013836999262910757 -0.9996170025623428 0.023966343894626936
vn -0.021636003891238063 -0.9990633262479288 -0.03747470456245172
vn -0.030168498203994844 -0.9981780612120402 -0.052253419324366564
vn 0.11179789191542457 -0.9746823640269177 0.19363760125080615
vn 0.11145499572337715 -0.9748390361684807 0.1930456875726824
vn 0.11145499572337715 -0.9748390361684807 0.1930456875726824
vn -0.03332398196573177 -0.9977765498131709 -0.057718877924578825
vn -0.03332398196573177 -0.9977765498131709 -0.057718877924578825
vn -0.03332248708746942 -0.997776749514027 -0.05771628871928708
vn 0.11145546769088327 -0.9748388203246359 0.19304650504445475
vn 0.11148750674722988 -0.9748241657258175 0.1931019983227784
vn -0.03308749715134458 -0.9978080299462097 -0.05730927418074306
vn -0.029623010262945795 -0.9982434092793213 -0.05130860642580877
vn 0.11185495991923501 -0.9746557764181698 0.19373844594235998
vn -0.0483350190700682 -0.9953158070684608 -0.08372675875223358
vn 0.06444346591587254 -0.9916602000738203 0.1116113224108577
vn 0.06829135328134651 -0.9906289141216343 0.11828205938854028
vn -0.047517493032591646 -0.9954739289504314 -0.08230276201859164
vn -0.07099786014699382 -0.9898665196649975 -0.12297795371875897
vn -0.04525199715118149 -0.995896088579141 -0.0783788077645805
vn -0.03905949692223786 -0.9969440386506065 -0.06765308196379098
vn 0.06950400742009877 -0.9902912601881856 0.12038443814481357
vn -0.047182972567509425 -0.9955375735047713 -0.081723355535157
vn -0.04705448669972597 -0.9955618981316391 -0.08150081146806404
vn 0.06992699802107141 -0.9901721406002777 0.12111707941832667
vn 0.06992699802107141 -0.9901721406002777 0.12111707941832667
vn -0.04705300410446971 -0.9955621784223404 -0.08149824353756807
vn -0.03680251487443265 -0.9972874677913387 -0.0637438740998425
vn -0.03680450282219491 -0.9972871743413079 -0.06374731732662128
vn -0.03680549646067779 -0.9972870276598284 -0.0637490383590838
vn 0.06992699802107141 -0.9901721406002777 0.12111707941832667
vn -0.04705448669972597 -0.9955618981316391 -0.08150081146806404
vn 0.06989346982903481 -0.9901816094677568 0.12105900688135707
vn -0.047053993732093825 -0.9955619913301766 -0.08149995762301712
vn -0.036993998187035027 -0.997259128900443 -0.06407553295031795
vn -0.039467983142359137 -0.9968796850928825 -0.06836060090278685
vn 0.0694273571995342 -0.9903130098511379 0.12024967605722804
vn -0.04719748212949144 -0.9955348223848021 -0.08174848683551629
vn -0.3033678164723173 -0.7949062814839061 -0.5254445466328937
vn -0.4010445936578126 -0.5972088262837845 -0.6946256917985287
vn -0.4010415755347224 -0.5972099545801719 -0.6946264642546931
vn -0.3033672131432339 -0.7949032363867432 -0.5254495016379683
vn -0.4778666515657109 -0.2942510135054358 -0.8276833962164514
vn -0.47786431216942393 -0.2942549588060312 -0.8276833442645225
vn -0.47786330494280915 -0.29425587603663744 -0.8276835996967966
vn -0.40104095361881237 -0.597213951329894 -0.6946233870648529
vn -0.303367505772072 -0.7949041117143159 -0.5254480084854317
vn -0.3033669467480452 -0.7949049650977515 -0.5254470402273775
vn -0.40104095361881237 -0.597213951329894 -0.6946233870648529
vn -0.40104137366960585 -0.5972128230385448 -0.6946241146141755
vn -0.3033669467480452 -0.7949049650977515 -0.5254470402273775
vn -0.4778639081010138 -0.2942519579599082 -0.8276846443973612
vn -0.47786463808672347 -0.2942528416662367 -0.8276839087704855
vn -0.4778635831546759 -0.29425406879742183 -0.8276840815738433
vn -0.40104010288535114 -0.5972162364605396 -0.694621913551261
vn -0.3033669467480452 -0.7949049650977515 -0.5254470402273775
vn -0.4010398608156529 -0.5972168866744999 -0.6946214942742409
vn -0.30336782344657653 -0.7949036267641757 -0.5254485587138349
vn -0.4778637720618737 -0.29425284166636206 -0.8276844087706792
vn -0.4778639081010138 -0.2942519579599082 -0.8276846443973612
vn -0.4010398608156529 -0.5972168866744999 -0.6946214942742409
vn -0.30336663974639616 -0.7949041117138965 -0.5254485084852
vn -0.499006836646777 0.06307907349981844 -0.864299258050232
vn -0.499004884125194 0.06308604951237701 -0.8642998761865718
vn -0.4579085776338278 0.4016112039858351 -0.79311296507018
vn -0.4579031404322734 0.40162020256052866 -0.7931115475628265
vn -0.4579029533217963 0.40162105588794456 -0.7931112234779113
vn -0.4990039866679322 0.06308704400141303 -0.8643003217450945
vn -0.49900423857128706 0.06307907350016785 -0.8643007580548859
vn -0.49900408119439305 0.06308405319797587 -0.8643004854698709
vn -0.45790385387363985 0.4016169488528877 -0.7931127832797585
vn -0.45790272535622356 0.4016181459706744 -0.7931128286305933
vn -0.45790340907959337 0.40161897737616614 -0.7931120128737233
vn -0.4990039238050621 0.06308903289464107 -0.8643002128633145
vn -0.4990039552380844 0.06308803840567796 -0.8643002673069535
vn -0.45790385387363985 0.4016169488528877 -0.7931127832797585
vn -0.45790422328331437 0.4016152641175354 -0.7931134231162065
vn -0.4990039238050621 0.06308903289464107 -0.8643002128633145
vn -0.32075256822778536 0.7671230777437865 -0.5555537539862193
vn -0.3207494462723822 0.7671239539269787 -0.5555543466011214
vn -0.15379087252054705 0.9515222261521971 -0.26637158382180354
vn -0.1537891404694468 0.9515222261522407 -0.26637258382189566
vn -0.15379047310955232 0.951521924485481 -0.2663728920220424
vn -0.3207494462723822 0.7671239539269787 -0.5555543466011214
vn -0.32074836025567377 0.7671257702607767 -0.5555524655647804
vn -0.32074914176995645 0.7671244632001676 -0.5555538191873861
vn -0.15378956291029608 0.9515225129302223 -0.26637131551053866
vn -0.1537900064950738 0.9515222261526946 -0.26637208382198274
vn -0.15379047310955232 0.951521924485481 -0.2663728920220424
vn -0.3207494462723822 0.7671239539269787 -0.5555543466011214
vn -0.3207494462723822 0.7671239539269787 -0.5555543466011214
vn -0.15379047310955232 0.951521924485481 -0.2663728920220424
vn -0.15379047310955232 0.951521924485481 -0.2663728920220424
vn -0.3207502921927424 0.767122539140639 -0.5555558117783388
vn -0.060710009904757466 0.9926012221506146 -0.10515278637520802
vn -0.060710009904757466 0.9926012221506146 -0.10515278637520802
vn -0.015922495102205253 0.9994928208305267 -0.027578528930253633
vn -0.015923361127411658 0.9994928208300052 -0.027578028930387632
vn -0.015922995645518526 0.9994927889342884 -0.027579395896771625
vn -0.06071050141994487 0.9926011019008784 -0.10515363770455599
vn -0.06071050141994487 0.9926011019008784 -0.10515363770455599
vn -0.06071050141994487 0.9926011019008784 -0.10515363770455599
vn -0.015922995645518526 0.9994927889342884 -0.027579395896771625
vn -0.015922495102205253 0.9994928208305267 -0.027578528930253633
vn -0.015922495102205253 0.9994928208305267 -0.027578528930253633
vn -0.06071050141994487 0.9926011019008784 -0.10515363770455599
vn -0.06071050141994487 0.9926011019008784 -0.10515363770455599
vn -0.015922495102205253 0.9994928208305267 -0.027578528930253633
vn -0.015922495102205253 0.9994928208305267 -0.027578528930253633
vn -0.06071050141994487 0.9926011019008784 -0.10515363770455599
vn 0.0033054999037550356 0.9999781468492176 0.00572533792809523
vn 0.003304633878272331 0.9999781468486957 0.005725837928098555
vn 0.009437497077617693 0.9998218506943105 0.01634626939439422
vn 0.00943576502714555 0.9998218506922671 0.016347269394080127
vn 0.009437497077617693 0.9998218506943105 0.01634626939439422
vn 0.0033054999037550356 0.9999781468492176 0.00572533792809523
vn 0.0033054999037550356 0.9999781468492176 0.00572533792809523
vn 0.0033054999037550356 0.9999781468492176 0.00572533792809523
vn 0.009437497077617693 0.9998218506943105 0.01634626939439422
vn 0.009437497077617693 0.9998218506943105 0.01634626939439422
vn 0.009437497077617693 0.9998218506943105 0.01634626939439422
vn 0.0033054999037550356 0.9999781468492176 0.00572533792809523
vn 0.0033054999037550356 0.9999781468492176 0.00572533792809523
vn 0.009437497077617693 0.9998218506943105 0.01634626939439422
vn 0.009437497077617693 0.9998218506943105 0.01634626939439422
vn 0.0033054999037550356 0.9999781468492176 0.00572533792809523
vn 0.015874495917000853 0.9994958724271062 0.0274954792749447
vn 0.015991138803647168 0.999488379415647 0.02769951069687427
vn 0.04246900516676925 0.9963862339281744 0.07355852390154696
vn 0.046145494838359835 0.9957320750508957 0.0799263912669686
vn 0.04723114240295047 0.9955282725114883 0.08180878814408565
vn 0.01603549222768408 0.9994855923977353 0.027774333085857476
vn 0.01605250531183219 0.9994845000021855 0.02780380061421204
vn 0.016053005898752866 0.9994844678423671 0.02780466765625747
vn 0.047641504841140006 0.9954502196686392 0.08251755678720478
vn 0.047641504841140006 0.9954502196686392 0.08251755678720478
vn 0.04764200145989307 0.9954501245968788 0.08251841695617901
vn 0.016053005898752866 0.9994844678423671 0.02780466765625747
vn 0.016050492911671325 0.999484629277143 0.027800315034626072
vn 0.04760148541909431 0.9954578776240474 0.08244824110994048
vn 0.04726900753755802 0.9955212481660306 0.08187237248524597
vn 0.016037005955503916 0.9994854952495656 0.027776954939547488
vn 0.0003359639806466645 0.9999997788545226 0.000573950441789542
vn -0.09966398141816776 0.9799342505218323 -0.1726150499292971
vn -0.11117900223424172 0.9749650909459222 -0.1925676527846985
vn 0.0001167679324238306 0.9999999719044882 0.000206291718460789
vn -0.04174787276836509 0.9965082815545456 -0.07230739873984472
vn -0.04520063924124839 0.9959052673622605 -0.0782917661844884
vn -0.046236502778607476 0.9957151948367251 -0.08008393460655303
vn -0.11460765643923147 0.9733753423776621 -0.19850825659573068
vn -0.00017449997376431823 0.9999999391127199 -0.0003021991323162888
vn -0.0002349999453882306 0.9999998895678236 -0.00040698816507972913
vn -0.11514499083052758 0.9731220556541061 -0.19943694714411528
vn -0.11514451962236188 0.9731222786770679 -0.1994361309875589
vn -0.0002349999453882306 0.9999998895678236 -0.00040698816507972913
vn -0.04662750548820498 0.9956422595264869 -0.08076117122070121
vn -0.04662750548820498 0.9956422595264869 -0.08076117122070121
vn -0.04662750548820498 0.9956422595264869 -0.08076117122070121
vn -0.11514404135864785 0.9731225050384371 -0.19943530261043324
vn -0.00023599995267390607 0.9999998886258923 -0.00040872022863959424
vn -0.11510402898326622 0.9731414393087217 -0.19936599913718767
vn -0.00023599995267390607 0.9999998886258923 -0.00040872022863959424
vn -0.0465893415057521 0.9956495677855441 -0.08069306925950569
vn -0.04627147942049491 0.9957086957329503 -0.08014451593231947
vn -0.11466897061840231 0.9733468649702351 -0.19861245587810245
vn -0.0001854999668052998 0.9999999311935576 -0.0003212516806105522
vn 0.00007096409043114487 0.9999999908744778 0.00011495713106782019
vn 0.010663226364855168 0.9997726383961408 0.018465294958689878
vn 0.010763135410174714 0.9997682448489683 0.018644342513361924
vn 0.00006613396716930871 0.9999999910164055 0.00011659111141247688
vn 0.028857499859268953 0.9983330977490454 0.049982703414953485
vn 0.030957638703464983 0.9980812987016987 0.05362225086506602
vn 0.03161449835985689 0.997999042452194 0.05475796524670094
vn 0.010804504730528906 0.9997664972485546 0.018713996283092855
vn 0.00006613396716930871 0.9999999910164055 0.00011659111141247688
vn 0.00006699999252989104 0.9999999910169273 0.00011609111147591794
vn 0.010820996034647725 0.9997657838149621 0.018742560061873432
vn 0.010820996034647725 0.9997657838149621 0.018742560061873432
vn 0.00006699999252989104 0.9999999910169273 0.00011609111147591794
vn 0.03186400426976856 0.9979673018914037 0.055190122191276975
vn 0.03186400426976856 0.9979673018914037 0.055190122191276975
vn 0.03186400426976856 0.9979673018914037 0.055190122191276975
vn 0.010820996034647725 0.9997657838149621 0.018742560061873432
vn 0.00006699999252989104 0.9999999910169273 0.00011609111147591794
vn 0.010817497977356968 0.9997659352360814 0.018736501248459103
vn 0.00006699999252989104 0.9999999910169273 0.00011609111147591794
vn 0.031826498654753725 0.9979720891172684 0.05512516055571964
vn 0.03152886248219297 0.9980099881934719 0.054607639544711914
vn 0.0107984957806612 0.9997667569323366 0.018703588475833453
vn 0.00006699999252989104 0.9999999910169273 0.00011609111147591794
vn 0.013044093835015126 0.9996597798711638 0.022587078694678762
vn -0.054770509157966336 0.9939822796039793 -0.09486526845929266
vn -0.058987463967511825 0.993016577728708 -0.10216924904611092
vn 0.0127058664410176 0.9996771128015305 0.02200525161817149
vn -0.012354494085303307 0.9996946872437434 -0.021398569403818662
vn -0.015748994847850497 0.9995038163580533 -0.027278017651012607
vn -0.016700998028724674 0.9994419988464784 -0.028926935658661904
vn -0.060192019162838756 0.9927273999915631 -0.10425560001789766
vn 0.012371496421089439 0.9996938443153068 0.021428105711563377
vn 0.012300502488941526 0.999697348512204 0.0213051406047584
vn -0.06038047019034572 0.9926816220084922 -0.10458200679936099
vn -0.06038133621538406 0.992681622007974 -0.10458150679954069
vn 0.012299503784689548 0.9996973976634214 0.02130341079812147
vn -0.017056497925861377 0.999417983609006 -0.029542679590952827
vn -0.017056497925861377 0.999417983609006 -0.029542679590952827
vn -0.017055997457439243 0.9994180177733092 -0.02954181275415
vn -0.060381512350358595 0.9926813684462252 -0.1045838118736027
vn 0.012299003432175928 0.9996974222867627 0.021302544162080668
vn -0.06036052295030382 0.9926864744066276 -0.10454745716327069
vn 0.012299503784689548 0.9996973976634214 0.02130341079812147
vn -0.01700750294954253 0.999421323473799 -0.029457817795986014
vn -0.016579498458467526 0.9994500904526578 -0.028716492213354178
vn -0.06012934428828833 0.992742802430586 -0.10414504394222086
vn 0.012388132142919353 0.9996929773437235 0.02145891962916816
vn -0.00790299995792899 0.9998750779644375 -0.013688354805259583
vn -0.015352489892551075 0.9995284920557862 -0.02659125086913014
vn -0.01529936116553171 0.9995318035921815 -0.026497229207733133
vn -0.007903865983347731 0.999875077963916 -0.013687854805280246
vn 0.0124949941907302 0.9996877004931595 0.02164201013937087
vn 0.016613994202551063 0.9994477966081936 0.028776327973949054
vn 0.017702998279773195 0.999373009733709 0.030662538507018323
vn -0.015280496817094225 0.999532904847629 -0.026466555194870997
vn -0.00790299995792899 0.9998750779644375 -0.013688354805259583
vn -0.00790299995792899 0.9998750779644375 -0.013688354805259583
vn -0.015274502070887711 0.9995332713572732 -0.02645617198904895
vn -0.015274003347928741 0.9995333018419487 -0.026455308175477407
vn -0.00790349995311175 0.9998750621561511 -0.0136892208223869
vn 0.01811249176751198 0.9993436584457949 0.03137180208636862
vn 0.01811249176751198 0.9993436584457949 0.03137180208636862
vn 0.01811299245904003 0.9993436221463413 0.03137266930959918
vn -0.015274003347928741 0.9995333018419487 -0.026455308175477407
vn -0.00790349995311175 0.9998750621561511 -0.0136892208223869
vn -0.015274003347928741 0.9995333018419487 -0.026455308175477407
vn -0.00790349995311175 0.9998750621561511 -0.0136892208223869
vn 0.01811299245904003 0.9993436221463413 0.03137266930959918
vn 0.01811249176751198 0.9993436584457949 0.03137180208636862
vn -0.015274502070887711 0.9995332713572732 -0.02645617198904895
vn -0.00790349995311175 0.9998750621561511 -0.0136892208223869
vn -0.022134672304497855 0.9990192497562078 -0.03834833632005421
vn 0.0059377346383810755 0.9999295248037371 0.01028050257218745
vn 0.005846363788163215 0.9999316575255665 0.010124243607786809
vn -0.025158005797891014 0.9987333490426252 -0.04357490395141577
vn 0.013104591541834404 0.9996566155423346 0.022691863805485896
vn 0.013103725516795168 0.999656615544812 0.022692363805312653
vn 0.013101993466677368 0.9996566155467673 0.02269336380489808
vn 0.005812001973338372 0.9999324385360611 0.01006672719349252
vn -0.02600999742209982 0.9986460452821195 -0.04505059684937971
vn -0.026334498497657052 0.9986120269743489 -0.04561264924403171
vn 0.005798497888279404 0.999932752136613 0.01004333743027705
vn 0.005798497888279404 0.999932752136613 0.01004333743027705
vn -0.026334498497657052 0.9986120269743489 -0.04561264924403171
vn 0.01310300511899024 0.9996565625077759 0.0226951160382359
vn 0.013102505342292781 0.9996565887106222 0.02269425039953809
vn 0.013102505342292781 0.9996565887106222 0.02269425039953809
vn 0.005798497888279404 0.999932752136613 0.01004333743027705
vn -0.026334000693577254 0.9986120794843862 -0.04561178702200473
vn 0.005798497888279404 0.999932752136613 0.01004333743027705
vn -0.026334000693577254 0.9986120794843862 -0.04561178702200473
vn 0.013102505342292781 0.9996565887106222 0.02269425039953809
vn 0.013102493243415076 0.9996565893449432 0.0226942294436656
vn 0.005799363913436325 0.9999327521361349 0.010042837430451302
vn -0.026334000693577254 0.9986120794843862 -0.04561178702200473
vn 0.021828460859810526 0.9990468830484845 0.03780004983593494
vn 0.021979373422293336 0.9990334215140266 0.03806743807955521
vn 0.057493623194836335 0.9933675643705939 0.09957592755462409
vn 0.06175034111522867 0.9923446973037533 0.10695277979218232
vn 0.06286650155861216 0.9920641111648032 0.10888802652528008
vn 0.022027002330222062 0.9990291492832291 0.03815193377499775
vn 0.022047005237698432 0.9990273843498807 0.03818657982963104
vn 0.022047005237698432 0.9990273843498807 0.03818657982963104
vn 0.063286999850798 0.9919571620019828 0.1096163509831328
vn 0.063286999850798 0.9919571620019828 0.1096163509831328
vn 0.06328601716303289 0.9919574127825503 0.10961464891787585
vn 0.022047005237698432 0.9990273843498807 0.03818657982963104
vn 0.022041494429821288 0.9990278707498171 0.038177034829684875
vn 0.06319047753390086 0.9919817754694532 0.10944916941443207
vn 0.0623116197025491 0.9922039131834708 0.1079289428904615
vn 0.022001139016731754 0.9990313526330852 0.03810913719929033
vn 0.0015686698153557473 0.9999950511978457 0.002727059740496419
vn -0.11050044231919916 0.9752736127250552 -0.19139235243206698
vn -0.1162648153032695 0.9725897322519852 -0.2013745401993722
vn 0.00046713421442612797 0.9999995619154484 0.000811143967974132
vn -0.05068800033554305 0.9948481858751311 -0.08779415517529994
vn -0.053892382278539916 0.9941744437856821 -0.09334230796253849
vn -0.054782473971766485 0.9939796421676454 -0.09488599212640535
vn -0.11745252806728146 0.9720183257167888 -0.20343371923389503
vn 0.00018586598846759053 0.9999999315355316 0.0003199730716919904
vn 0.00011299998596426541 0.999999974453447 0.00019576544337368817
vn -0.11767000120617371 0.9719131104157237 -0.20381039379328136
vn -0.11767047186245624 0.9719128824848923 -0.20381120899394822
vn 0.00011399998611024437 0.9999999739993712 0.00019749749456717417
vn -0.05511999184149782 0.9939050019454762 -0.09547059027342665
vn -0.05512048781449154 0.9939048919223019 -0.09547144932392179
vn -0.05512048781449154 0.9939048919223019 -0.09547144932392179
vn -0.11767094251863852 0.9719126545531444 -0.20381202419444144
vn 0.00011449998254474346 0.9999999737708347 0.00019836351386186643
vn -0.11762850954570148 0.9719332003282892 -0.20373852812285262
vn 0.00011649998283120237 0.9999999728466833 0.0002018276162393132
vn -0.05503899035939237 0.993922957299816 -0.09533029157936598
vn -0.05433461651284659 0.9940777777247036 -0.09411228018870174
vn -0.11715658610589123 0.9721607565405767 -0.2029231326745835
vn 0.00027636595772104986 0.9999998481782081 0.0004767236287194183
vn -0.006875537469647006 0.9999053546978095 -0.01191673743737063
vn 0.011587102674036743 0.9997315615647135 0.020063495782156267
vn 0.011586725087637783 0.9997315389271945 0.020064841788733457
vn -0.0068786355722117954 0.9999053409447723 -0.011916103506735998
vn 0.06575425371713539 0.9913154955469088 0.11388576033327938
vn 0.06575425371713539 0.9913154955469088 0.11388576033327938
vn 0.06575301267022467 0.9913153652778308 0.11388761077865367
vn 0.011584993037713468 0.9997315389291503 0.020065841788200176
vn -0.006880001157772517 0.9999053271965935 -0.011916468769829333
vn -0.006879501597872515 0.9999053409452503 -0.011915603506634018
vn 0.011584493186020275 0.9997315620980244 0.020064976019605805
vn 0.011584493186020275 0.9997315620980244 0.020064976019605805
vn -0.006879501597872515 0.9999053409452503 -0.011915603506634018
vn 0.06575301267022467 0.9913153652778308 0.11388761077865367
vn 0.06575301267022467 0.9913153652778308 0.11388761077865367
vn 0.06575387869585453 0.9913153652773571 0.11388711077848566
vn 0.011584493186020275 0.9997315620980244 0.020064976019605805
vn -0.006879501597872515 0.9999053409452503 -0.011915603506634018
vn 0.011584993037713468 0.9997315389291503 0.020065841788200176
vn -0.006879501597872515 0.9999053409452503 -0.011915603506634018
vn 0.06575301267022467 0.9913153652778308 0.11388761077865367
vn 0.06575252166572518 0.9913154955488477 0.11388676033385416
vn 0.011584993037713468 0.9997315389291503 0.020065841788200176
vn -0.006879001572378814 0.9999053547057213 -0.011914737437006696
vn 0.17744585036431415 0.9349080545668984 0.3073432929061943
vn 0.1774467163894925 0.934908054565518 0.3073427929057482
vn 0.33600968327215597 0.7405382266000121 0.5819799203507406
vn 0.336006555226378 0.7405391884629307 0.5819805024187381
vn 0.33600568920059176 0.7405391884625386 0.5819810024185325
vn 0.17744498433895833 0.934908054567344 0.30734379290633307
vn 0.17744498433895833 0.934908054567344 0.30734379290633307
vn 0.1774439571093681 0.934908834435142 0.3073420136923891
vn 0.33600708519643596 0.7405382266032791 0.5819814203538336
vn 0.33600708519643596 0.7405382266032791 0.5819814203538336
vn 0.33600602374330407 0.7405401530658254 0.5819795818630221
vn 0.17744352007265787 0.9349091662297586 0.30734125672255863
vn 0.17744525028272232 0.9349085101462152 0.3073422535355109
vn 0.33600585797517035 0.7405420256871185 0.5819772947440379
vn 0.33600479500397307 0.7405439548826118 0.5819754536242558
vn 0.1774439459251426 0.9349095004042415 0.3073399943196567
vn 0.4540734916388487 0.4186888960123422 0.7864584366302332
vn 0.454063228093122 0.4186920943647248 0.7864626596413424
vn 0.49875324253873876 0.07098897042490776 0.8638320259952773
vn 0.4987378309921963 0.07098400061648448 0.8638413324179842
vn 0.498737003099828 0.07098292891831796 0.8638418984635899
vn 0.45406263571955846 0.41869090727921454 0.786463633618946
vn 0.45406296683208025 0.41869698442059267 0.7864602071235081
vn 0.45406409411898574 0.4186920943649559 0.7864621596416395
vn 0.4987386970182401 0.07098400061654182 0.8638408324182291
vn 0.49873960117563976 0.07098292891849001 0.8638403984656634
vn 0.49873790424261594 0.07098194195660873 0.8638414592896962
vn 0.45406350174549276 0.4186909072798645 0.786463133620251
vn 0.45406343614393574 0.41869494860203793 0.7864610199954599
vn 0.498738735150868 0.07098292891850365 0.8638408984658361
vn 0.49874133322378583 0.07098292891824978 0.8638393984626699
vn 0.4540653577435533 0.4186941263565457 0.7864603483022828
vn 0.4825656110020301 -0.2618110751634647 0.8358142090201554
vn 0.48256021298676743 -0.2618061785679562 0.8358188593862961
vn 0.41882011691123744 -0.5462090112708343 0.7254277535888705
vn 0.4188265338324893 -0.5461999544820151 0.7254308680237611
vn 0.4188288752906844 -0.5461980852968339 0.7254309235487643
vn 0.48255967372724135 -0.26181015438144545 0.835817925361153
vn 0.48255813945384446 -0.26181508109938145 0.8358172679215045
vn 0.48256123810835694 -0.26180500557986847 0.835818634949386
vn 0.4188261591761654 -0.5462011036291523 0.7254302191003884
vn 0.4188272681806398 -0.5462030146324384 0.7254281399523862
vn 0.41882567062069953 -0.5462052583790723 0.725427372896951
vn 0.48255909341444936 -0.26180804790660556 0.8358189202299486
vn 0.4825585948633218 -0.2618181083564838 0.8358160567135384
vn 0.4188245609486111 -0.5462060056828401 0.7254274508882336
vn 0.4188275425741678 -0.5462048292681497 0.7254266152171668
vn 0.4825600730340644 -0.26181998005111323 0.8358146169811779
vn 0.31438115413982676 -0.777596150346855 0.5445261397650819
vn 0.31438199383839677 -0.7775947923842542 0.5445275941649631
vn 0.16213874594556626 -0.9459631948449435 0.2808285260829933
vn 0.16213851606530466 -0.9459621649603511 0.2808321279192721
vn 0.16213895760941963 -0.9459618622361178 0.280832892696185
vn 0.31438448864471336 -0.7775921582976276 0.5445299152972585
vn 0.3143839637382922 -0.7775930071859478 0.5445290061325608
vn 0.31438233981248564 -0.7775970339481958 0.544524193410169
vn 0.16213895760941963 -0.9459618622361178 0.280832892696185
vn 0.16214045977772654 -0.945960832337225 0.280835494528259
vn 0.16214045977772654 -0.945960832337225 0.280835494528259
vn 0.3143820201654945 -0.777596150347222 0.544525639765331
vn 0.3143836226190761 -0.7775921582972606 0.5445304152969919
vn 0.16213704429300826 -0.9459625802608758 0.28083157873379067
vn 0.1621379103180819 -0.945962580261327 0.28083107873420693
vn 0.3143873128040766 -0.7775889915459178 0.5445328068853469
vn 0.015747761491063203 -0.9995037849243483 0.027279881413280364
vn 0.012428632016616401 -0.9996909683112154 0.02152898007756149
vn -0.08462449607032142 -0.9855745064932445 -0.1465659810987589
vn -0.1011290216562664 -0.9793322542445105 -0.17516065989602714
vn -0.1051020404817149 -0.9776575186098101 -0.1820421308167115
vn 0.011666995288028255 -0.9997277262270865 0.020207786463849634
vn 0.011377998174307319 -0.9997410496188058 0.019707228740598045
vn 0.011377998174307319 -0.9997410496188058 0.019707228740598045
vn -0.1065550053008711 -0.9770281993794088 -0.18455873987097265
vn -0.10655347192811547 -0.9770288682950309 -0.18455608399127812
vn -0.10655347192811547 -0.9770288682950309 -0.18455608399127812
vn 0.011377998174307319 -0.9997410496188058 0.019707228740598045
vn 0.011405995737895965 -0.9997397734968735 0.019755721947003813
vn -0.10644452985444276 -0.9770763671709228 -0.1843673907721718
vn -0.10510098537790098 -0.9776579723188471 -0.18204030332317794
vn 0.011669494055852592 -0.9997276095705555 0.020212114457015377
vn -0.3954167592947411 -0.6119999043898999 -0.6849099966386811
vn -0.4532170941539518 -0.42230976592062264 -0.7850151127046644
vn -0.451897963046109 -0.4279598926284682 -0.7827123106839494
vn -0.3673178829831009 -0.6784560094990206 -0.6362193143998992
vn -0.49078090529006224 -0.19111798980800992 -0.8500635370220347
vn -0.49078466820164046 -0.1911149204752974 -0.8500620545759742
vn -0.4907851569360003 -0.19110990012059856 -0.8500629010886197
vn -0.4515894019307612 -0.42926804397523033 -0.7821738671711662
vn -0.3595898092988906 -0.6948259278782862 -0.6228258978209449
vn -0.356548935445078 -0.7010661882521823 -0.6175589496740673
vn -0.45147316535430876 -0.42975682472608406 -0.7819725395218907
vn -0.4514728787401385 -0.4297580291123553 -0.781972043090772
vn -0.35654337121709145 -0.7010757457683192 -0.6175513121486719
vn -0.49078504465530026 -0.1911110535039782 -0.8500627066112798
vn -0.49078613173203245 -0.19109988645647283 -0.8500645894847232
vn -0.4907836266740424 -0.19109893089103291 -0.8500662505951981
vn -0.4514697996716363 -0.429760050281851 -0.7819727099881386
vn -0.3565427415676652 -0.7010752649153318 -0.6175522215645496
vn -0.45148316056323523 -0.42971118155720667 -0.781991851730273
vn -0.3567293429696034 -0.7006989927403088 -0.6178714246808893
vn -0.4907848720350141 -0.19110393054858324 -0.8500644076247735
vn -0.4907848720350141 -0.19110393054858324 -0.8500644076247735
vn -0.45159112812672014 -0.4292571357729265 -0.7821788570303211
vn -0.3595499994997651 -0.6949047438059365 -0.6227609452235462
vn -0.48878160154814615 0.21064208837155546 -0.8465946235327149
vn -0.48878009486135343 0.2106399965829121 -0.8465960138737231
vn -0.35205577352957174 0.7100945199894065 -0.6097725026643209
vn -0.3520530725269652 0.7100930066608415 -0.6097758243942518
vn -0.35205444732656904 0.7100919976879058 -0.6097762056174241
vn -0.4887813941681037 0.21064401321182025 -0.8465942643398331
vn -0.48878160154814615 0.21064208837155546 -0.8465946235327149
vn -0.488782899890363 0.2106380756742951 -0.8465948723273709
vn -0.3520554499720623 0.7100900092872846 -0.6097779422505808
vn -0.3520569613852384 0.7100870119006714 -0.6097805600953252
vn -0.352056589102518 0.7100860327196755 -0.6097819152827776
vn -0.488781064363528 0.21063903612884324 -0.8465956931017122
vn -0.48878182691272287 0.21063999658328966 -0.8465950138757332
vn -0.3520574551280844 0.7100860327200088 -0.6097814152831288
vn -0.35205882992246396 0.7100850237362426 -0.6097817964970135
vn -0.4887826929376743 0.21063999658316246 -0.8465945138754682
vn -0.16329102415825106 0.9451706569168948 -0.282822330682418
vn -0.1632888375568729 0.9451709710353726 -0.2828225433754813
vn -0.015382360160934238 0.9995267083827482 -0.026640987696182648
vn -0.015382360160934238 0.9995267083827482 -0.026640987696182648
vn -0.015381993782629576 0.9995266776269882 -0.02664235310977313
vn -0.16328753029130993 0.9451712759505556 -0.28282227912483043
vn -0.16328648395408393 0.9451719990077041 -0.2828204668154223
vn -0.16328648395408393 0.9451719990077041 -0.2828204668154223
vn -0.01538099448892062 0.999526739138554 -0.026640622282161845
vn -0.01538099448892062 0.999526739138554 -0.026640622282161845
vn -0.01538099448892062 0.999526739138554 -0.026640622282161845
vn -0.16328692519470747 0.945171694094988 -0.2828212310666727
vn -0.16328753029130993 0.9451712759505556 -0.28282227912483043
vn -0.015381494135798156 0.9995267083832697 -0.02664148769600743
vn -0.01538099448892062 0.999526739138554 -0.026640622282161845
vn -0.1632888375568729 0.9451709710353726 -0.2828225433754813
vn 0.11429083943966972 0.9735235064877691 0.19796359851228773
vn 0.11429362018536372 0.973523014014106 0.1979644149078682
vn 0.2868343211632984 0.8190837890768699 0.49681769158743455
vn 0.2868298237161782 0.819091301964044 0.49680790178276496
vn 0.2868301277963809 0.819092089099307 0.49680642846408973
vn 0.11429267034726621 0.9735234600673252 0.19796276974076366
vn 0.11429495759888474 0.9735227926446383 0.19796473137620677
vn 0.11429535223610382 0.9735230140141496 0.19796341490798403
vn 0.28683215171186455 0.8190904672076493 0.4968079339884749
vn 0.28683097192113133 0.819093332838733 0.49680389053017243
vn 0.28682804808952966 0.8190962152342202 0.496800826305801
vn 0.1142935363730598 0.9735234600678335 0.19796226974070896
vn 0.1142940148226064 0.9735232353836701 0.19796309843968635
vn 0.2868278181125086 0.8190965373640448 0.4968004279738994
vn 0.2868307419443392 0.8190936549707521 0.4968034922002003
vn 0.1142944862107909 0.9735230140146145 0.19796391490802506
vn 0.488390831215313 0.21423692054219987 0.8459178079822004
vn 0.4883856350553523 0.2142369205382124 0.8459208079660198
vn 0.46478528287952203 -0.36865722557890934 0.8050257702999725
vn 0.46477835466935574 -0.3686572255761349 0.8050297702950825
vn 0.46477937868159874 -0.3686651634861748 0.80502554393265
vn 0.488388553978713 0.21424189186617354 0.845917863691378
vn 0.48839005505217054 0.21424399802221988 0.8459164636284088
vn 0.48838984297372645 0.21424593182683332 0.8459160962978246
vn 0.4647811107338526 -0.3686651634868684 0.8050245439340386
vn 0.4647816891935453 -0.36866224638540374 0.805025545855821
vn 0.46478181877805863 -0.36865722558047137 0.8050277703040245
vn 0.48839005505217054 0.21424399802221988 0.8459164636284088
vn 0.4883901587519094 0.2142430524454704 0.8459166432415975
vn 0.464783382488955 -0.36865807451652793 0.8050264787296701
vn 0.46478419654228664 -0.36865396924475 0.8050278887123302
vn 0.4883927741582871 0.2142349974624739 0.8459171732576577
vn 0.36192253561449533 -0.6899679794454894 0.6268622380988371
vn 0.36192004715412746 -0.6899659323711584 0.626865927958405
vn 0.19678858090758 -0.919290848339571 0.3408498064888593
vn 0.19679106756464576 -0.919289460640813 0.34085211350597555
vn 0.19678944693289918 -0.9192908483400088 0.34084930648917383
vn 0.36191907151456143 -0.6899679794483365 0.6268642381010561
vn 0.36191894910313976 -0.6899700533654595 0.6268620260782621
vn 0.36191846907120667 -0.6899710605537019 0.626861194638457
vn 0.19678944693289918 -0.9192908483400088 0.34084930648917383
vn 0.19678944693289918 -0.9192908483400088 0.34084930648917383
vn 0.19678800078969538 -0.9192920866183912 0.3408468016954232
vn 0.3619176030456532 -0.6899710605533789 0.6268616946380872
vn 0.36191846907120667 -0.6899710605537019 0.626861194638457
vn 0.196787581680286 -0.9192924454841037 0.3408460757765608
vn 0.19678654024158052 -0.9192933372202318 0.34084427195163225
vn 0.3619225052963294 -0.6899644088863229 0.6268661855852298
vn 0.006614537832659974 -0.9999124007469498 0.011464672770364089
vn 0.006618501825661064 -0.9999123875201403 0.011463538605354363
vn -0.20939369503801714 -0.9080890799351459 -0.36266858615113895
vn -0.2093915505705991 -0.9080862652809333 -0.36267687182637764
vn -0.20939210122385626 -0.9080849586124249 -0.3626798255857764
vn 0.006618501825661064 -0.9999123875201403 0.011463538605354363
vn 0.006616502303411225 -0.9999124404520017 0.011460075330958336
vn 0.006617001870379096 -0.9999124272288368 0.01146094060639554
vn -0.20939457862160937 -0.9080834723569826 -0.36268211656485627
vn -0.20939337835435357 -0.9080845794297819 -0.3626800376408752
vn -0.20939052137460926 -0.9080872145490761 -0.3626750892065368
vn 0.006617501902906775 -0.9999124139923492 0.01146180668820605
vn 0.0066180019354145974 -0.9999124007548618 0.011462672769982162
vn -0.20939194938837227 -0.9080858974340158 -0.3626775625990607
vn -0.20939371259571068 -0.9080834723565067 -0.3626826165648617
vn 0.006618501825661064 -0.9999123875201403 0.011463538605354363
vn -0.4286124048807935 -0.5149393536037897 -0.742380541563701
vn -0.42861520548379667 -0.5149357959211607 -0.7423813923497297
vn -0.49998950044486723 -0.0005599621125001679 -0.8660312845892604
vn -0.5000016234276389 -0.0005649620912213946 -0.866024282215898
vn -0.499999888528065 -0.0005749621060110783 -0.8660252772815002
vn -0.4286127628168509 -0.5149381618807642 -0.7423811615264531
vn -0.42861340250656593 -0.514938915452602 -0.7423802695009093
vn -0.42861520548379667 -0.5149357959211607 -0.7423813923497297
vn -0.49999902192653184 -0.000576962120576312 -0.8660257762833754
vn -0.5000007531093486 -0.000579962084280457 -0.8660247747807595
vn -0.5000007554133525 -0.0005719620841386512 -0.8660247787710528
vn -0.4286116182027698 -0.5149477394363098 -0.7423751789971414
vn -0.42861011249235587 -0.5149469858697285 -0.7423765710291318
vn -0.4999990247865313 -0.0005669621057783113 -0.8660257812366144
vn -0.4999998873740733 -0.0005789620769712681 -0.8660252752829027
vn -0.4286112573892897 -0.5149431740751561 -0.7423785540494657
vn -0.43282227797580214 0.5006410460208 -0.7496822118251417
vn -0.4328286881131004 0.5006398427446564 -0.7496793145091427
vn -0.23343558072508272 0.8843280932848343 -0.4043162785230799
vn -0.23343457471590495 0.8843264122729175 -0.40432053606478435
vn -0.2334333717638217 0.884327682436046 -0.40431845249044146
vn -0.4328271039614154 0.5006453210170969 -0.7496765706756895
vn -0.4328318472826851 0.5006259225683529 -0.7496867863517696
vn -0.4328285845917052 0.5006372058478471 -0.7496811352042957
vn -0.23343457471590495 0.8843264122729175 -0.40432053606478435
vn -0.2334335847772573 0.8843274575217853 -0.4043188214405728
vn -0.2334331182167053 0.8843270357380557 -0.40432001333395445
vn -0.4328208635150048 0.5006639060952207 -0.7496677619049666
vn -0.43282145393701393 0.500658869701346 -0.7496707845456029
vn -0.23343457471590495 0.8843264122729175 -0.40432053606478435
vn -0.23343246962009448 0.8843295493805668 -0.4043148899303949
vn -0.4328254495879897 0.5006480472301053 -0.7496757052176873
vn -0.04965521805222037 0.9950568484524451 -0.08600132364140695
vn -0.04965299322311862 0.9950569468128848 -0.08600147012350721
vn -8.660253683240031e-7 0.9999999999994772 5.437113316131467e-7
vn -0.000001133974396090865 0.9999999999916723 -0.000003920390023863468
vn -0.000002999999760270235 0.9999999999822262 -0.000005152441016258054
vn -0.04965200028852525 0.9950571449991861 -0.08599975031020207
vn -0.04964947514587134 0.9950576489908689 -0.08599537663447104
vn -0.04965002030847563 0.9950575401843881 -0.08599632088387738
vn -0.000002999999760270235 0.9999999999822262 -0.000005152441016258054
vn -0.0000019999997644089398 0.9999999999921505 -0.000003420390082763193
vn -0.0000014999998801553673 0.9999999999956125 -0.000002554364812910312
vn -0.049651630730400596 0.9950570459060571 -0.08600111021680294
vn -0.04965348600181981 0.9950568484544788 -0.08600232364132446
vn -0.0000024999996486565126 0.9999999999876882 -0.000004286415352605725
vn -0.000004366025012802343 0.9999999999752422 -0.000005518466344975351
vn -0.04965286631399255 0.9950571449986666 -0.08599925031014648
vn 0.06597562532229213 0.9912559701948902 0.11427518722942202
vn 0.07366095690358927 0.989088590662365 0.127584572929427
vn 0.07605203129916971 0.9883644773526312 0.131726035553835
vn 0.07642697580513462 0.9882487821128094 0.13237545853303068
vn 0.07642745778146129 0.9882486330162431 0.13237629334057419
vn 0.07642697580513462 0.9882487821128094 0.13237545853303068
vn 0.07638545846306008 0.9882616216472576 0.13230354838219788
vn 0.07592349468673015 0.9884040053528033 0.13150340359507723
vn 0.002679998677059923 0.9999856349064465 0.004641937940339491
vn 0.0026714988871336283 0.9999857258816134 0.004627215871206192
vn 0.002668498950220479 0.9999857579216144 0.004622019827655244
vn 0.0026674989711853708 0.9999857685936152 0.004620287813027307
vn 0.0026674989711853708 0.9999857685936152 0.004620287813027307
vn 0.0026679990771189214 0.9999857632568723 0.004621154021979712
vn 0.0026679990771189214 0.9999857632568723 0.004621154021979712
vn 0.002668999056138018 0.9999857525828711 0.004622886036579914
vn 0.1033493557923802 0.9784049971330642 0.17900439168452964
vn 0.11567839418634285 0.9728693718600651 0.20035891398954925
vn 0.1193946201287344 0.9710709795966072 0.20679960655088542
vn 0.119979020594461 0.9707832477929559 0.20780981791473235
vn 0.11997949056478971 0.9707830154580381 0.20781063192727212
vn 0.11997949056478971 0.9707830154580381 0.20781063192727212
vn 0.11993652535252783 0.9708042517844055 0.20773621399188644
vn 0.11945954815532366 0.9710394643235878 0.20691006519907565
vn -0.013173263899096652 0.9996527796376371 -0.02282072043101704
vn -0.0133301396191031 0.9996445063566152 -0.023090437171571058
vn -0.013389503494329725 0.9996413790598926 -0.023191258426647977
vn -0.013412499955306667 0.9996401459160452 -0.02323108946856891
vn -0.013412499955306667 0.9996401459160452 -0.02323108946856891
vn -0.013412499955306667 0.9996401459160452 -0.02323108946856891
vn -0.013409002826644848 0.9996403335798086 -0.02322503226357238
vn -0.01339050275158242 0.9996413255205293 -0.02319298919111481
vn -0.01836589900053184 0.9993249701051377 -0.03181662895826662
vn -0.018507492011103736 0.9993147119903761 -0.032055875265707266
vn -0.01855400424561479 0.9993112619972924 -0.03213643682539527
vn -0.018572994270994198 0.9993098509404323 -0.03216932851677857
vn -0.018572994270994198 0.9993098509404323 -0.03216932851677857
vn -0.018572994270994198 0.9993098509404323 -0.03216932851677857
vn -0.018567003419360857 0.9993102962476919 -0.032158952056552205
vn -0.018528999493218033 0.9993131177746927 -0.03209312732040431
vn 0.12767621258517634 0.9668489447012052 0.2211377463710589
vn 0.13332821354545193 0.9637906799569232 0.23093529981566216
vn 0.13447499253818693 0.9631541297102738 0.23291757942220617
vn 0.1346909176961459 0.9630334359488207 0.2332915727898861
vn 0.1346910298978343 0.9630333731781702 0.23329176712892322
vn 0.13469196239840756 0.9630328514933979 0.23329338226739554
vn 0.1346524710535285 0.9630549414033283 0.23322498124731536
vn 0.1341854327113833 0.963315654766176 0.23241604705887328
vn -0.03248717904874643 -0.9978863672303255 -0.05627949265335074
vn -0.11316770280951428 -0.9740474019372143 -0.19602226868440303
vn -0.020306863772212715 -0.9991749909594119 -0.035170566173946434
vn -0.03250962805013251 -0.997883893897078 -0.056310375463561116
vn 0.008639496315742099 -0.9998507076995192 0.014964004015669816
vn -0.03292100019068175 -0.9978300584327928 -0.05702089296437237
vn -0.03301949975809751 -0.9978170398681806 -0.05719149923220067
vn -0.0330189990372277 -0.9978171061466158 -0.05719063195815
vn 0.014227499964214158 -0.9995950755376951 0.024642711002607467
vn 0.014229997443679738 -0.9995949333362458 0.024647036764271324
vn -0.03301850180682671 -0.9978171719620329 -0.057189770729769114
vn 0.014227000248984342 -0.9995951039874742 0.024641845470372358
vn -0.0329284980132724 -0.9978290688285316 -0.057033879575000175
vn -0.03302049400016833 -0.997816908261309 -0.05719322131010892
vn 0.01392563380784897 -0.9996120309535801 0.024121863441875842
vn 0.008697995970557062 -0.9998486789241458 0.015065328397909208
vn -0.04965200028852525 0.9950571449991861 -0.08599975031020207
vn -0.23343497548252273 0.8843259891129063 -0.4043212302130001
vn -0.000002999999760270235 0.9999999999822262 -0.000005152441016258054
vn -0.43282655803527287 0.5006442140644836 -0.7496776251050143
vn -0.4999998873740733 -0.0005789620769712681 -0.8660252752829027
vn -0.4286098861528211 -0.514947739436266 -0.7423761789965685
vn -0.20939457862160937 -0.9080834723569826 -0.36268211656485627
vn 0.006617501902906775 -0.9999124139923492 0.01146180668820605
vn 0.19678858090758 -0.919290848339571 0.3408498064888593
vn 0.3619188389408425 -0.689968467429244 0.6268638352729027
vn 0.46478093833934736 -0.3686660328461019 0.8050242453379356
vn 0.48839060062546713 0.21423902321211244 0.8459174085889327
vn 0.2868301277963809 0.819092089099307 0.49680642846408973
vn 0.11429495759888474 0.9735227926446383 0.19796473137620677
vn -0.015381993782629576 0.9995266776269882 -0.02664235310977313
vn -0.16328692519470747 0.945171694094988 -0.2828212310666727
vn -0.35205468687603797 0.7100915226253917 -0.6097766205293279
vn -0.4887804033959321 0.2106451710586223 -0.846594548273135
vn -0.4907821659459087 -0.19111393619992947 -0.8500637205407673
vn -0.451480667529756 -0.429718019260973 -0.7819895336699283
vn -0.3567150983178229 -0.7007262361383366 -0.6178487522197534
vn 0.013959001602808507 -0.9996102175948532 0.024177658162506485
vn -0.03301448578235282 -0.9978177035027053 -0.05718281477082462
vn 0.011403497871372575 -0.9997398874764927 0.01975139551493734
vn 0.16213701389490828 -0.9459631948468792 0.28082952608357903
vn -0.10645793873504376 -0.9770705236294861 -0.1843906156361746
vn 0.3143861388889455 -0.7775894894770286 0.5445327736044496
vn 0.41882739985797646 -0.5461999544822662 0.7254303680242349
vn 0.4825585948633218 -0.2618181083564838 0.8358160567135384
vn 0.4987378663735115 0.07098300624164613 0.8638413937003111
vn 0.45406390457083484 0.4186929166103482 0.7864618313346222
vn 0.33600602374330407 0.7405401530658254 0.5819795818630221
vn 0.17744498433895833 0.934908054567344 0.30734379290633307
vn 0.06575301267022467 0.9913153652778308 0.11388761077865367
vn 0.011584993037713468 0.9997315389291503 0.020065841788200176
vn -0.006880001157772517 0.9999053271965935 -0.011916468769829333
vn -0.018570497345676062 0.9993100365574005 -0.032165003714924416
vn -0.055087010888769064 0.9939123159599139 -0.09541346558290915
vn -0.11765349187164258 0.9719211049949226 -0.20378179878452754
vn 0.00011399998611024437 0.9999999739993712 0.00019749749456717417
vn 0.13467595402946736 0.9630418067890885 0.23326565495730567
vn 0.06324849095025054 0.9919669864594731 0.10954965160614515
vn 0.02204448899181692 0.999027606456177 0.03818222156359474
vn 0.013102493243415076 0.9996565893449432 0.0226942294436656
vn 0.005800497634129261 0.9999327057432491 0.010046801091955354
vn -0.02630250691747755 0.998615399529612 -0.04555723819734108
vn -0.015275001683419848 0.9995332408172232 -0.02645703734340654
vn -0.007902133932502348 0.9998750779639596 -0.013688854805225234
vn 0.018075502523227618 0.9993463373366996 0.03130773483112858
vn 0.0026679990771189214 0.9999857632568723 0.004621154021979712
vn -0.017023501937616273 0.9994202339205073 -0.029485528858376426
vn -0.060365627047898905 0.9926850222749075 -0.10455829772036535
vn 0.012302001545732733 0.9996972747286471 0.021307737047480492
vn 0.07639902425197376 0.9882574271159127 0.1323270450194633
vn 0.03183798450972057 0.9979706236613073 0.05514505464155522
vn 0.010818997993879774 0.9997658703105586 0.018739099353485597
vn 0.00006699999252989104 0.9999999910169273 0.00011609111147591794
vn -0.013409502587093981 0.9996403067645417 -0.023225897874129577
vn -0.04658797878920737 0.9956496607503845 -0.08069270896419758
vn -0.115102973278235 0.9731419387851793 -0.1993641706022735
vn -0.00023449994174433458 0.9999998900372891 -0.0004061221332979637
vn 0.11993699549113172 0.9708040194536455 0.2077370282958874
vn 0.04760049955884601 0.9954580661923303 0.08244653354977828
vn 0.016050492911671325 0.999484629277143 0.027800315034626072
vn 0.009437497077617693 0.9998218506943105 0.01634626939439422
vn 0.0033054999037550356 0.9999781468492176 0.00572533792809523
vn -0.015922995645518526 0.9994927889342884 -0.027579395896771625
vn -0.06071050141994487 0.9926011019008784 -0.10515363770455599
vn -0.1537900064950738 0.9515222261526946 -0.26637208382198274
vn -0.3207494721201755 0.7671253591022612 -0.555552391369937
vn -0.45790340907959337 0.40161897737616614 -0.7931120128737233
vn -0.49900411262492406 0.06308305870902295 -0.864300539909195
vn -0.4778637275755488 -0.2942531306476549 -0.827684331718111
vn -0.4010402914980079 -0.5972157298346882 -0.6946222402379684
vn -0.3033669467480452 -0.7949049650977515 -0.5254470402273775
vn 0.0699001522550733 -0.9901794780745581 0.12107258118464773
vn -0.047055974787067675 -0.9955616167936767 -0.08150338891113174
vn -0.03694637502707227 -0.9972663191190193 -0.06399104721100506
vn 0.11148052282813571 -0.9748273605339018 0.19308990181900218
vn 0.21214242408144937 -0.9055287825122571 0.36744144560285485
vn -0.033145007988320374 -0.9978003950026813 -0.05740888587969155
vn 0.3479488715577022 -0.7181408727712135 0.602665138893168
vn 0.4776749009898301 -0.29547702453773156 0.8273572486747696
vn 0.4931988512152148 0.16437593563491124 0.8542455413662631
vn 0.4014448036371354 0.5961299768334061 0.6953208758216199
vn 0.2671978021294562 0.8452344473781104 0.4628002414677505
vn 0.14223043251567846 0.958687637498197 0.24635039633523828
vn -0.0031839989317893965 0.9999797243347722 -0.005514804634371186
vn -0.21966251719274826 0.8983281815658555 -0.3804666302649008
vn -0.4483210280398904 0.44275609612752304 -0.776514838981955
vn -0.4993492204884731 -0.05100299178330393 -0.8648982892957452
vn -0.4489017218469697 -0.4403962461789986 -0.7775206688405607
vn -0.2666049411929059 -0.8459829516033448 -0.4617733761576345
vn -0.023667000832744915 -0.9988791160337798 -0.04099249471742
vn 0.22323350014559537 -0.8948001033311975 0.3866517548016879
vn 0.49017959475274286 -0.1972200887611053 0.8490160195644711
vn 0.4201804986573521 0.5420270088353073 0.7277740516404171
vn 0.2829875610827149 0.8244222758036716 0.49014890740585343
vn 0.24282055020534085 0.8741582592793952 0.4205776006061107
vn -0.04965422880655968 0.9950570459044991 -0.08599961021677636
vn -0.23343485026745164 0.8843270357380121 -0.4043190133340666
vn -0.0000027320506188504133 0.9999999999960308 -6.883394639264637e-7
vn 0.0000023660252484747234 0.9999999999949074 0.0000021417876528192313
vn -0.04965385924842404 0.9950569468123655 -0.0860009701235451
vn -0.23343816338070794 0.8843253663280668 -0.4043207518124347
vn -0.43282507192596226 0.5006523480290083 -0.7496730510864895
vn -0.49999901930980106 -0.0005859620697181951 -0.8660257717514473
vn -0.43283036409241715 0.5006550107160177 -0.7496682173899128
vn -0.5000085473120943 -0.0005799620844484501 -0.8660202747388942
vn -0.42861011249235587 -0.5149469858697285 -0.7423765710291318
vn -0.20939353018858403 -0.9080836406018559 -0.36268230062472284
vn -0.4286118421457876 -0.5149527604171582 -0.7423715668795132
vn -0.20938895249252257 -0.9080862652767813 -0.3626783718251632
vn 0.006618367928590358 -0.9999124139918275 0.011461306688075289
vn 0.19678783615944664 -0.9192929691231169 0.3408445165474825
vn 0.006620465973119556 -0.9999124272207501 0.011458940605777271
vn 0.196788953041201 -0.9192934958572079 0.34084245104678773
vn 0.36192225783977455 -0.68996492809923 0.6268657569792625
vn 0.46478582554810544 -0.3686501214860719 0.8050287102320455
vn 0.3619198151283391 -0.6899700533650928 0.6268615260780008
vn 0.4647799571409379 -0.3686622463847101 0.8050265458546365
vn 0.48839265312673213 0.21424399802132135 0.8459149636244009
vn 0.286831555768087 0.8190913019657259 0.4968069017835309
vn 0.4883848403471943 0.21425206371491226 0.8459174314984571
vn 0.2868283957440695 0.819092089095987 0.4968074284622316
vn 0.1142947672431198 0.9735220686357626 0.1979684016705351
vn -0.01538222689236032 0.9995267698907983 -0.02663875686849863
vn 0.11429563326871407 0.9735220686372448 0.19796790167085948
vn -0.015380494841996956 0.9995267698928412 -0.026639756868236376
vn -0.1632898889794523 0.9451702444568041 -0.28282436449242376
vn -0.35206120734983837 0.7100820263271698 -0.6097839143225038
vn -0.1632886063939992 0.945169933855088 -0.28282614298942427
vn -0.35205896653278396 0.7100830353163482 -0.6097840331131914
vn -0.4887836649428527 0.2106309743786706 -0.8465961974384986
vn -0.49078601867801913 -0.19110104784671997 -0.8500643936679532
vn -0.4887890664937746 0.21062906770138323 -0.8465935531973952
vn -0.49079593781142633 -0.19109701174312804 -0.850059574106809
vn -0.4518537523803953 -0.4281538893220465 -0.782631735567988
vn -0.3658670335273244 -0.6815901669155521 -0.6337003693717922
vn -0.45330916084567163 -0.4219999080843478 -0.7851285769032962
vn -0.3964942460163564 -0.6092613223440794 -0.6867262583966517
vn -0.031992860455301156 -0.9979509225720509 -0.055411307668020465
vn -0.032723129426268524 -0.997855979110964 -0.056680170721789915
vn -0.004173901619422369 -0.9999651127672389 -0.007235453937032872
vn -0.06145799821554056 -0.9924170730315335 -0.10644842700041456
vn 0.012314494069087085 -0.9996966613615725 0.021329287338018536
vn 0.1621389188279888 -0.9459624825736312 0.28083082552387856
vn -0.10180288380646216 -0.9790533064301514 -0.1763258234544112
vn -0.0838063759867243 -0.9858531991382461 -0.14515495545401697
vn 0.015934998682756184 -0.9994920237613261 0.027600185768743377
vn 0.16213955497167104 -0.9459614526809433 0.2808339273580524
vn 0.31438697858002773 -0.7775881314965004 0.5445342279922378
vn 0.4188250276404317 -0.5461992617141568 0.7254322592254231
vn 0.314380499634452 -0.7775930071798146 0.5445310061278836
vn 0.41882182904093673 -0.5462011036197032 0.7254327190880094
vn 0.48255788557848645 -0.26181695279598405 0.8358168281954161
vn 0.4987405023170994 0.07098194195656782 0.8638399592890813
vn 0.482551086337417 -0.26181600187636994 0.8358210515631032
vn 0.4987268229510937 0.07097696471582216 0.8638482659291721
vn 0.4540662954756325 0.4186900585404702 0.78646197250243
vn 0.3360041259242439 0.7405420256870747 0.5819782947440297
vn 0.45406058386251247 0.4186847809578461 0.7864680796934576
vn 0.3360055219218807 0.7405410638324408 0.5819787126827936
vn 0.1774417880212556 0.9349091662278453 0.30734225672200555
vn 0.06575128061876769 0.9913153652758044 0.11388861077864806
vn 0.17744265220765845 0.9349085101447473 0.30734375353411847
vn 0.06575090604619861 0.9913152348822892 0.11388996200006356
vn 0.01158326098774281 0.9997315389271071 0.020066841787586633
vn -0.0068798675980445735 0.9999053547051995 -0.011914237436885921
vn 0.011582761136009477 0.999731562095981 0.020065976019015434
vn -0.006881599649552361 0.9999053547011562 -0.01191323743649495
vn -0.05263200964806182 0.9944443136192959 -0.09116127835135929
vn -0.053766149046259946 0.9942014077245274 -0.09312766557421708
vn -0.018437495833597797 0.9993198875348833 -0.03193463832038907
vn -0.018113725283957213 0.9993436973283036 -0.03136985123543176
vn -0.11616726931681033 0.972635113168337 -0.20121158557968796
vn -0.00037613381620594003 0.9999997157702298 -0.000653439218245056
vn -0.11056052336077227 0.9752463757368173 -0.19149641585783028
vn -0.004050732352833935 0.99996721095627 -0.007012031071270097
vn 0.05729411945588351 0.9934128690639178 0.09923837692128215
vn 0.061177755357304145 0.9924859043623908 0.10596703209682375
vn 0.13315492258261363 0.9638874616671955 0.23063115104596957
vn 0.12785291361874254 0.966753249931949 0.22145380155963207
vn 0.021904261119168846 0.9990397921573756 0.037943339744556666
vn 0.013101627218359224 0.9996565893444217 0.022694729443411176
vn 0.021541771221547625 0.9990713219734418 0.037315488779832616
vn 0.013099029143113075 0.9996565893368586 0.02269622944251171
vn 0.005797631863116684 0.9999327521360912 0.010043837430092753
vn -0.026334000693577254 0.9986120794843862 -0.04561178702200473
vn 0.005794533734647978 0.999932763727068 0.010044471312397767
vn -0.026338828624114158 0.998612026961757 -0.045610149243787965
vn -0.01527363604529006 0.9995332713567953 -0.026456671989104823
vn -0.007902633927698802 0.9998750621556731 -0.013689720822344646
vn 0.018112859258862288 0.9993436945873374 0.031370438600682865
vn 0.01811149469993242 0.9993437307288434 0.0313700751145327
vn -0.01527536809647009 0.9995332713567516 -0.026455671988966624
vn -0.007904732008758564 0.9998750779623943 -0.01368735480528722
vn -0.014123630544877358 0.999600918582764 -0.024464803876711676
vn -0.016011000644946986 0.9994871653694961 -0.02773182503906054
vn 0.002672498866040579 0.9999857151936138 0.004628947885612152
vn 0.0026826326939256144 0.9999855973601841 0.004648500190965186
vn -0.05959612746625547 0.9928709889952483 -0.10322548523801188
vn 0.013140505573157157 0.999654593539417 0.022760068735064923
vn -0.05662741448673577 0.9935653847333733 -0.09808752310141793
vn 0.017125086903741107 0.9994134673747358 0.029655566569314548
vn 0.031169498231095636 0.9980550307280799 0.05398720235753223
vn 0.03133235217695463 0.9980347422377683 0.05426727368728234
vn 0.07494748599652779 0.9887019184572431 0.12981290683813929
vn 0.06873000772370974 0.9905073102541538 0.11904391782607
vn 0.01075422812619895 0.9997687400732043 0.01862291464425981
vn 0.00006786601789040638 0.9999999910164493 0.00011559111153924291
vn 0.010617726285660196 0.9997745750930874 0.01838648650392571
vn 0.00006836601435038006 0.9999999908819124 0.0001164571308783316
vn -0.045968858180093525 0.9957649224313896 -0.07961836052586907
vn -0.046051841861910685 0.9957495852183507 -0.0797620924914105
vn -0.013345495974335332 0.9996437329802775 -0.023115035160142548
vn -0.013204867185581908 0.9996512488516677 -0.022869458933530425
vn -0.1121670211670665 0.9745123130062825 -0.19427895192648195
vn -0.000010267948301670362 0.9999999997109513 -0.000021740898112832353
vn -0.10029510594303995 0.9796748860040946 -0.17371818976934664
vn 0.0002032679124656211 0.9999999159324519 0.0003561140900331836
vn 0.04691896962572735 0.9955874813741533 0.08126608899368713
vn 0.04702910381939396 0.9955665319983434 0.08145884702557345
vn 0.11675502930145736 0.9723543742154681 0.2022257008316726
vn 0.10400246353673717 0.9781277676881028 0.18013760755538683
vn 0.01600299275936865 0.9994876759375054 0.027718042351281766
vn 0.009438363102839608 0.9998218506938321 0.01634576939452674
vn 0.015895507078397268 0.9994945367017749 0.02753187167674739
vn 0.009437497077617693 0.9998218506943105 0.01634626939439422
vn 0.0033063659292344337 0.9999781468487394 0.005724837928086178
vn -0.015922495102205253 0.9994928208305267 -0.027578528930253633
vn 0.0033063659292344337 0.9999781468487394 0.005724837928086178
vn -0.015919897026490517 0.9994928208260946 -0.027580028929686175
vn -0.06071050141994487 0.9926011019008784 -0.10515363770455599
vn -0.1537900064950738 0.9515222261526946 -0.26637208382198274
vn -0.06070876936888873 0.9926011018989369 -0.10515463770434227
vn -0.15379047310955232 0.951521924485481 -0.2663728920220424
vn -0.3207494462723822 0.7671239539269787 -0.5555543466011214
vn -0.457905585923123 0.40161694885204074 -0.7931117832784851
vn -0.3207480557526624 0.7671262795320151 -0.555551938150031
vn -0.45790340907959337 0.40161897737616614 -0.7931120128737233
vn -0.499005781813442 0.0630850476868086 -0.864299431027875
vn -0.4778635831546759 -0.29425406879742183 -0.8276840815738433
vn -0.4990050417418559 0.0630810623942147 -0.86430014918628
vn -0.47786517819409474 -0.2942549588056117 -0.8276828442633288
vn -0.4010402914980079 -0.5972157298346882 -0.6946222402379684
vn -0.303367505772072 -0.7949041117143159 -0.5254480084854317
vn -0.4010422396945802 -0.5972128230382682 -0.694623614613999
vn -0.3033678127732413 -0.7949049650973758 -0.5254465402271854
vn 0.06822125233906826 -0.990648472612982 0.1181586409826014
vn -0.0474986467005229 -0.9954773613508003 -0.08227211921220408
vn -0.04548225415412669 -0.9958538146631851 -0.07878162462048066
vn -0.07639545046320602 -0.9882585322026048 -0.13232085503531474
vn 0.06372899385628378 -0.9918439741546751 0.11038182040139564
vn -0.048323408113556086 -0.9953182305843641 -0.08370464798744284
vn 0.11275354651193148 -0.9742415315350998 0.1952948437136142
vn 0.21214039593413667 -0.905530683075154 0.367437932748311
vn -0.02147812853802846 -0.9990768777762252 -0.037203256408730505
vn 0.02036922874193376 -0.9991699871394668 0.03527649812802322
vn 0.11873630682082767 -0.9713946630283006 0.20565528945953443
vn 0.21213952990898075 -0.9055306830747233 0.36743843274788457
vn 0.3479494805803707 -0.7181413708558835 0.602664193750618
vn 0.4776785715782797 -0.2954588882367881 0.8273616063226619
vn 0.3479482630105443 -0.718140373762833 0.6026660848593718
vn 0.47767792127507586 -0.29546309367164997 0.8273604799628154
vn 0.4931995424772578 0.16437803308427906 0.8542447386665998
vn 0.401447141713299 0.5961236787812182 0.6953249254892054
vn 0.4932026014658565 0.16438289490290947 0.8542420369957512
vn 0.40145171346469655 0.5961230278886528 0.6953228439920004
vn 0.26719859801087864 0.8452334409910993 0.46280161997487285
vn 0.14222950212778854 0.9586881896239426 0.24634878485604242
vn 0.26720213317665464 0.8452322560377629 0.46280174305976757
vn 0.14223084147434578 0.9586879087380126 0.24634910467268933
vn -0.003182498864930032 0.9999797434353928 -0.005512206442155531
vn -0.21966091240806385 0.898329751190297 -0.38046385069600996
vn -0.0031834988319054337 0.999979730703634 -0.005513938435896464
vn -0.2196596516596242 0.898330137262312 -0.3804636670157193
vn -0.4483210280398904 0.44275609612752304 -0.776514838981955
vn -0.4993500101103139 -0.0510059838384014 -0.8648976569603518
vn -0.4483204512209882 0.44275492475944744 -0.7765158399017148
vn -0.4993517421599266 -0.051005983838241085 -0.8648966569565056
vn -0.4489015282001529 -0.44039703572521743 -0.777520333434444
vn -0.26660438806139636 -0.845983648862796 -0.46177241810571346
vn -0.448903753260012 -0.44039502559733484 -0.7775201873509119
vn -0.26660438806139636 -0.845983648862796 -0.46177241810571346
vn -0.02366600187376321 -0.9988792107074361 -0.04099076446958019
vn 0.2232374953108735 -0.8947961164530336 0.3866586746316403
vn -0.023666499944207563 -0.9988791635046471 -0.04099162715295979
vn 0.22323983558461247 -0.8947955094824613 0.38665872810293267
vn 0.4901816777068636 -0.1972079899309334 0.8490176273481519
vn 0.42018418445908984 0.5420209505754373 0.7277764356364862
vn 0.4901838709061351 -0.19721201530429305 0.8490154260807613
vn 0.42018617302354194 0.5420228405561766 0.7277738799347253
vn 0.2829893331539764 0.824421031778735 0.49014997672340443
vn 0.24282163257644182 0.8741560943926094 0.42058147532811135
vn 0.28299106520386025 0.8244210317754811 0.49014897672140034
vn 0.24282532314053706 0.8741539182427274 0.4205838675729025
vn -0.16180719458019233 -0.9461884436183053 -0.2802603449388741
vn -0.16724141627864264 -0.9424024387930198 -0.28966869357609604
vn -0.1689434211400307 -0.9411867214202195 -0.29261865264497483
vn -0.16950643325883613 -0.9407817169468735 -0.2935938182972531
vn -0.16953753134406302 -0.9407593020854824 -0.2936476817640434
vn -0.16953903076277427 -0.9407582212178519 -0.29365027883358535
vn -0.16954008118411734 -0.9407574640070295 -0.2936520982168276
vn -0.16949898349531448 -0.9407870858936918 -0.2935809149275724
vn -0.16883741527366947 -0.9412634282414535 -0.2924330450869953
vn -0.1671630744301193 -0.942456806068954 -0.28953700150650236
vn -0.1608458292318622 -0.9468427000999533 -0.2785992112087618
vn -0.188756956856052 -0.9260038887931913 -0.32693670515610435
vn -0.18389374025849592 -0.929910534265954 -0.3185113664454512
vn -0.18287795664029635 -0.9307107878970436 -0.3167539775079926
vn -0.1825274725188893 -0.9309859537135645 -0.31614692116785
vn -0.18249903144082677 -0.9310082561445473 -0.3160976597728132
vn -0.18249798275121912 -0.9310090784111158 -0.31609584338902774
vn -0.18249843099459084 -0.9310087269488365 -0.316096619769366
vn -0.18253646575292704 -0.9309789007209703 -0.31616249790701634
vn -0.18294601729974216 -0.9306572826796755 -0.316871862034869
vn -0.18394857230541342 -0.9298657833522838 -0.3186103383404934
vn -0.19025143713377596 -0.9247804266108356 -0.32952322107252724
vn -0.18723764223992628 -0.9272361736023124 -0.32430717490024186
vn -0.1882234064883522 -0.926436097134476 -0.32601856875975677
vn -0.18855050789588834 -0.9261721120046809 -0.32657912504780723
vn -0.18860596109624148 -0.9261269475110435 -0.3266751728136674
vn -0.18860846226802236 -0.9261249100381178 -0.32667950497051423
vn -0.1886070119279709 -0.9261260914996267 -0.32667699290771546
vn -0.18860596109624148 -0.9261269475110435 -0.3266751728136674
vn -0.18860245309852353 -0.9261298050987068 -0.3266690967830452
vn -0.18854654601349102 -0.9261746330042148 -0.3265742628651115
vn -0.1884053445107368 -0.926290973266248 -0.3263256946752093
vn -0.1878128096998786 -0.9267749766578047 -0.32529139421995584
vn -0.009036996401753008 0.9998366527161567 -0.01565249441417295
vn -0.11163801600889034 0.9747552637754022 -0.1933626880340277
vn -0.1100601564886921 0.9754723450530292 -0.19063175493717857
vn -0.009032265395685848 0.9998367611199078 -0.015648300069787787
vn -0.0933714618202029 0.9824101372960322 -0.1617160853333694
vn -0.009660768311080092 0.9998132554446709 -0.016736899138388384
vn -0.009037496504644386 0.9998366346350267 -0.01565336061785718
vn -0.11164002348544104 0.9747543441073827 -0.19336616508571589
vn -0.11163849501917757 0.9747550443321075 -0.19336351770425586
vn -0.009037496504644386 0.9998366346350267 -0.01565336061785718
vn -0.009037496504644386 0.9998366346350267 -0.01565336061785718
vn -0.11164144754223178 0.9747536917059028 -0.19336863162464837
vn -0.11164144754223178 0.9747536917059028 -0.19336863162464837
vn -0.00903549653139415 0.9998367069376981 -0.015649896562304647
vn -0.009077499816243915 0.9998351850803443 -0.015722648391406135
vn -0.11099593242476244 0.9750485232275135 -0.192250566545336
vn -0.11159344919462241 0.9747756763056831 -0.19328549604056033
vn -0.00903799646140893 0.9998366165581792 -0.015654226568442287
vn -0.009818767916828727 0.9998070976742947 -0.017010562503890058
vn -0.09671933121560783 0.9811103267423805 -0.16753476573136988
vn -0.1085770233043834 0.9761373523508902 -0.18806089268041123
vn -0.009205869340109136 0.9998305221433351 -0.015942990945205675
vn 0.09392881675371269 0.9821965904286484 0.16268753834754898
vn 0.10395086535996155 0.9781500754864996 0.1800462368856129
vn 0.10596947874662505 0.9772828952958447 0.1835445780630408
vn 0.10647049601848986 0.9770650505118685 0.1844123654905403
vn 0.10650854422630956 0.9770484629943001 0.18447826692395988
vn 0.10650796373064891 0.977048716114144 0.18447726147591587
vn 0.10650748371971945 0.9770489254174449 0.1844764300725431
vn 0.10650748371971945 0.9770489254174449 0.1844764300725431
vn 0.10650748371971945 0.9770489254174449 0.1844764300725431
vn 0.10521249142909413 0.9776099968345243 0.18223343748193957
vn 0.09120899476096092 0.9832210634867717 0.15797866815059755
vn -0.24282076655061544 -0.8741560943912765 -0.42058197532747577
vn -0.24282261056846569 -0.8741550077257539 -0.42058316925990086
vn -0.2849482045998655 -0.8217153008842435 -0.4935468417364561
vn -0.28494772244548366 -0.8217135671516957 -0.4935500066173306
vn -0.4258265624311878 -0.5241029357862422 -0.7375553209273726
vn -0.42582520419228687 -0.5240960917441007 -0.7375609683905164
vn -0.28494942375165605 -0.8217148110652966 -0.4935469533686972
vn -0.4258280127409795 -0.5241010368855358 -0.7375558329378016
vn -0.24282310336300036 -0.8741554224314584 -0.4205820228051125
vn -0.2428244571153249 -0.8741539182431428 -0.4205843675730339
vn -0.24282347659397652 -0.8741550077262127 -0.42058266926015775
vn -0.28494942375165605 -0.8217148110652966 -0.4935469533686972
vn -0.28494997356311774 -0.8217140484225723 -0.49354790567012324
vn -0.4258283688359641 -0.5240998795860727 -0.737556449712404
vn -0.4258287280000376 -0.5240987123085814 -0.7375570718028245
vn -0.28494997356311774 -0.8217140484225723 -0.49354790567012324
vn -0.4258285939531409 -0.5240991479592702 -0.7375568396267899
vn -0.2428228832200129 -0.874155667036841 -0.42058164150625466
vn -0.24282310336300036 -0.8741554224314584 -0.4205820228051125
vn -0.28494942375165605 -0.8217148110652966 -0.4935469533686972
vn -0.4258285939531409 -0.5240991479592702 -0.7375568396267899
vn -0.2849484929008359 -0.821716102242224 -0.49354534108771503
vn -0.42582895823295647 -0.524097964053394 -0.7375574705779355
vn -0.2428219026967577 -0.8741567565127888 -0.42057994319007586
vn -0.48956523448996514 0.20322410650685085 -0.8479539160315717
vn -0.4895598694292653 0.20323407876590863 -0.8479546234749671
vn -0.23529358616796778 0.8823535114365637 -0.40754043868527107
vn -0.23529028949233158 0.8823551803553846 -0.4075387286757312
vn -0.48956631965131464 0.2032219949087507 -0.8479537955858056
vn -0.23529337502505343 0.8823537366549027 -0.4075400729749778
vn -0.4895659023855519 0.20322601567855442 -0.8479530728600729
vn -0.4895664214419299 0.20322101404254628 -0.8479539718923792
vn -0.23529437427954555 0.8823526707847936 -0.4075418037347074
vn -0.23529497522385817 0.8823520297755383 -0.40754284460089746
vn -0.48956619934242174 0.2032231542128667 -0.8479535872046238
vn -0.23529337502505343 0.8823537366549027 -0.4075400729749778
vn -0.4895664214419299 0.20322101404254628 -0.8479539718923792
vn -0.23529299837077655 0.8823541384174474 -0.4075394205905657
vn -0.4895659023855519 0.20322601567855442 -0.8479530728600729
vn -0.23529337502505343 0.8823537366549027 -0.4075400729749778
vn 0.022200124809470496 0.9990137438680119 0.03845379072682463
vn 0.0222009908346218 0.999013743868533 0.03845329072703445
vn 0.2669961740101584 0.8454881757885859 0.46245301130560995
vn 0.2669991084677243 0.8454877508819069 0.46245209393632875
vn 0.02220049262993305 0.9990137881543066 0.038452427811136586
vn 0.2669970400358626 0.8454881757890303 0.46245251130578313
vn 0.022201490898216648 0.9990136994165191 0.03845415686265235
vn 0.022201490898216648 0.9990136994165191 0.03845415686265235
vn 0.2669949432494094 0.8454908243549227 0.4624488795649503
vn 0.2669949432494094 0.8454908243549227 0.4624488795649503
vn 0.02220049262993305 0.9990137881543066 0.038452427811136586
vn 0.26699645248779014 0.8454889179561382 0.46245149364262395
vn 0.02220049262993305 0.9990137881543066 0.038452427811136586
vn 0.26699645248779014 0.8454889179561382 0.46245149364262395
vn 0.02220049262993305 0.9990137881543066 0.038452427811136586
vn 0.26699645248779014 0.8454889179561382 0.46245149364262395
vn 0.4483163720077294 0.44277488595928494 0.7765068132048614
vn 0.44831587631762354 0.44277689352911803 0.776505954644435
vn 0.49943327232472295 0.04756098401882397 0.8650458712080997
vn 0.4994314690778021 0.047563974323141085 0.8650467478936478
vn 0.44831587631762354 0.44277689352911803 0.776505954644435
vn 0.4994341146353628 0.04756198013826463 0.8650453301323108
vn 0.4483148847845448 0.442780909253929 0.7765042372588088
vn 0.4483148847845448 0.442780909253929 0.7765042372588088
vn 0.4994340195879501 0.047565972225345914 0.8650451655055247
vn 0.4994341146353628 0.04756198013826463 0.8650453301323108
vn 0.44831558118113957 0.4427780888413288 0.7765054434530625
vn 0.49943404344010167 0.0475649704425086 0.8650452068186226
vn 0.44831587631762354 0.44277689352911803 0.776505954644435
vn 0.49943404344010167 0.0475649704425086 0.8650452068186226
vn 0.44831607687256103 0.44277608127290874 0.7765063020157675
vn 0.4994339958701553 0.04756696834426808 0.8650451244251395
vn 0.4472140992464942 -0.4472080471318133 0.7745995817296164
vn 0.4472122318704518 -0.44721205257148255 0.7745983473389616
vn 0.22360650457489464 -0.8944266221910978 0.3872998174897849
vn 0.22360636924215005 -0.8944276235498324 0.3872975830874012
vn 0.4472156626355088 -0.44720525762401864 0.7746002895990407
vn 0.22360657189799993 -0.8944274208943422 0.38729793409766544
vn 0.44721326654807797 -0.44721484207000584 0.7745961394531331
vn 0.44721316521987287 -0.44721524738123813 0.7745959639475024
vn 0.22360456917951604 -0.894429423599195 0.38729446528714406
vn 0.2236055705393052 -0.8944284222490242 0.3872961996933525
vn 0.44721426790431135 -0.44721083663607236 0.7745978738533144
vn 0.22360657189799993 -0.8944274208943422 0.38729793409766544
vn 0.4472144645982064 -0.4472100498534552 0.7745982145371946
vn 0.2236069772095431 -0.89442701558283 0.38729863611792276
vn 0.44721426790431135 -0.44721083663607236 0.7745978738533144
vn 0.22360597585128333 -0.8944280169393456 0.38729690171436326
vn 0.0049513654437883725 -0.9999509842783588 0.008573973465278554
vn 0.0049535975656617 -0.9999509743709593 0.008573839613995849
vn -0.14204360730739893 -0.9587979142951608 -0.2460288055621753
vn -0.14204100923040813 -0.9587979142879044 -0.24603030556004987
vn 0.004949499276155652 -0.9999510040825924 0.00857274116782679
vn -0.1420444733327785 -0.9587979142956623 -0.24602830556239183
vn 0.004950499418440778 -0.9999509842788806 0.008574473465213409
vn 0.0049509994895610586 -0.9999509743755247 0.008575339613868119
vn -0.14204494669344267 -0.9587976337843984 -0.24602912544716316
vn -0.14204494669344267 -0.9587976337843984 -0.24602912544716316
vn 0.004949999347305643 -0.9999509941812367 0.008573607316532963
vn -0.1420444733327785 -0.9587979142956623 -0.24602830556239183
vn 0.004950499418440778 -0.9999509842788806 0.008574473465213409
vn -0.14204400250880125 -0.9587981933026888 -0.2460274900712913
vn 0.004950499418440778 -0.9999509842788806 0.008574473465213409
vn -0.1420444733327785 -0.9587979142956623 -0.24602830556239183
vn -0.26784710138235773 -0.8444109177982676 -0.4639268608133792
vn -0.2678436372778927 -0.8444109177880471 -0.463928860807448
vn -0.4025264220325927 -0.5932006562838492 -0.6971982938519355
vn -0.4025209823209923 -0.5931989666832179 -0.6972028719944473
vn -0.26784889006337526 -0.8444097471267161 -0.46392795890010047
vn -0.40252709704410683 -0.5932011747473044 -0.6971974630071901
vn -0.26784889006337526 -0.8444097471267161 -0.46392795890010047
vn -0.26784889006337526 -0.8444097471267161 -0.46392795890010047
vn -0.40252709704410683 -0.5932011747473044 -0.6971974630071901
vn -0.402527288057773 -0.5932006562841676 -0.6971977938525676
vn -0.26784947683313637 -0.8444090026260993 -0.46392897521518467
vn -0.4025266798097138 -0.5932023072327022 -0.6971967403360166
vn -0.267849853160636 -0.844408525135982 -0.4639296270335635
vn -0.40252685659135445 -0.5932018274005981 -0.6971970465308026
vn -0.26784947683313637 -0.8444090026260993 -0.46392897521518467
vn -0.40252709704410683 -0.5932011747473044 -0.6971974630071901
vn -0.4933648634012861 -0.16237093917984538 -0.8545330828416682
vn -0.4933614796514652 -0.16236996253115205 -0.8545352220147214
vn -0.47723909357118627 0.29827504153461015 -0.8266044079031268
vn -0.4772396292247116 0.2982771559080497 -0.8266033356821545
vn -0.4933644501165178 -0.16237596217036082 -0.8545323670116162
vn -0.4772407184361998 0.2982701849193472 -0.826605222252242
vn -0.49336460963860457 -0.16237402338583712 -0.8545326433119118
vn -0.49336453047466267 -0.16237498552407545 -0.8545325061959739
vn -0.47724009853270416 0.29827415234366744 -0.8266041485476356
vn -0.47724009853270416 0.29827415234366744 -0.8266041485476356
vn -0.49336460963860457 -0.16237402338583712 -0.8545326433119118
vn -0.4772399595968267 0.29827504153473744 -0.8266039079035797
vn -0.4933641971317438 -0.1623790368241462 -0.8545319288292348
vn -0.47724009853270416 0.29827415234366744 -0.8266041485476356
vn -0.4933640372269188 -0.16238098019870376 -0.854531651866017
vn -0.4772405752599513 0.29827110126217027 -0.8266049742636461
vn -0.3496402347981012 0.7148440120411739 -0.6055986663287881
vn -0.34963908200510974 0.7148479617706256 -0.60559466963226
vn -0.21307017456985916 0.9046562523374083 -0.3690503567477008
vn -0.21306914927745385 0.9046572182711842 -0.36904858088878334
vn -0.3496435559129051 0.7148425974408649 -0.6055984186675003
vn -0.2130713025108246 0.9046568214733144 -0.3690483103987071
vn -0.34964094254390515 0.7148460160559749 -0.605595892180512
vn -0.34964094254390515 0.7148460160559749 -0.605595892180512
vn -0.2130704364857238 0.9046568214737885 -0.36904881039873977
vn -0.2130710405955769 0.9046562523378388 -0.369049856747804
vn -0.3496424641037368 0.7148430391802425 -0.6055985275997798
vn -0.21307001530308492 0.9046572182716148 -0.36904808088893665
vn -0.34964094254390515 0.7148460160559749 -0.605595892180512
vn -0.2130704364857238 0.9046568214737885 -0.36904881039873977
vn -0.34963994803057014 0.7148479617709612 -0.6055941696326695
vn -0.21307190662108158 0.9046562523373647 -0.36904935674753814
vn -0.11173257079235555 0.974711530208801 -0.19352846173663785
vn -0.11597514689747702 0.9727272323657031 -0.20087681975844807
vn 0.0225787305804649 0.9989800362847642 0.039103555207497684
vn -0.011056770508443234 0.9997553899321179 -0.019154846060524762
vn -0.11086653106829364 0.9751074093955889 -0.19202643680156714
vn 0.03068200992300398 0.9981154502346777 0.05314284777758093
vn -0.11054397487706923 0.9752538793380465 -0.19146775304073788
vn -0.11054397487706923 0.9752538793380465 -0.19146775304073788
vn 0.0336564938638128 0.9977319059126991 0.058294805468480225
vn 0.0336564938638128 0.9977319059126991 0.058294805468480225
vn -0.11054397487706923 0.9752538793380465 -0.19146775304073788
vn 0.0336564938638128 0.9977319059126991 0.058294805468480225
vn -0.11057544336973768 0.9752396095247264 -0.1915222580736893
vn 0.03341998742160421 0.9977637055930877 0.057885164264170015
vn -0.11092448562428164 0.9750810451756237 -0.19212681704593432
vn 0.030156482878430552 0.9981795135066239 0.05223260816848405
vn 0.04803299299955443 0.9953749635342168 0.08319563421695529
vn 0.047186492413601754 0.9955369061944005 0.08172945208786302
vn -0.06740999850098421 0.9908701107750701 -0.1167575080014024
vn -0.06368459208861622 0.9918560491522477 -0.11029891427661616
vn 0.0454411499315082 0.9958614787898283 0.07870843001507709
vn 0.0699668992697338 0.990160120893359 0.12119227697764948
vn -0.06860947542439823 0.9905407450722511 -0.11883506314930209
vn 0.03949199172106736 0.996875881782343 0.06840218498395617
vn 0.04681098868032405 0.9956078129905234 0.08107906049651639
vn 0.0466629799367376 0.9956356046138972 0.08082270181417596
vn 0.04666198656355924 0.9956357908397759 0.08082098124123613
vn -0.06902801692993105 0.9904244240073142 -0.11955999836275119
vn -0.06902801692993105 0.9904244240073142 -0.11955999836275119
vn 0.037328010770401515 0.9972093421989273 0.06465405975735487
vn 0.03732750992638748 0.9972094171897858 0.06465319227001252
vn -0.06902801692993105 0.9904244240073142 -0.11955999836275119
vn 0.037328010770401515 0.9972093421989273 0.06465405975735487
vn 0.04666247955731453 0.9956356984196253 0.08082183513152966
vn 0.04666198656355924 0.9956357908397759 0.08082098124123613
vn -0.0689965024917351 0.9904332076058124 -0.1195054137500455
vn 0.037516497707670036 0.997181048398592 0.06498052873311672
vn -0.06853298912273793 0.990561924223584 -0.11870258497763778
vn 0.039889477539075374 0.9968125759500553 0.0690906506661699
vn 0.0468295086444385 0.9956043292441058 0.0811111380176296
vn 0.30314202987153144 0.7952481122452713 0.5250574727548404
vn 0.3031422635386609 0.7952464354639841 0.5250598774792112
vn 0.40117790637742845 0.5968459091581533 0.6948605962031525
vn 0.40117514413821614 0.5968510073850273 0.6948578118645279
vn 0.4778911072616554 0.294080843897459 0.8277297547223896
vn 0.4778887305205442 0.2940850344304452 0.8277296380857136
vn 0.401177497200153 0.596847009292445 0.6948598874873159
vn 0.47789052250067193 0.29407901564252464 0.8277307418857648
vn 0.303142333299776 0.7952476495874522 0.5250579983079965
vn 0.3031434518397369 0.7952459440666673 0.5250599356761134
vn 0.3031428925700692 0.7952467968278268 0.5250589669925967
vn 0.4011764193438035 0.5968499072553419 0.6948580205853384
vn 0.40117706313391316 0.5968481763409962 0.6948591356625278
vn 0.4778895965463927 0.2940850344306142 0.8277291380860473
vn 0.47788945220665063 0.2940859726400815 0.8277288880823023
vn 0.4011764193438035 0.5968499072553419 0.6948580205853384
vn 0.47788991808728404 0.2940829444004902 0.8277296950111594
vn 0.3031431295646475 0.7952464354644035 0.5250593774792632
vn 0.3031428925700692 0.7952467968278268 0.5250589669925967
vn 0.4011764193438035 0.5968499072553419 0.6948580205853384
vn 0.477890063392047 0.29408199990772155 0.8277299466863695
vn 0.40117601016386456 0.5968510073853476 0.6948573118648884
vn 0.47788991808728404 0.2940829444004902 0.8277296950111594
vn 0.30314202987153144 0.7952481122452713 0.5250574727548404
vn 0.4990086897799007 -0.06293806515938227 0.8643084677811158
vn 0.49900872312532907 -0.06293700762380615 0.8643085255371427
vn 0.4576575897061599 -0.40273819495957985 0.7926862411478122
vn 0.4576602241495594 -0.4027340931397703 0.7926868041378395
vn 0.49900859547241694 -0.06294105598312473 0.864308304435619
vn 0.4576575897061599 -0.40273819495957985 0.7926862411478122
vn 0.49900859547241694 -0.06294105598312473 0.864308304435619
vn 0.4990086897799007 -0.06293806515938227 0.8643084677811158
vn 0.4576575897061599 -0.40273819495957985 0.7926862411478122
vn 0.4576575897061599 -0.40273819495957985 0.7926862411478122
vn 0.4990085641150107 -0.0629420504057376 0.8643082501229505
vn 0.45765741304952523 -0.4027389979444406 0.7926859351694868
vn 0.4990085641150107 -0.0629420504057376 0.8643082501229505
vn 0.4576575897061599 -0.40273819495957985 0.7926862411478122
vn 0.4990085327549859 -0.06294304489561268 0.8643081958057467
vn 0.45765741304952523 -0.4027389979444406 0.7926859351694868
vn 0.32169114228783446 -0.7655465068882853 0.5571834121406457
vn 0.3216922114253791 -0.7655447098342896 0.5571852639409826
vn 0.15479289864636983 -0.9508715188471989 0.26810914414446174
vn 0.15479304214927278 -0.9508714254034834 0.2681093926988039
vn 0.32168996670699934 -0.7655470272026246 0.5571833759735423
vn 0.15479304214927278 -0.9508714254034834 0.2681093926988039
vn 0.321692429214117 -0.7655428881017782 0.5571876411614928
vn 0.321692429214117 -0.7655428881017782 0.5571876411614928
vn 0.1547924593644389 -0.9508718048905439 0.2681083832857675
vn 0.15479304214927278 -0.9508714254034834 0.2681093926988039
vn 0.32169158787916124 -0.7655443022642694 0.5571861839264294
vn 0.15479304214927278 -0.9508714254034834 0.2681093926988039
vn 0.32169134540049765 -0.7655447098346942 0.5571857639410142
vn 0.15479304214927278 -0.9508714254034834 0.2681093926988039
vn 0.32169134540049765 -0.7655447098346942 0.5571857639410142
vn 0.15479304214927278 -0.9508714254034834 0.2681093926988039
vn 0.06088249081941823 -0.9925589638342883 0.10545153210753977
vn 0.060883727548922004 -0.9925590853615998 0.10544967418580861
vn 0.015950366802438793 -0.9994910985073285 0.027624804134710464
vn 0.01595073224670799 -0.9994911304576144 0.02762343710246791
vn 0.06088249081941823 -0.9925589638342883 0.10545153210753977
vn 0.015949500776978466 -0.9994910985078502 0.027625304134723108
vn 0.06088199549820482 -0.9925590853636286 0.10545067418596081
vn 0.06088249081941823 -0.9925589638342883 0.10545153210753977
vn 0.015949500776978466 -0.9994910985078502 0.027625304134723108
vn 0.015949500776978466 -0.9994910985078502 0.027625304134723108
vn 0.06088199549820482 -0.9925590853636286 0.10545067418596081
vn 0.015949500776978466 -0.9994910985078502 0.027625304134723108
vn 0.06088199549820482 -0.9925590853636286 0.10545067418596081
vn 0.015949500776978466 -0.9994910985078502 0.027625304134723108
vn 0.06088199549820482 -0.9925590853636286 0.10545067418596081
vn 0.015949500776978466 -0.9994910985078502 0.027625304134723108
vn -0.003301134121462331 -0.9999781930992617 -0.005719776171118227
vn -0.0033020001469850884 -0.9999781930997836 -0.005719276171091773
vn -0.00943576502714555 -0.9998218506922671 -0.016347269394080127
vn -0.009437497077617693 -0.9998218506943105 -0.01634626939439422
vn -0.0033020001469850884 -0.9999781930997836 -0.005719276171091773
vn -0.00943799701956797 -0.9998218318176048 -0.016347135319318647
vn -0.0033020001469850884 -0.9999781930997836 -0.005719276171091773
vn -0.0033025000124874745 -0.9999781864968775 -0.0057201419636050965
vn -0.00943799701956797 -0.9998218318176048 -0.016347135319318647
vn -0.00943799701956797 -0.9998218318176048 -0.016347135319318647
vn -0.0033020001469850884 -0.9999781930997836 -0.005719276171091773
vn -0.00943799701956797 -0.9998218318176048 -0.016347135319318647
vn -0.0033020001469850884 -0.9999781930997836 -0.005719276171091773
vn -0.00943799701956797 -0.9998218318176048 -0.016347135319318647
vn -0.0033020001469850884 -0.9999781930997836 -0.005719276171091773
vn -0.00943799701956797 -0.9998218318176048 -0.016347135319318647
vn -0.01601050196798167 -0.9994871948982982 -0.02773104868310256
vn -0.015892992208265164 -0.9994946966707238 -0.027527515793576422
vn -0.04640788085911944 -0.9956834576844604 -0.08037885721807281
vn -0.0427626262959327 -0.9963358508064696 -0.07406909065205816
vn -0.01605400510793223 -0.9994844036459465 -0.027806398337453703
vn -0.047491486711668716 -0.9954788930766455 -0.08225771774619088
vn -0.016071502916240602 -0.9994832788119387 -0.027836705432744586
vn -0.016071502916240602 -0.9994832788119387 -0.027836705432744586
vn -0.047901013747233386 -0.9954004034810406 -0.08296703942993668
vn -0.047901013747233386 -0.9954004034810406 -0.08296703942993668
vn -0.016071502916240602 -0.9994832788119387 -0.027836705432744586
vn -0.047901013747233386 -0.9954004034810406 -0.08296703942993668
vn -0.016069504448248065 -0.9994834073440606 -0.02783324398438385
vn -0.04786050342907947 -0.99540819796512 -0.08289687349561234
vn -0.016055503043232017 -0.9994843074002622 -0.027808992837694543
vn -0.04752848574337084 -0.9954718298204442 -0.08232180195354544
vn -0.000003928203186074844 -0.9999999999504011 0.000009152440544743053
vn 0.00015086600841447985 -0.9999999550108377 0.00025926390049486295
vn 0.10978640586968347 -0.9755965106665838 0.1901536049129836
vn 0.0991406073542448 -0.9801462292122601 0.17171053938072378
vn 0.04542262500756064 -0.9958648662077281 0.07867625684084116
vn 0.04199936046285917 -0.9964660111527288 0.07274298823997039
vn 0.11309395430990084 -0.9740836929023085 0.19588444736719532
vn 0.046456008936221274 -0.9956743257430212 0.08046413045511576
vn 0.0004910002159894942 -0.9999995178745766 0.0008503936746008456
vn 0.0005650001631016015 -0.9999993615921293 0.0009785653526122055
vn 0.0005645001600405996 -0.9999993627215998 0.0009776993218400137
vn 0.11361843444270715 -0.9738395228278053 0.1967928736852545
vn 0.11361795584771603 -0.9738397461791461 0.19679204473434023
vn 0.04684600400998232 -0.9956012322630174 0.08113962179267246
vn 0.04684600400998232 -0.9956012322630174 0.08113962179267246
vn 0.11361901243035025 -0.9738392530904483 0.1967938747893072
vn 0.04684600400998232 -0.9956012322630174 0.08113962179267246
vn 0.0005650001631016015 -0.9999993615921293 0.0009785653526122055
vn 0.0005645001600405996 -0.9999993627215998 0.0009776993218400137
vn 0.11358051723022757 -0.9738572150083786 0.19672719914093856
vn 0.04680647891903379 -0.9956086681879889 0.08107116232139025
vn 0.11315349177644664 -0.9740560353394903 0.1959875692933396
vn 0.046490492958234826 -0.9956678875361132 0.08052385853816359
vn 0.0005040001831816104 -0.9999994920056002 0.0008729102800056678
vn -0.00006649998879364303 -0.9999999911504663 -0.00011522507953422046
vn -0.00006563396343294533 -0.9999999911499444 -0.00011572507947084656
vn -0.010771131886472394 -0.9997679003442191 -0.018658192816984383
vn -0.010669501359283348 -0.999772296723246 -0.018480163567187836
vn -0.031044483990597862 -0.9980706161985622 -0.05377067132536307
vn -0.028953993458753696 -0.9983219221712845 -0.050149835244220474
vn -0.01081250026154371 -0.9997661514882465 -0.018727844950093036
vn -0.031700003063836295 -0.9979881933015657 -0.05490606374918533
vn -0.00006649998879364303 -0.9999999911504663 -0.00011522507953422046
vn -0.00006649998879364303 -0.9999999911504663 -0.00011522507953422046
vn -0.00006649998879364303 -0.9999999911504663 -0.00011522507953422046
vn -0.01082849224671753 -0.9997654591599546 -0.01875554388302615
vn -0.01082849224671753 -0.9997654591599546 -0.01875554388302615
vn -0.031949009102782096 -0.9979564308981285 -0.055337354891783756
vn -0.031949009102782096 -0.9979564308981285 -0.055337354891783756
vn -0.01082849224671753 -0.9997654591599546 -0.01875554388302615
vn -0.031949009102782096 -0.9979564308981285 -0.055337354891783756
vn -0.00006649998879364303 -0.9999999911504663 -0.00011522507953422046
vn -0.00006649998879364303 -0.9999999911504663 -0.00011522507953422046
vn -0.010825494435183401 -0.9997655890197874 -0.018750351520744217
vn -0.03191100665488366 -0.9979612945026752 -0.05527153271636638
vn -0.010806503702785814 -0.9997664108285979 -0.01871745860486702
vn -0.031613500212408135 -0.9979991689270772 -0.05475623640447892
vn -0.00006649998879364303 -0.9999999911504663 -0.00011522507953422046
vn -0.013105404208145967 -0.9996563004512503 -0.022705271384872477
vn -0.012822866595917188 -0.9996711375186609 -0.022207901846183334
vn 0.05872985098955578 -0.9930778582468869 0.10172105024291
vn 0.05465498010106975 -0.9940077159910141 0.09466516624650916
vn 0.015849506307817084 -0.9994974611684164 0.027452108620072926
vn 0.012476494033353021 -0.9996886266250026 0.021609879528863913
vn 0.0599184692591658 -0.9927935915983691 0.10378179764702936
vn 0.016798505093109106 -0.9994354623079206 0.029095822861535954
vn -0.012482002348444765 -0.9996883496911501 -0.021619507606747815
vn -0.012409497652082083 -0.9996919603170838 -0.021493925779368185
vn -0.012408997839994636 -0.9996919851339369 -0.02149306007937305
vn 0.060105513147646526 -0.9927483651593814 0.10410576719199455
vn 0.060105021402145714 -0.9927484842489245 0.1041049154637321
vn 0.017152503957571282 -0.9994114112276337 0.02970896692877256
vn 0.017153004419351647 -0.9994113768702534 0.029709833754071508
vn 0.06010600856454435 -0.9927482451797099 0.10410662527930369
vn 0.017152503957571282 -0.9994114112276337 0.02970896692877256
vn -0.012408997839994636 -0.9996919851339369 -0.02149306007937305
vn -0.012408997839994636 -0.9996919851339369 -0.02149306007937305
vn 0.06008501031717744 -0.9927533296385512 0.1040702552449773
vn 0.01710349543953436 -0.9994147708676484 0.02962408167885937
vn 0.05985449462885572 -0.9928090275763957 0.10367099032774746
vn 0.016676492664287113 -0.9994436356119392 0.028884491119064996
vn -0.012500003809283322 -0.999687449983675 -0.02165068705388722
vn 0.007905999008841376 -0.9998749831288166 0.01369354931421762
vn 0.007905999008841376 -0.9998749831288166 0.01369354931421762
vn 0.015281496123158812 -0.9995328437375818 0.02646828604388285
vn 0.015334991283028523 -0.999529566537137 0.026560942385999344
vn -0.017086497287851114 -0.9994159312925652 -0.029594727385916255
vn -0.013027871244467764 -0.9996605356264905 -0.02256298033938458
vn 0.015263996502904218 -0.9995339133045076 0.026437975810112882
vn -0.018169488530765717 -0.9993395198052025 -0.031470523383596086
vn 0.007905999008841376 -0.9998749831288166 0.01369354931421762
vn 0.007905999008841376 -0.9998749831288166 0.01369354931421762
vn 0.007906499003941471 -0.9998749673145324 0.01369441533120176
vn 0.015257503028542974 -0.9995343098699672 0.026426728781719984
vn 0.015257503028542974 -0.9995343098699672 0.026426728781719984
vn -0.01857800747526811 -0.9993094753792305 -0.03217809900438678
vn -0.01857800747526811 -0.9993094753792305 -0.03217809900438678
vn 0.015257503028542974 -0.9995343098699672 0.026426728781719984
vn -0.01857800747526811 -0.9993094753792305 -0.03217809900438678
vn 0.007906499003941471 -0.9998749673145324 0.01369441533120176
vn 0.007906499003941471 -0.9998749673145324 0.01369441533120176
vn 0.015257503028542974 -0.9995343098699672 0.026426728781719984
vn -0.01857800747526811 -0.9993094753792305 -0.03217809900438678
vn 0.015257503028542974 -0.9995343098699672 0.026426728781719984
vn -0.01857800747526811 -0.9993094753792305 -0.03217809900438678
vn 0.007905999008841376 -0.9998749831288166 0.01369354931421762
vn 0.022564001944378 -0.9989812142595345 0.0390819571260209
vn 0.025548856941431948 -0.9986937489551218 0.04424987804447021
vn -0.005825000067115332 -0.9999321359968691 -0.010089240554032501
vn -0.005914999415484771 -0.9999300226595537 -0.010245124009942458
vn -0.013103359268457829 -0.9996565893444653 -0.022693729443897342
vn -0.013102493243415076 -0.9996565893449432 -0.0226942294436656
vn -0.005791998836729977 -0.9999329028017143 -0.010032080741934034
vn -0.013102505342292781 -0.9996565887106222 -0.02269425039953809
vn 0.026398503340947153 -0.9986052672381802 0.04572350889335478
vn 0.026721494732424227 -0.9985709041366342 0.046282946438290715
vn 0.026721494732424227 -0.9985709041366342 0.046282946438290715
vn -0.005778500452864979 -0.9999332151897655 -0.010008700853476889
vn -0.005778000865102207 -0.9999332267375491 -0.010007835542022942
vn -0.013102493243415076 -0.9996565893449432 -0.0226942294436656
vn -0.013102493243415076 -0.9996565893449432 -0.0226942294436656
vn -0.005778500452864979 -0.9999332151897655 -0.010008700853476889
vn -0.013102493243415076 -0.9996565893449432 -0.0226942294436656
vn 0.02672199381906118 -0.9985708507144572 0.04628381088177205
vn 0.026721494732424227 -0.9985709041366342 0.046282946438290715
vn -0.005778500452864979 -0.9999332151897655 -0.010008700853476889
vn -0.013102493243415076 -0.9996565893449432 -0.0226942294436656
vn -0.005778500452864979 -0.9999332151897655 -0.010008700853476889
vn -0.013102493243415076 -0.9996565893449432 -0.0226942294436656
vn 0.026721494732424227 -0.9985709041366342 0.046282946438290715
vn -0.02201999127528882 -0.9990297675156334 -0.03813979027073261
vn -0.02186750238451515 -0.9990431651482119 -0.037875671744613065
vn -0.062017484912536246 -0.9922778417202495 -0.10741748645414834
vn -0.057813967273369155 -0.9932925905874347 -0.10013677981749207
vn -0.02206900787001701 -0.9990254411192598 -0.038224689509550554
vn -0.06312797471102632 -0.9919976935032615 -0.10934091134197393
vn -0.02208799305756149 -0.9990237628227382 -0.038257572821422274
vn -0.022088491272209437 -0.9990237187609367 -0.03825843575456997
vn -0.06354598873984516 -0.9918909304224839 -0.11006493292913308
vn -0.06354648023279995 -0.9918908044709696 -0.11006578421996228
vn -0.02208799305756149 -0.9990237628227382 -0.038257572821422274
vn -0.06354598873984516 -0.9918909304224839 -0.11006493292913308
vn -0.02208250326074774 -0.9990242482711033 -0.038248064213708174
vn -0.06345051759855154 -0.9919153773783713 -0.10989957205011797
vn -0.02204349069572163 -0.9990276945676536 -0.03818049246390768
vn -0.06257701376446005 -0.9921373182109988 -0.10838661892230847
vn -0.000844999536475527 -0.9999985718864063 -0.001463625953340213
vn 0.00027136595097334735 -0.9999998536795096 0.00046797593954983716
vn 0.11554645218635995 -0.9729316936021913 0.2001322986714455
vn 0.10996553450249687 -0.9755154204595949 0.19046586483441008
vn 0.05406997901632447 -0.9941356830272639 0.09365191456179368
vn 0.050898011098379825 -0.9948052956923228 0.0881579045164955
vn 0.11670750811414111 -0.9723772113244539 0.2021433067075583
vn 0.0549579865758137 -0.9939408864338631 0.09518998889903758
vn 0.0006070001371410355 -0.9999992631472658 0.0010513114471593268
vn 0.0006904999566443263 -0.9999990464713322 0.001195937388084653
vn 0.0006899999538770194 -0.9999990478518034 0.001195071357821145
vn 0.11692353268452345 -0.9722733982419531 0.20251747227243314
vn 0.11692294186150447 -0.9722736824456669 0.20251644893685491
vn 0.055294505008832484 -0.9938662273037715 0.09577285597076161
vn 0.055294505008832484 -0.9938662273037715 0.09577285597076161
vn 0.11692294186150447 -0.9722736824456669 0.20251644893685491
vn 0.055294505008832484 -0.9938662273037715 0.09577285597076161
vn 0.0006899999538770194 -0.9999990478518034 0.001195071357821145
vn 0.0006894999511076424 -0.9999990492312745 0.0011942053275540512
vn 0.11688202466551469 -0.9722933611568823 0.20244557826819135
vn 0.05521246691642017 -0.9938844705959129 0.09563076181483125
vn 0.11641598201891613 -0.9725169856702404 0.20163836865398635
vn 0.05451101056896271 -0.9940393381259642 0.09441580368161413
vn 0.0004975001997116681 -0.999999505024588 0.000861651977521692
vn 0.006876270046814486 -0.9999053822058351 0.01191400629704982
vn 0.006877136072513026 -0.9999053822073131 0.011913506296941887
vn -0.011641230635366704 -0.9997290065124834 -0.02015924817191882
vn -0.011642096660923765 -0.9997290065100061 -0.02015874817180155
vn -0.06608285175247092 -0.9912278611483359 -0.1144569088677313
vn -0.06608198572723327 -0.9912278611488096 -0.11445740886767324
vn -0.011639998890095348 -0.9997289832143637 -0.020161114726448465
vn -0.06608198572723327 -0.9912278611488096 -0.11445740886767324
vn 0.006878002098204693 -0.9999053822077911 0.011913006296822041
vn 0.006878002098204693 -0.9999053822077911 0.011913006296822041
vn 0.006878002098204693 -0.9999053822077911 0.011913006296822041
vn -0.011639498584611477 -0.9997290065144392 -0.02016024817186552
vn -0.011639498584611477 -0.9997290065144392 -0.02016024817186552
vn -0.06608198572723327 -0.9912278611488096 -0.11445740886767324
vn -0.06608198572723327 -0.9912278611488096 -0.11445740886767324
vn -0.011639498584611477 -0.9997290065144392 -0.02016024817186552
vn -0.06608198572723327 -0.9912278611488096 -0.11445740886767324
vn 0.006878002098204693 -0.9999053822077911 0.011913006296822041
vn 0.006878002098204693 -0.9999053822077911 0.011913006296822041
vn -0.011639498584611477 -0.9997290065144392 -0.02016024817186552
vn -0.06608198572723327 -0.9912278611488096 -0.11445740886767324
vn -0.011639998890095348 -0.9997289832143637 -0.020161114726448465
vn -0.06608198572723327 -0.9912278611488096 -0.11445740886767324
vn 0.006878002098204693 -0.9999053822077911 0.011913006296822041
vn -0.17829349467363964 -0.9342621040957964 -0.3088134560014446
vn -0.1782924681599688 -0.9342628876880748 -0.3088116780275097
vn -0.3363361608129774 -0.7399404421164132 -0.5825513960588834
vn -0.3363347770890085 -0.7399413833827376 -0.582550999379563
vn -0.17829349467363964 -0.9342621040957964 -0.3088134560014446
vn -0.3363361608129774 -0.7399404421164132 -0.5825513960588834
vn -0.17829349467363964 -0.9342621040957964 -0.3088134560014446
vn -0.17829349467363964 -0.9342621040957964 -0.3088134560014446
vn -0.3363361608129774 -0.7399404421164132 -0.5825513960588834
vn -0.33633644117058026 -0.7399399323754784 -0.5825518816525109
vn -0.1782930808514074 -0.9342624199888558 -0.3088127392402718
vn -0.33633591012266073 -0.7399408979161873 -0.5825509618505045
vn -0.17829349467363964 -0.9342621040957964 -0.3088134560014446
vn -0.33633564311499764 -0.7399413833831293 -0.5825504993796518
vn -0.1782939468771162 -0.9342624199884108 -0.30881223923992834
vn -0.3363353939077581 -0.7399418364851327 -0.5825500677400377
vn -0.45397973052778945 -0.41905411104338564 -0.7863180376206267
vn -0.4539849991935072 -0.41905004395604867 -0.7863171632157756
vn -0.49872867083197764 -0.07124097279539844 -0.8638254665644757
vn -0.4987397868538723 -0.07124495662065293 -0.8638187200825619
vn -0.45397993712691725 -0.419056968581291 -0.786316395460313
vn -0.4987296078392723 -0.07123898511560424 -0.8638250895083937
vn -0.45398021712220654 -0.4190557552620238 -0.786316880426364
vn -0.4539794682857069 -0.41905900022762127 -0.7863155834035425
vn -0.49872957232986703 -0.07123997948463968 -0.8638250280043385
vn -0.49872946557173115 -0.07124296894618085 -0.8638248430939394
vn -0.45398021712220654 -0.4190557552620238 -0.786316880426364
vn -0.4987295013473553 -0.07124196716442321 -0.8638249050590993
vn -0.4539797530797663 -0.41905776612079587 -0.7863160766813068
vn -0.4987295013473553 -0.07124196716442321 -0.8638249050590993
vn -0.45398021712220654 -0.4190557552620238 -0.786316880426364
vn -0.4987296078392723 -0.07123898511560424 -0.8638250895083937
vn -0.48259079030463525 0.26158702505109394 -0.8358698208680978
vn -0.48259623978176946 0.26158515558303247 -0.8358672596334288
vn -0.4188073603721295 0.5462640707067905 -0.7253936586109474
vn -0.41880673725368034 0.5462659816167361 -0.7253925793384095
vn -0.4825895119801399 0.2615900675620311 -0.8358696067447736
vn -0.41880587122863544 0.546265981617031 -0.7253930793386475
vn -0.48258938719235045 0.26159098841013306 -0.8358693906059255
vn -0.4825892583253605 0.2615919393562797 -0.8358691674016927
vn -0.4188061107530083 0.5462652470713839 -0.725393494207095
vn -0.4188061107530083 0.5462652470713839 -0.725393494207095
vn -0.48258922650413655 0.26159217417356445 -0.8358691122857016
vn -0.4188055190561712 0.5462670616162603 -0.7253924693579523
vn -0.4825889728472973 0.26159404596683256 -0.8358686729390528
vn -0.41880587122863544 0.546265981617031 -0.7253930793386475
vn -0.4825895119801399 0.2615900675620311 -0.8358696067447736
vn -0.4188055190561712 0.5462670616162603 -0.7253924693579523
vn -0.31415249840960197 0.7779671088660004 -0.5441280963759195
vn -0.3141510970916363 0.7779693723342436 -0.5441256692217199
vn -0.16232310003566763 0.9458349387010344 -0.28115383676418315
vn -0.1623244208871509 0.9458346264724077 -0.2811541245463996
vn -0.3141533385044528 0.7779657519011494 -0.5441295514630554
vn -0.16232590951947193 0.9458336045490584 -0.2811567029334561
vn -0.3141541314258123 0.7779644711278727 -0.5441309248432981
vn -0.3141535882443137 0.7779653485071943 -0.5441299840252342
vn -0.1623250181705262 0.9458342164477525 -0.2811551590716495
vn -0.16232457249582588 0.9458345223958472 -0.2811543871403522
vn -0.3141538816862596 0.7779648745224821 -0.5441304922816532
vn -0.16232651098146333 0.9458331916516173 -0.2811577446962822
vn -0.3141538816862596 0.7779648745224821 -0.5441304922816532
vn -0.16232547299635067 0.9458339042165986 -0.28115594685316025
vn -0.31415304159232843 0.7779662314897241 -0.5441290371961102
vn -0.16232547299635067 0.9458339042165986 -0.28115594685316025
vn -0.012462003683120991 0.9996893495839709 -0.021584781504082388
vn -0.01563286651314119 0.9995111627666601 -0.027074877459031647
vn 0.10108752628247633 0.9793493903701415 0.17508878779556994
vn 0.08513736198534369 0.9853957239345524 0.14746829098377773
vn -0.011718502473554597 0.9997253165293609 -0.02029699953309676
vn 0.10495352592502687 0.9777213350269823 0.18178489604188738
vn -0.01143700291088049 0.9997383565357 -0.019809427950200895
vn -0.011436503052420959 0.99973837940868 -0.019808562169884865
vn 0.10636901735546903 0.9771092608470355 0.18423659927873032
vn 0.10636901735546903 0.9771092608470355 0.18423659927873032
vn -0.011436503052420959 0.99973837940868 -0.019808562169884865
vn 0.10636853548207748 0.9771094706753283 0.1842357646494784
vn -0.011464498932747381 0.9997370968068506 -0.019857052460794992
vn 0.10625900386982381 0.9771571395934103 0.18404605031952578
vn -0.011722500771369113 0.9997251290298971 -0.02030392478859564
vn 0.1049504549637608 0.9777226536168913 0.18177957698059538
vn 0.38518176557196626 0.637596463093472 0.6671624672608296
vn 0.3565155903108091 0.7011287320962248 0.6175071942046306
vn 0.4512267280566276 0.4307799715003579 0.7815516976128075
vn 0.45246167721644726 0.4255560189030242 0.7836966922387054
vn 0.49100102805962653 0.18885188127683405 0.8504428007706283
vn 0.49099793318675145 0.18884804124015045 0.8504454402994333
vn 0.45092956954686947 0.4320300568074828 0.7810330039909953
vn 0.491002556462587 0.1888539991529897 0.8504414480439713
vn 0.3488791245017261 0.7163332548387824 0.604276447082778
vn 0.34598094651515887 0.7219339620655129 0.5992566554197503
vn 0.3459799264628805 0.721935917467059 0.5992548886373276
vn 0.45081616660960294 0.43250319359275946 0.7808365843475105
vn 0.450815491932147 0.43250600655977395 0.7808354157719111
vn 0.49100225948941567 0.18885708753533126 0.8504409336714459
vn 0.4910021668038142 0.18885805141159642 0.8504407731353045
vn 0.4508150078300386 0.4325080249374364 0.7808345772824871
vn 0.4910029447312789 0.18884996126085188 0.8504421205449478
vn 0.3459781310049678 0.721939359264939 0.5992517788129114
vn 0.3461830944057872 0.7215462338020773 0.5996067858469181
vn 0.4508262264907528 0.4324612477490918 0.7808540085722855
vn 0.4910032220306086 0.18884707736604964 0.8504426008413868
vn 0.4509308250146994 0.4320248152108631 0.7810351785250021
vn 0.491002556462587 0.1888539991529897 0.8504414480439713
vn 0.34886746914444783 0.7163559603542731 0.6042562594112327
vn 0.48834320814032056 -0.21465503366132052 0.8458393036428828
vn 0.4883425518518774 -0.2146531250043865 0.8458401669208242
vn 0.353552361650459 -0.7071088250825678 0.6123706696615486
vn 0.3535571835107959 -0.7071078415991215 0.612369021372689
vn 0.4883454864304971 -0.2146500627817097 0.8458392497577595
vn 0.35355310670981877 -0.7071073349691801 0.6123719601423787
vn 0.4883454864304971 -0.2146500627817097 0.8458392497577595
vn 0.48834494019203134 -0.21465503366170607 0.8458383036446936
vn 0.3535553567793845 -0.7071028348080277 0.6123758573776834
vn 0.353554119987914 -0.7071053084101623 0.6123737151917452
vn 0.4883445165068742 -0.21465100828470993 0.8458395698003401
vn 0.35355398411713607 -0.7071038480915183 0.6123754798561638
vn 0.4883454864304971 -0.2146500627817097 0.8458392497577595
vn 0.35355435840595145 -0.7071048315717341 0.6123741281439522
vn 0.4883463524556829 -0.2146500627815805 0.8458387497573597
vn 0.35355473269364524 -0.7071058150500432 0.612372776429798
vn 0.16459875970901267 -0.944262296707878 0.28508939530999416
vn 0.16460031657176627 -0.9442630226811252 0.2850860918767857
vn 0.015617865458287696 -0.9995121007596403 0.0270488948679602
vn 0.015617865458287696 -0.9995121007596403 0.0270488948679602
vn 0.16459642733465568 -0.9442627152853319 0.28508935551970277
vn 0.015616999432860264 -0.9995121007601616 0.02704939486795346
vn 0.16459598644710133 -0.9442630226930379 0.28508859187998603
vn 0.16459492792623337 -0.9442637607402024 0.2850867584678887
vn 0.015617499065084946 -0.9995120695334359 0.027050260256419576
vn 0.015616999432860264 -0.9995121007601616 0.02704939486795346
vn 0.16459598644710133 -0.9442630226930379 0.28508859187998603
vn 0.015616999432860264 -0.9995121007601616 0.02704939486795346
vn 0.16459598644710133 -0.9442630226930379 0.28508859187998603
vn 0.015616999432860264 -0.9995121007601616 0.02704939486795346
vn 0.16459685247240288 -0.9442630226925437 0.28508809187989337
vn 0.015617499065084946 -0.9995120695334359 0.027050260256419576
vn -0.1154394285271685 -0.9729824922440984 -0.19994701330048464
vn -0.11543714201231854 -0.9729831663747301 -0.1999450529406315
vn -0.29274196319417645 -0.8106802155770083 -0.5070500281601754
vn -0.2927477583761832 -0.8106730956221898 -0.50705806570851
vn -0.11543847918326322 -0.9729829427815821 -0.1999453689885002
vn -0.29274399109823473 -0.810681039161763 -0.5070475405910975
vn -0.11543800803788279 -0.9729831663752386 -0.19994455294071062
vn -0.11543847918326322 -0.9729829427815821 -0.1999453689885002
vn -0.29274399109823473 -0.810681039161763 -0.5070475405910975
vn -0.29274310645627805 -0.8106823169666977 -0.5070460083462202
vn -0.11543694547956669 -0.9729836706349461 -0.19994271253560175
vn -0.2927451173008373 -0.8106794124304596 -0.5070494912313034
vn -0.11543800803788279 -0.9729831663752386 -0.19994455294071062
vn -0.2927434350688083 -0.8106818423090096 -0.5070465775198415
vn -0.11543800803788279 -0.9729831663752386 -0.19994455294071062
vn -0.29274456127257775 -0.8106802155807219 -0.5070485281620686
vn -0.48791679456560066 -0.21847603617368005 -0.8451067525458936
vn -0.4879211247000412 -0.21847603617652034 -0.845104252555886
vn -0.4660003454582684 0.362443032645887 -0.8071423208574973
vn -0.4660025402888578 0.3624451065074817 -0.807140122415626
vn -0.48792101734891424 -0.2184769951605891 -0.8451040666183074
vn -0.4660035212785463 0.3624400613579461 -0.8071418215399594
vn -0.48792236780962517 -0.2184649309661219 -0.8451064056845247
vn -0.48792223822665515 -0.21846608861189082 -0.8451061812402703
vn -0.4660037539399826 0.3624388647873936 -0.8071422245214714
vn -0.46600294353654936 0.36244303264745237 -0.8071408208612603
vn -0.48792181042737315 -0.21846991036487462 -0.8451054402702886
vn -0.46600408894877965 0.36243714183955095 -0.8071428047738487
vn -0.48792157491524063 -0.21847201428700602 -0.8451050323513698
vn -0.46600391948714337 0.3624380133807103 -0.8071425112576242
vn -0.4879214675661 -0.21847297327186807 -0.8451048464172317
vn -0.4660035212785463 0.3624400613579461 -0.8071418215399594
vn -0.36207143938716674 0.6896499608415287 -0.6271261470321448
vn -0.36206726504312675 0.6896550896922548 -0.6271229168558252
vn -0.19696080549983394 0.9191447864696208 -0.34114410826302044
vn -0.19695674710930833 0.9191460381629826 -0.3411430789235114
vn -0.36207143938716674 0.6896499608415287 -0.6271261470321448
vn -0.19695890898225693 0.9191456697482124 -0.3411428233975165
vn -0.3620719191969975 0.6896489532248615 -0.6271269780872575
vn -0.3620726456431173 0.6896474276584085 -0.6271282363290093
vn -0.19695996024495632 0.9191455109738024 -0.34114264423700097
vn -0.19695950066131862 0.9191451625960665 -0.34114384821581406
vn -0.36207094469320983 0.6896509997124182 -0.627125290196966
vn -0.19695847916048012 0.919146038164777 -0.34114207892428755
vn -0.36207094469320983 0.6896509997124182 -0.627125290196966
vn -0.19695890898225693 0.9191456697482124 -0.3411428233975165
vn -0.36207071222940385 0.6896514878917614 -0.6271248875577908
vn -0.19695847916048012 0.919146038164777 -0.34114207892428755
vn -0.005554634463634705 0.9999382713364038 -0.009622866139565953
vn -0.0055529024122577455 0.9999382713324476 -0.00962386613976653
vn 0.21289886958845022 0.9048191588646092 0.36874972688735796
vn 0.21290265417926238 0.9048204873605107 0.3687442819842948
vn -0.0055555004892164014 0.999938271336882 -0.009622366139508072
vn 0.21289739932680538 0.9048197275554423 0.36874918031960163
vn -0.0055555004892164014 0.999938271336882 -0.009622366139508072
vn -0.005555000896437821 0.9999382824389831 -0.009621500819365499
vn 0.2128980035630633 0.9048191588650397 0.36875022688755554
vn 0.21289639824581796 0.9048206697407554 0.36874744639637685
vn -0.0055555004892164014 0.999938271336882 -0.009622366139508072
vn 0.21289760456623916 0.9048195343900023 0.36874953580474745
vn -0.0055555004892164014 0.999938271336882 -0.009622366139508072
vn 0.21289639824581796 0.9048206697407554 0.36874744639637685
vn -0.0055555004892164014 0.999938271336882 -0.009622366139508072
vn 0.21289639824581796 0.9048206697407554 0.36874744639637685
vn 0.42874724240941847 0.5144959288421811 0.7426100870114413
vn 0.4287472923345152 0.5144871020688494 0.7426161734844046
vn 0.5000017032338924 9.621449234744368e-7 0.8660244204191248
vn 0.49998957884264394 -0.0000010378554926409043 0.8660314203582214
vn 0.42874603979297626 0.514497050811564 0.7426100040182888
vn 0.49999997118430584 -3.785517534117868e-8 0.866025420421186
vn 0.42874603979297626 0.514497050811564 0.7426100040182888
vn 0.42874810929259943 0.5144901524402495 0.7426135884967564
vn 0.49999997118430584 -3.785517534117868e-8 0.866025420421186
vn 0.49999997118430584 -3.785517534117868e-8 0.866025420421186
vn 0.42874603979297626 0.514497050811564 0.7426100040182888
vn 0.49999997118430584 -3.785517534117868e-8 0.866025420421186
vn 0.4287463763843757 0.5144959288424166 0.7426105870116896
vn 0.49999997118430584 -3.785517534117868e-8 0.866025420421186
vn 0.42874510364422946 0.5145001712838144 0.7426083825611076
vn 0.49999997118430584 -3.785517534117868e-8 0.866025420421186
vn 0.4325149976842404 -0.5017200949960453 0.7491379866589071
vn 0.432509187761222 -0.5017162387864736 0.7491439235821662
vn 0.23705107035177195 -0.8804689225262523 0.41058649090117383
vn 0.2370515206943112 -0.8804665722102252 0.4105912709214493
vn 0.4325135306673075 -0.5017251536146456 0.7491354457106274
vn 0.2370489888888477 -0.8804720967545683 0.41058088570145257
vn 0.4325135306673075 -0.5017251536146456 0.7491354457106274
vn 0.43251521834341133 -0.5017193341055518 0.749138368851865
vn 0.23705058570546203 -0.8804703771069629 0.41058365146924664
vn 0.23704997434809702 -0.8804710354931783 0.41058259256711876
vn 0.43251298172865593 -0.5017270464663929 0.7491344949208368
vn 0.2370489888888477 -0.8804720967545683 0.41058088570145257
vn 0.43251298172865593 -0.5017270464663929 0.7491344949208368
vn 0.23704800342830315 -0.8804731580116618 0.410579178833543
vn 0.43251263301433357 -0.5017282488991084 0.7491338909298142
vn 0.23704839085926183 -0.8804727407821882 0.4105798498837177
vn 0.2370515206943112 -0.8804665722102252 0.4105912709214493
vn 0.23705107035177195 -0.8804689225262523 0.41058649090117383
vn 0.05195565067750955 -0.9945863904495303 0.08999179015471917
vn 0.051956143266217725 -0.9945862875190832 0.08999264334326441
vn 0.000001133974396090865 -0.9999999999916723 0.000003920390023863468
vn 0 -0.999999999999999 -4.371139050718398e-8
vn 0.05195547195978126 -0.9945866087544826 0.08998948060575915
vn 0.0000024999996486565126 -0.9999999999876882 0.000004286415352605725
vn 0.2370489888888477 -0.8804720967545683 0.41058088570145257
vn 0.23704997434809702 -0.8804710354931783 0.41058259256711876
vn 0.23705058570546203 -0.8804703771069629 0.41058365146924664
vn 0.05195497937101193 -0.9945867116818814 0.08998862741691337
vn 0.05195448309714038 -0.9945868153782919 0.08998776784528278
vn 0.0000019999997644089398 -0.9999999999921505 0.000003420390082763193
vn 0.0000024999996486565126 -0.9999999999876882 0.000004286415352605725
vn 0.05195547195978126 -0.9945866087544826 0.08998948060575915
vn 0.0000014999998801553673 -0.9999999999956125 0.000002554364812910312
vn 0.2370489888888477 -0.8804720967545683 0.41058088570145257
vn 0.23704800342830315 -0.8804731580116618 0.410579178833543
vn 0.05195602042950328 -0.9945864941494872 0.08999043058326209
vn 0.000001133974396090865 -0.9999999999916723 0.000003920390023863468
vn 0.05195547195978126 -0.9945866087544826 0.08998948060575915
vn 0.0000019999997644089398 -0.9999999999921505 0.000003420390082763193
vn 0.23704839085926183 -0.8804727407821882 0.4105798498837177
vn -0.07318352045880629 -0.9892303452187224 -0.12675762869233015
vn -0.06580201478179619 -0.9913023592876136 -0.11397248493152706
vn -0.0755275177580805 -0.9885253473280213 -0.13081755138863285
vn -0.07589895187223596 -0.9884115450576934 -0.13146089419047563
vn -0.07589846252183982 -0.9884116953638002 -0.13146004661066826
vn -0.07589797878624811 -0.9884118439443205 -0.1314592087559881
vn -0.07540147948239274 -0.9885638338819787 -0.13059924667635064
vn -0.07585751227833552 -0.9884242698949054 -0.13138911870343592
vn -0.00267136493334935 -0.9999857365651353 -0.0046249838569238375
vn -0.0026784988252818174 -0.9999856509806967 -0.004639340120657071
vn -0.0026674989711853708 -0.9999857685936152 -0.004620287813027307
vn -0.002666999098067811 -0.999985773926874 -0.004619422007324059
vn -0.0026664989921182524 -0.9999857792616167 -0.004618555798343928
vn -0.0026664989921182524 -0.9999857792616167 -0.004618555798343928
vn -0.0026679990771189214 -0.9999857632568723 -0.004621154021979712
vn -0.002666999098067811 -0.999985773926874 -0.004619422007324059
vn -0.1141244612189448 -0.9736027971284733 -0.1976694229644493
vn -0.10279625355672514 -0.9786369482657008 -0.17805239044701884
vn -0.11770252814933516 -0.9718973380763682 -0.20386681708243864
vn -0.11827348672539688 -0.9716200417349379 -0.20485574640906487
vn -0.11827348672539688 -0.9716200417349379 -0.20485574640906487
vn -0.11827348672539688 -0.9716200417349379 -0.20485574640906487
vn -0.1177659365310969 -0.9718666127854468 -0.20397664362837195
vn -0.11823296251289346 -0.9716397699052151 -0.20478555640954105
vn 0.013351636996404554 -0.9996433586985666 0.023127671723832153
vn 0.013197493040099472 -0.9996515926197481 0.022858686538334907
vn 0.013411001605035977 -0.9996402263268758 0.0232284942495696
vn 0.013433499474072757 -0.9996390180048463 0.02326746170485048
vn 0.013433499474072757 -0.9996390180048463 0.02326746170485048
vn 0.013433999233174497 -0.999638991140629 0.023268327313073926
vn 0.013412000195039181 -0.9996401727373007 0.023230223858326328
vn 0.013430501179454477 -0.9996391791551748 0.02326226850582946
vn 0.01853648958959877 -0.9993125621452169 0.032106100548910506
vn 0.0183989934495946 -0.9993227260440897 0.031867950229834484
vn 0.018583499469799196 -0.9993090697289713 0.032187524056284764
vn 0.01860249056229318 -0.999307656347544 0.032220417595964966
vn 0.01860249056229318 -0.999307656347544 0.032220417595964966
vn 0.01860249056229318 -0.999307656347544 0.032220417595964966
vn 0.018558995889717794 -0.9993108912324217 0.03214508260727555
vn 0.018596998220742983 -0.9993080652547929 0.03221090458059864
vn -0.13256513845718615 -0.9642121085962998 -0.22961161491114604
vn -0.12712997299760104 -0.9671359024426295 -0.220195631591796
vn -0.13368742786757512 -0.9635925792442052 -0.23155347731280537
vn -0.13390145766987732 -0.9634737000739549 -0.23192418782801638
vn -0.13390145766987732 -0.9634737000739549 -0.23192418782801638
vn -0.133900984272201 -0.9634739632405922 -0.2319233678791373
vn -0.1334034773531609 -0.9637499785978978 -0.23106166056409264
vn -0.13386392958556007 -0.9634945592124549 -0.23185918727518523
vn 0.02325189793249875 0.9989178694395966 0.04027951534953455
vn 0.023361994373567996 0.998907836134193 0.040464207994149765
vn 0.03933287020326552 0.9969011822332351 0.06812457841008202
vn 0.11721647470502561 0.9721293554590636 0.20303894777227266
vn 0.01248649987628681 0.9996881250276746 0.02162729755406747
vn 0.02282999802650595 0.9989570366471242 0.039542763222942354
vn 0.022702988341447985 0.9989686149272538 0.03932277597897051
vn 0.007455497515084595 0.999888824356383 0.012913345190642871
vn 0.007457497042869939 0.9998887647116982 0.01291680847462175
vn 0.022705007340897237 0.9989684313803193 0.03932627298885776
vn 0.0074549979716978035 0.9998888392549576 0.01291247995605053
vn 0.0227024901817728 0.9989686602123587 0.039321913141038486
vn 0.02282199225430482 0.9989577683695741 0.03952889681770264
vn 0.012458505769327005 0.9996895220909983 0.021578810334835788
vn 0.007757995947485281 0.9998796191508179 0.01343728788462915
vn 0.022699995834665355 0.9989688869455058 0.03931759280479461
vn 0.23705036355534434 -0.8804706163462991 0.4105832666939159
vn 0.05195547195978126 -0.9945866087544826 0.08998948060575915
vn 0.0000024999996486565126 -0.9999999999876882 0.000004286415352605725
vn 0.49999910515863755 -3.785519719685369e-8 0.8660259204207229
vn 0.43251444124908595 -0.5017220137230414 0.7491370228847906
vn 0.23705036355534434 -0.8804706163462991 0.4105832666939159
vn 0.21289739932680538 0.9048197275554423 0.36874918031960163
vn 0.42874823288320474 0.5144897404652418 0.7426138025619624
vn -0.19695966512744156 0.9191442793149459 -0.34114613308008473
vn -0.005555000896437821 0.9999382824389831 -0.009621500819365499
vn -0.46600294353654936 0.36244303264745237 -0.8071408208612603
vn -0.3620700786677109 0.6896509997120952 -0.6271257901965644
vn -0.2927434350688083 -0.8106818423090096 -0.5070465775198415
vn -0.48792125445483214 -0.21847487705118823 -0.845104477297743
vn 0.015617499065084946 -0.9995120695334359 0.027050260256419576
vn -0.11543895032854978 -0.9729827191870066 -0.1999461850361272
vn 0.35355336002961485 -0.7071068283299702 0.612372398905192
vn 0.16459492792623337 -0.9442637607402024 0.2850867584678887
vn 0.4910015036866902 0.18885594127596014 0.8504416245822992
vn 0.4883442839054623 -0.2146531250052014 0.8458391669238088
vn 0.3461649809194885 0.7215809939773957 0.599575412367455
vn 0.4508252692964218 0.43246523909753826 0.7808523506631185
vn 0.022701491158781104 0.9989687510253422 0.039320182782329946
vn 0.007725496002236198 0.9998806256993372 0.013380996323932982
vn -0.16232547299635067 0.9458339042165986 -0.28115594685316025
vn -0.011461501215418638 0.9997372342941119 -0.019851860261669893
vn 0.1062705007323981 0.9771521384951264 0.18406596347094367
vn -0.4188055190561712 0.5462670616162603 -0.7253924693579523
vn -0.3141533385044528 0.7779657519011494 -0.5441295514630554
vn -0.49872943009813625 -0.07124396225659663 -0.8638247816519093
vn -0.4825895119801399 0.2615900675620311 -0.8358696067447736
vn -0.33633591012266073 -0.7399408979161873 -0.5825509618505045
vn -0.45397965800313106 -0.41905817811978313 -0.7863159120037494
vn -0.06608198572723327 -0.9912278611488096 -0.11445740886767324
vn -0.17829349467363964 -0.9342621040957964 -0.3088134560014446
vn 0.006878002098204693 -0.9999053822077911 0.011913006296822041
vn -0.011639498584611477 -0.9997290065144392 -0.02016024817186552
vn 0.05526097746026555 -0.9938736863349331 0.0957147845484021
vn 0.018599995500795084 -0.99930784212096 0.03221609602234205
vn 0.0006904999566443263 -0.9999990464713322 0.001195937388084653
vn 0.11690596945443586 -0.9722818460373526 0.20248705186286958
vn -0.06350796998721221 -0.991900670225772 -0.10999908251329814
vn -0.13388555259592824 -0.9634825413193046 -0.23189663943010805
vn -0.013102493243415076 -0.9996565893449432 -0.0226942294436656
vn -0.02208599679674811 -0.9990239393608468 -0.03825411519601035
vn 0.026689504467886125 -0.998574326283324 0.04622753767035586
vn -0.0057800001472473874 -0.9999331805188949 -0.010011298400541132
vn 0.007905999008841376 -0.9998749831288166 0.01369354931421762
vn 0.015258002682960384 -0.9995342793613788 0.026427594208624998
vn -0.018540503592161445 -0.9993122614789746 -0.032113140368495156
vn 0.017119493307655734 -0.9994136752372148 0.029651790801435478
vn -0.0026664989921182524 -0.9999857792616167 -0.004618555798343928
vn -0.012409997081566043 -0.999691935518229 -0.021494790816674585
vn 0.06009147634891743 -0.9927517641631873 0.10408145474140335
vn -0.03192298962906706 -0.9979597615328893 -0.05529228783800567
vn -0.07587051368782788 -0.9884202783237902 -0.13141163780680262
vn -0.00006649998879364303 -0.9999999911504663 -0.00011522507953422046
vn -0.010826505091427258 -0.9997655452439863 -0.018752102028840156
vn 0.04680647891903379 -0.9956086681879889 0.08107116232139025
vn 0.013431000008087923 -0.9996391523469641 0.02326313250243442
vn 0.0005640001569779039 -0.9999993638500699 0.0009768332910648876
vn 0.1135785043648093 -0.9738581540378258 0.19672371275545641
vn -0.047860010517162245 -0.9954082927640252 -0.08289601974706658
vn -0.11823296251289346 -0.9716397699052151 -0.20478555640954105
vn -0.00943799701956797 -0.9998218318176048 -0.016347135319318647
vn -0.016069504448248065 -0.9994834073440606 -0.02783324398438385
vn 0.015949500776978466 -0.9994910985078502 0.027625304134723108
vn -0.0033020001469850884 -0.9999781930997836 -0.005719276171091773
vn 0.1547924593644389 -0.9508718048905439 0.2681083832857675
vn 0.06088199549820482 -0.9925590853636286 0.10545067418596081
vn 0.45765741304952523 -0.4027389979444406 0.7926859351694868
vn 0.32169134540049765 -0.7655447098346942 0.5571857639410142
vn 0.47788991808728404 0.2940829444004902 0.8277296950111594
vn 0.4990086268314474 -0.06294006149323103 0.8643083587511009
vn 0.3031431295646475 0.7952464354644035 0.5250593774792632
vn 0.401177497200153 0.596847009292445 0.6948598874873159
vn 0.0466629799367376 0.9956356046138972 0.08082270181417596
vn -0.06900166648709617 0.9904315272544019 -0.11951635805410238
vn 0.03746999937313377 0.9971880415863458 0.0648999912493496
vn -0.21307143809353626 0.9046558778512661 -0.3690505452345348
vn -0.11056799013503531 0.9752429896806785 -0.1915093486913643
vn 0.033477495959327946 0.9977559939597659 0.057984771980693475
vn -0.4772404278409565 0.29827204475578095 -0.8266047189263961
vn -0.34964196684953025 0.7148440120425599 -0.6055976663301211
vn -0.4025275142777034 -0.5932000422607326 -0.6971981856769839
vn -0.49336453047466267 -0.16237498552407545 -0.8545325061959739
vn -0.1420444733327785 -0.9587979142956623 -0.24602830556239183
vn -0.26784889006337526 -0.8444097471267161 -0.46392795890010047
vn 0.22360657189799993 -0.8944274208943422 0.38729793409766544
vn 0.004950499418440778 -0.9999509842788806 0.008574473465213409
vn 0.49943500437612953 0.04756098401886768 0.8650448712078307
vn 0.4472153306233553 -0.4472100498532098 0.7745977145368639
vn 0.2669955094945206 0.8454901091025551 0.46244986033029656
vn 0.44831538047912867 0.4427789016886075 0.7765050958269912
vn -0.23529437427954555 0.8823526707847936 -0.4075418037347074
vn 0.0222009908346218 0.999013743868533 0.03845329072703445
vn -0.42582953432547377 -0.5240960917507612 -0.7375584683994402
vn -0.48956661956730185 0.2032191048692615 -0.8479543150556997
vn -0.24282386374214243 -0.8741545775563865 -0.4205833398204839
vn -0.2849503205218573 -0.8217135671554591 -0.4935485066203135
vn 0.2370520956048674 -0.8804706163444944 0.41058226669363945
vn 0.0519587413429612 -0.9945862875175256 0.08999114334289246
vn 0.000002232050677749527 -0.9999999999974932 -1.7768590439477386e-7
vn 0.05195923393138171 -0.9945861845860995 0.08999199653152332
vn 2.3205085648524643e-7 -0.9999999999933418 -0.000003641787476124972
vn 0.23705453445190164 -0.880468922522643 0.41058449089999527
vn 0.49999823913221936 9.62144836051661e-7 0.8660264204190044
vn 0.4325138848117784 -0.501723932447656 0.7491360591069446
vn 0.2370520956048674 -0.8804706163444944 0.41058226669363945
vn 0.43252197042332785 -0.5017169550811045 0.7491360637996725
vn 0.23705453445190164 -0.880468922522643 0.41058449089999527
vn 0.500007765392865 -0.0000010378550337040064 0.8660209203857355
vn 0.2128951346581932 0.9048210439114641 0.36874725779839773
vn 0.42874609413277365 0.514493982924691 0.7426120981374993
vn 0.4287504741760135 0.5144851561398809 0.7426156845943707
vn 0.21288938076309372 0.9048223838823488 0.3687472917646582
vn -0.19696053115313966 0.9191442793153837 -0.34114563308018064
vn -0.005556366514792541 0.9999382713363599 -0.009621866139440566
vn -0.005558098566125058 0.9999382713323167 -0.009620866139163013
vn -0.19695934518577066 0.9191460381642957 -0.341141578924164
vn -0.4660061193530913 0.36244006135624957 -0.807140321536194
vn -0.36207131673258347 0.6896520370928007 -0.6271239345881192
vn -0.3620727852220858 0.689648953224495 -0.62712647808706
vn -0.46600391948714337 0.3624380133807103 -0.8071425112576242
vn -0.2927471866671955 -0.8106789251941056 -0.5070490754794571
vn -0.4879248243134748 -0.21847393225490544 -0.8451026604760772
vn -0.48792136021648314 -0.2184739322565658 -0.8451046604822687
vn -0.29274746642843547 -0.8106772701646153 -0.507051560039193
vn 0.015616999432860264 -0.9995121007601616 0.02704939486795346
vn -0.11543895032854978 -0.9729827191870066 -0.1999461850361272
vn -0.11543934520852832 -0.9729829427811176 -0.19994486898848546
vn 0.015616133407417219 -0.9995121007596839 0.027049894867919675
vn 0.35355136326856806 -0.7071108218293585 0.6123689404131681
vn 0.16459642733465568 -0.9442627152853319 0.28508935551970277
vn 0.1645929394365187 -0.9442633357050663 0.28508931430481205
vn 0.35354775190542564 -0.7071128483695436 0.6123686853467692
vn 0.4910038061679417 0.18885901528744964 0.8504396125964789
vn 0.48834711458192276 -0.21465100828432238 0.8458380697994352
vn 0.48834755691375287 -0.21464698290384304 0.8458388359413669
vn 0.49100679251752505 0.1888549773971698 0.8504387851068217
vn 0.35519776179117685 0.7038060995769749 0.615216648195401
vn 0.4511864428387926 0.4309632277884112 0.7814739215691532
vn 0.45253179830632906 0.4252908456467575 0.7838001455286326
vn 0.3864320028907949 0.6345779340552476 0.6693139418479063
vn 0.023916873087435463 0.9988553922079959 0.04142328618941623
vn 0.07482834614192538 0.9887393249496603 0.12959655053956595
vn 0.024284125729392127 0.9988197799183067 0.04206338647213751
vn 0.023071494554772233 0.9989348431308415 0.03996104751092268
vn -0.1623250181705262 0.9458342164477525 -0.2811551590716495
vn -0.01235299596072155 0.9996947612960416 -0.021395974575724362
vn 0.10173145344277462 0.97908264496318 0.17620410242762313
vn -0.015802637489033773 0.9995003748785272 -0.027372929439028956
vn 0.08435359815521908 0.9856670935281411 0.1460987721168612
vn -0.1623244208871509 0.9458346264724077 -0.2811541245463996
vn -0.41880426943416166 0.5462682379778312 -0.7253923049497517
vn -0.3141527953220567 0.7779666292782621 -0.5441286106434371
vn -0.31415304159232843 0.7779662314897241 -0.5441290371961102
vn -0.41880304571601085 0.5462719906922955 -0.7253901854064952
vn -0.4987302961232386 -0.07124396225658287 -0.863824281651546
vn -0.482588929389158 0.2615879759979336 -0.8358705976670854
vn -0.48258531039535424 0.26158911894752573 -0.8358723293894091
vn -0.4987214200806948 -0.07125000365310084 -0.8638289079048745
vn -0.33633591012266073 -0.7399408979161873 -0.5825509618505045
vn -0.45398146257909555 -0.41905411104342927 -0.7863170376204158
vn -0.45397827846925065 -0.4190528977203644 -0.7863195225798869
vn -0.33633702683870215 -0.739940442116065 -0.5825508960583481
vn -0.06608111970192955 -0.9912278611482923 -0.11445790886750075
vn -0.17829349467363964 -0.9342621040957964 -0.3088134560014446
vn -0.1782939444370612 -0.9342617607659159 -0.308814235014587
vn -0.06608198572723327 -0.9912278611488096 -0.11445740886767324
vn 0.006878868123889481 -0.9999053822072693 0.01191250629669028
vn -0.01163776653380969 -0.9997290065123959 -0.020161248171731577
vn -0.01163776653380969 -0.9997290065123959 -0.020161248171731577
vn 0.006879734149567389 -0.9999053822057478 0.011912006296546611
vn 0.05283500682325038 -0.9944012544664388 0.09151287980147871
vn 0.01814350506894742 -0.9993414108746678 0.03142543133898937
vn 0.01846699283373312 -0.999317708909363 0.03198572862731542
vn 0.0539484970068706 -0.9941620820883108 0.09344150153189155
vn 0.0010784995234368073 -0.9999976737562346 0.0018679724027843613
vn 0.11544811377840784 -0.9729779766839599 0.19996397153736326
vn 0.10999145366666627 -0.975503732002251 0.19051075814760182
vn 0.00467926801153304 -0.9999561758639277 0.00810868685211527
vn -0.05763050944898748 -0.9933352341093251 -0.09981902152206384
vn -0.12727998193306098 -0.9670569779953189 -0.2204554547061173
vn -0.13239481021947966 -0.964306666340457 -0.22931259773135568
vn -0.061452521157522796 -0.9924184296947428 -0.10643894045698214
vn -0.013101627218359224 -0.9996565893444217 -0.022694729443411176
vn -0.021947999149708006 -0.9990361043480973 -0.038015096242177034
vn -0.021588508246937786 -0.9990674360451889 -0.03739243968724368
vn -0.013102493243415076 -0.9996565893449432 -0.0226942294436656
vn 0.026720628707108913 -0.9985709041361569 0.04628344643817037
vn -0.005778500452864979 -0.9999332151897655 -0.010008700853476889
vn -0.005778000865102207 -0.9999332267375491 -0.010007835542022942
vn 0.02672199381906118 -0.9985708507144572 0.04628381088177205
vn 0.007905999008841376 -0.9998749831288166 0.01369354931421762
vn 0.015257503028542974 -0.9995343098699672 0.026426728781719984
vn -0.01857800747526811 -0.9993094753792305 -0.03217809900438678
vn 0.015257503028542974 -0.9995343098699672 0.026426728781719984
vn -0.018576621383251946 -0.9993095140521544 -0.03217769822144478
vn 0.007906865034182768 -0.9998749831282947 0.01369304931428293
vn 0.014241002359022283 -0.9995943064409898 0.0246660978382697
vn -0.0026816327152435894 -0.9999856080921816 -0.004646768176970274
vn -0.0026709990140801145 -0.9999857312228695 -0.004626350065613874
vn 0.016110993169502236 -0.9994807381410439 0.027905017185556658
vn -0.013243634659105934 -0.999649103795805 -0.022940693565369246
vn 0.059328020273310356 -0.9929354215350608 0.1027591099194654
vn 0.05638549279948633 -0.9936210101566247 0.09766250241053412
vn -0.01714699562783739 -0.9994117867192245 -0.029699513592416855
vn -0.03126048661779276 -0.998043647708306 -0.05414479887780281
vn -0.06833447646686222 -0.9906167699473437 -0.11835883754537033
vn -0.07444399885641519 -0.9888540592196791 -0.1289408414701459
vn -0.03141799204371807 -0.9980238643943985 -0.054417606298071505
vn -0.00006736601415427421 -0.999999991149988 -0.00011472507959747909
vn -0.010760869512157654 -0.9997684169929741 -0.018636417861401907
vn -0.0106240016326659 -0.9997742348634843 -0.0184013557229849
vn -0.00006649998879364303 -0.9999999911504663 -0.00011522507953422046
vn 0.046195113671185194 -0.9957227183407178 0.08001424656320823
vn 0.013225999521045521 -0.9996500856139684 0.022908061215538372
vn 0.013366992674525437 -0.9996425841110871 0.023152268539978187
vn 0.046274004557472465 -0.9957082263386137 0.08014888959821725
vn 0.00029763389648875216 -0.9999998218176775 0.000517473358653367
vn 0.11074360675703641 -0.9751628877729763 0.19181552562999843
vn 0.09964772993805662 -0.9799387476295776 0.17259890153870425
vn 0.00013233010732851617 -0.9999999672290862 0.00021915877606772715
vn -0.047188348048078574 -0.9955367185696925 -0.08173066614180083
vn -0.10331970602596642 -0.9784178886254028 -0.17895103677966387
vn -0.11516800718753605 -0.9731111433935299 -0.1994768977194818
vn -0.047292113500141814 -0.9955166940786196 -0.08191439318865582
vn -0.009438363102839608 -0.9998218506938321 -0.01634576939452674
vn -0.016020991161477423 -0.9994865225833764 -0.02774921650053428
vn -0.01591450300775564 -0.9994933275668864 -0.027564773594008465
vn -0.009437497077617693 -0.9998218506943105 -0.01634626939439422
vn 0.015949500776978466 -0.9994910985078502 0.027625304134723108
vn -0.0033028661725045434 -0.9999781930993056 -0.0057187761710596
vn -0.0033025000124874745 -0.9999781864968775 -0.0057201419636050965
vn 0.01594813417025846 -0.9994911304591793 0.027624937102545412
vn 0.15479289864636983 -0.9508715188471989 0.26810914414446174
vn 0.06088199549820482 -0.9925590853636286 0.10545067418596081
vn 0.060880263447244086 -0.9925590853616871 0.1054516741856912
vn 0.15479436092931864 -0.9508711305854819 0.2681096768928181
vn 0.4576571485033893 -0.4027402004235398 0.7926854769620505
vn 0.32169072185335645 -0.7655443022639086 0.5571866839262511
vn 0.32169210776781865 -0.7655434284073032 0.5571870844001057
vn 0.45765672368025373 -0.4027381949594004 0.7926867411475355
vn 0.4778887305205442 0.2940850344304452 0.8277296380857136
vn 0.49900859547241694 -0.06294105598312473 0.864308304435619
vn 0.49900859547241694 -0.06294105598312473 0.864308304435619
vn 0.4778895965463927 0.2940850344306142 0.8277291380860473
vn 0.30314202987153144 0.7952481122452713 0.5250574727548404
vn 0.4011764193438035 0.5968499072553419 0.6948580205853384
vn 0.40117706313391316 0.5968481763409962 0.6948591356625278
vn 0.3031428925700692 0.7952467968278268 0.5250589669925967
vn 0.04715763738989583 0.9955422111026383 0.08168147371756469
vn -0.06734037653803523 0.9908892820632076 -0.11663491921365943
vn 0.04570013014306235 0.9958140729783546 0.0791569969312102
vn -0.06301250078672058 0.9920270694961395 -0.10914081789827694
vn 0.07527851461523885 0.9886013185646606 0.13038626526416677
vn 0.04798951069689887 0.9953833528633231 0.08312032065410527
vn -0.21307088132850288 0.9046572182711405 -0.3690475808887208
vn -0.1117818184553284 0.9746897380350669 -0.19360976120008128
vn 0.02235013919210333 0.9990003636889371 0.03871362327999061
vn -0.11729149761813752 0.9720961008397974 -0.20315480628958027
vn -0.01765823414681598 0.9993763026303274 -0.030580917379177334
vn -0.2130687044348831 0.904656821472023 -0.3690498103976981
vn -0.4772408256219899 0.2982750415345665 -0.8266034079032061
vn -0.34964055781291176 0.7148484630960448 -0.6055932258054895
vn -0.3496375455372327 0.7148509677710222 -0.6055920083914023
vn -0.47723915832107383 0.2982801696511715 -0.826602520052934
vn -0.40252709704410683 -0.5932011747473044 -0.6971974630071901
vn -0.493364116771609 -0.16238001346959036 -0.8545317896414304
vn -0.49336498279700597 -0.16238001346953101 -0.854531289640903
vn -0.4025292778856162 -0.5932023072300983 -0.6971952403321271
vn -0.1420444733327785 -0.9587979142956623 -0.24602830556239183
vn -0.26784947683313637 -0.8444090026260993 -0.46392897521518467
vn -0.2678503428583817 -0.8444090026256988 -0.46392847521500513
vn -0.14204486853427234 -0.9587981933022314 -0.24602699007112694
vn 0.2236055705393052 -0.8944284222490242 0.3872961996933525
vn 0.004950499418440778 -0.9999509842788806 0.008574473465213409
vn 0.004950499418440778 -0.9999509842788806 0.008574473465213409
vn 0.22360743792363602 -0.8944274208938733 0.38729743409731154
vn 0.49943404344010167 0.0475649704425086 0.8650452068186226
vn 0.44721426790431135 -0.44721083663607236 0.7745978738533144
vn 0.44721562864352116 -0.44720885775724306 0.7745982307238006
vn 0.49943587040108356 0.0475609840188182 0.8650443712063988
vn 0.2669967388130778 0.8454896502067829 0.4624499895733513
vn 0.44831607687256103 0.44277608127290874 0.7765063020157675
vn 0.44831558118113957 0.4427780888413288 0.7765054434530625
vn 0.2669952097132862 0.8454893938482261 0.4624513410947338
vn -0.2352939860244776 0.8823530849236993 -0.4075411312571337
vn 0.02220185685975091 0.9990137438680555 0.038452790727205824
vn 0.02220049262993305 0.9990137881543066 0.038452427811136586
vn -0.23529414262302076 0.8823547653950002 -0.4075374024945828
vn -0.4258304003508139 -0.524096091750521 -0.7375579683990234
vn -0.4895668667348786 0.20322506823554481 -0.8479527431620538
vn -0.48957033083066837 0.20322506823301867 -0.8479507431520034
vn -0.4258311258610943 -0.5241021775523161 -0.7375532250168753
vn -0.2428217894626423 -0.8741578445780862 -0.4205777470631971
vn -0.28495028977669995 -0.8217148110649075 -0.4935464533686144
vn -0.2849520525712827 -0.8217135671538593 -0.4935475066198723
vn -0.24282434261924463 -0.8741550077257977 -0.42058216925999425
vn 0.1658325263097282 0.9433971891534726 0.2872304244244687
vn 0.16061950734370764 0.9469981312104662 0.2782012101780816
vn 0.16750998569467512 0.9422110071181907 0.29013586947824016
vn 0.16809648790934464 0.9417931014882094 0.29115172117259214
vn 0.16806552192835067 0.9418152071213671 0.2910980865170492
vn 0.16809753576486458 0.9417923533770245 0.2911535361116984
vn 0.16809737150631318 0.9417924706489396 0.2911532516075251
vn 0.1674004605219134 0.9422888657217414 0.2899461663031353
vn 0.16805597767134975 0.9418220195385288 0.2910815553780306
vn 0.1597354846055493 0.9475960453419227 0.2766700377890227
vn 0.1657481032623315 0.9434559239170981 0.28708619940825175
vn 0.18317898385625275 0.9304739642862447 0.3172753719702031
vn 0.18772509065696916 0.9268418517503091 0.3251514603717643
vn 0.1822034432122146 0.9312398080667018 0.31558568591351804
vn 0.1818414328532177 0.931522802886341 0.31495866554305785
vn 0.18186799064973144 0.9315020638764892 0.3150046649985849
vn 0.1818399766897766 0.9315239399048928 0.31495614339384964
vn 0.18184099729738026 0.9315231429832389 0.3149579111381748
vn 0.1822724346833757 0.9311858016530328 0.31570518265367964
vn 0.18187741710888058 0.9314947019057828 0.31502099210569945
vn 0.189118441350677 0.9257088189952017 0.32756281470215665
vn 0.18323866377039305 0.9304262773498467 0.317380740620075
vn 0.18806469284311547 0.9265657216918367 0.3257416686448182
vn 0.18718797228153233 0.9272769865011858 0.3242191440035708
vn 0.18838702053871226 0.9263051760538381 0.32629595662284033
vn 0.1884429229090376 0.9262596916738219 0.3263927823739594
vn 0.18844042613292197 0.9262617234852074 0.32638845783062853
vn 0.1884429229090376 0.9262596916738219 0.3263927823739594
vn 0.18844395307703002 0.9262588533407918 0.32639456667736305
vn 0.18838702053871226 0.9263051760538381 0.32629595662284033
vn 0.1884385447742813 0.926263254465148 0.3263851992216922
vn 0.18766262274776407 0.9268952572855317 0.3250352627716242
vn 0.1882513804667509 0.9264161767279054 0.32605902111306934
vn 0.009546995220502686 -0.9998176938484152 0.016535838348754005
vn 0.009544131099047462 -0.999817770156982 0.016532877543991836
vn 0.10750611442005713 -0.9766109804781162 0.18620802391914784
vn 0.10898598703672123 -0.9759550343884251 0.18876923870567336
vn 0.09155252004252379 -0.983093359788151 0.15857358548733236
vn 0.01004836537857408 -0.99979807586357 0.017402237003385012
vn 0.009546995220502686 -0.9998176938484152 0.016535838348754005
vn 0.009546495282645642 -0.999817712942978 0.016534972430917606
vn 0.10898598703672123 -0.9759550343884251 0.18876923870567336
vn 0.10898598703672123 -0.9759550343884251 0.18876923870567336
vn 0.009546995220502686 -0.9998176938484152 0.016535838348754005
vn 0.009546495282645642 -0.999817712942978 0.016534972430917606
vn 0.1089869476323148 -0.9759546053033349 0.18877090250619352
vn 0.1089869476323148 -0.9759546053033349 0.18877090250619352
vn 0.009587000143988203 -0.9998161626629082 0.01660512891417517
vn 0.00954749515833109 -0.9998176747528533 0.0165367042665408
vn 0.10894300570915899 -0.9759742295040815 0.18869479285599916
vn 0.10836150112935743 -0.9762331437194757 0.1876875972902366
vn 0.010212636035421647 -0.9997913477319932 0.017690762150133106
vn 0.00970986904670487 -0.9998114534584591 0.016815944112040765
vn 0.10602832592204463 -0.9772577559153829 0.1836444189334342
vn 0.09461747233014868 -0.9819318436938733 0.16388223903097135
vn -0.10170782911257667 -0.9790928223561898 -0.17616118388509322
vn -0.09200058804951439 -0.9829269869933456 -0.15934374803777787
vn -0.10366796243803456 -0.9782697960912817 -0.1795582346189345
vn -0.10419353652198199 -0.9780464239248386 -0.18046855569565975
vn -0.10415804022971134 -0.9780615472425275 -0.1804070743099034
vn -0.10419449235392973 -0.9780460166148605 -0.18047021124526616
vn -0.10419353652198199 -0.9780464239248386 -0.18046855569565975
vn -0.10419449235392973 -0.9780460166148605 -0.18047021124526616
vn -0.10419449235392973 -0.9780460166148605 -0.18047021124526616
vn -0.08947221521862321 -0.9838585437023444 -0.15497447753670401
vn -0.10296812936171514 -0.978565032999358 -0.17834808809380143
vn 0.8660274204141383 2.1855542573142104e-8 -0.49999650707863247
vn 0.8660234204143791 2.1855845414544063e-8 -0.5000034352819783
vn 0.8660234204143791 2.1855845414544063e-8 -0.5000034352819783
vn 0.8660274204141383 2.1855542573142104e-8 -0.49999650707863247
vn 0.4370733401453873 -0.48566506311666685 0.7570312687082607
vn 0.4370733310359898 -0.48566821339975097 0.7570292529289724
vn 0.4370733310359898 -0.48566821339975097 0.7570292529289724
vn 0.4370733401453873 -0.48566506311666685 0.7570312687082607
vn 0.8660224204056653 2.1855921124684605e-8 -0.5000051673280116
vn 0.8660224204056653 2.1855921124684605e-8 -0.5000051673280116
vn 0.4370690979677812 -0.4856772163432753 0.7570259210401435
vn 0.4370690979677812 -0.4856772163432753 0.7570259210401435
vn 0.4370771385957942 -0.48564827162414465 0.7570398478187221
vn 0.4370724741201803 -0.4856650631169315 0.7570317687086133
vn 0.4370724741201803 -0.4856650631169315 0.7570317687086133
vn 0.4370771385957942 -0.48564827162414465 0.7570398478187221
vn 0.4370785570255709 -0.485643165314659 0.7570423046115744
vn 0.4370785570255709 -0.485643165314659 0.7570423046115744
vn 0.43707768333649283 -0.4856463105804222 0.7570407913374474
vn 0.43707768333649283 -0.4856463105804222 0.7570407913374474
vn 0.4370778056391869 -0.48564587029441625 0.7570410031719629
vn 0.4370778056391869 -0.48564587029441625 0.7570410031719629
vn 0.8660274204141383 2.1855542573142104e-8 -0.49999650707863247
vn 0.8660274204141383 2.1855542573142104e-8 -0.49999650707863247
vn 0.8660274204141383 2.1855542573142104e-8 -0.49999650707863247
vn 0.8660274204141383 2.1855542573142104e-8 -0.49999650707863247
vn 0.8660244204195149 2.1855769704324704e-8 -0.5000017032341417
vn 0.8660244204195149 2.1855769704324704e-8 -0.5000017032341417
vn 0.8660204203783002 2.1856072544668973e-8 -0.5000086314132903
vn 0.8660204203783002 2.1856072544668973e-8 -0.5000086314132903
vn 0.8660204203783002 2.1856072544668973e-8 -0.5000086314132903
vn 0.8660204203783002 2.1856072544668973e-8 -0.5000086314132903
vn 0.8660229204105688 2.1855883269616652e-8 -0.5000043013050479
vn 0.8660229204105688 2.1855883269616652e-8 -0.5000043013050479
vn 0.8660259204207238 2.1855656138831754e-8 -0.4999991051586371
vn 0.8660259204207238 2.1855656138831754e-8 -0.4999991051586371
vn 0.8660254204211869 2.185569399401793e-8 -0.4999999711843054
vn 0.8660254204211869 2.185569399401793e-8 -0.4999999711843054
vn 0.8660264204193947 2.185561828362373e-8 -0.49999823913246894
vn 0.8660264204193947 2.185561828362373e-8 -0.49999823913246894
vn 0.8660259204207238 2.1855656138831754e-8 -0.4999991051586371
vn 0.8660259204207238 2.1855656138831754e-8 -0.4999991051586371
vn 0.8660214203937149 2.1855996834720502e-8 -0.500006899371651
vn 0.8660214203937149 2.1855996834720502e-8 -0.500006899371651
vn 0.8660214203937149 2.1855996834720502e-8 -0.500006899371651
vn 0.8660214203937149 2.1855996834720502e-8 -0.500006899371651
vn 0.866023920417323 2.1855807559449617e-8 -0.5000025692584085
vn 0.866023920417323 2.1855807559449617e-8 -0.5000025692584085
vn 0.8660249204207838 2.1855731849182245e-8 -0.5000008372094736
vn 0.8660249204207838 2.1855731849182245e-8 -0.5000008372094736
vn 0.8660254204211869 2.185569399401793e-8 -0.4999999711843054
vn 0.8660254204211869 2.185569399401793e-8 -0.4999999711843054
vn 0.8660254204211869 2.185569399401793e-8 -0.4999999711843054
vn 0.8660254204211869 2.185569399401793e-8 -0.4999999711843054
vn 0.9211247984545706 0.006774015325335693 -0.38920845107525454
vn 0.9210040739822759 0.006757018223579291 -0.38949433681733653
vn 0.965288616663216 0.014084016013366132 -0.26080553489784347
vn 0.965288616663216 0.014084016013366132 -0.26080553489784347
vn 0.39045019607293246 -0.00921795650188168 -0.9205779020075041
vn 0.3298193280593331 -0.021733953146114343 -0.9437938578519849
vn 0.3298789620451215 -0.021721965047292735 -0.9437732919692723
vn 0.39045019607293246 -0.00921795650188168 -0.9205779020075041
vn 0.2821587085124856 -0.03130595899139248 -0.9588568194168489
vn 0.2821587085124856 -0.03130595899139248 -0.9588568194168489
vn 0.866021920400123 2.1855958979713482e-8 -0.5000060333500814
vn 0.8660254204211869 2.185569399401793e-8 -0.4999999711843054
vn 0.8660254204211869 2.185569399401793e-8 -0.4999999711843054
vn 0.866021920400123 2.1855958979713482e-8 -0.5000060333500814
vn 0.8660259204207238 2.1855656138831754e-8 -0.4999991051586371
vn 0.8660259204207238 2.1855656138831754e-8 -0.4999991051586371
vn 0.8660269204172564 2.1855580428389536e-8 -0.4999973731057022
vn 0.8660269204172564 2.1855580428389536e-8 -0.4999973731057022
vn 0.8660214203937149 2.1855996834720502e-8 -0.500006899371651
vn 0.8660214203937149 2.1855996834720502e-8 -0.500006899371651
vn 0.8660209203862131 2.1856034689722883e-8 -0.5000077653931145
vn 0.8660209203862131 2.1856034689722883e-8 -0.5000077653931145
vn 0.8660254204211869 2.185569399401793e-8 -0.4999999711843054
vn 0.8660254204211869 2.185569399401793e-8 -0.4999999711843054
vn 0.8660254204211869 2.185569399401793e-8 -0.4999999711843054
vn 0.8660254204211869 2.185569399401793e-8 -0.4999999711843054
vn 0.8660254204211869 2.185569399401793e-8 -0.4999999711843054
vn 0.8660254204211869 2.185569399401793e-8 -0.4999999711843054
vn 0.8660254204211869 2.185569399401793e-8 -0.4999999711843054
vn 0.8660254204211869 2.185569399401793e-8 -0.4999999711843054
vn 0.8660254204211869 2.185569399401793e-8 -0.4999999711843054
vn 0.8660254204211869 2.185569399401793e-8 -0.4999999711843054
vn 0.8563241693722835 0.0015360221794334164 -0.5164364022653062
vn 0.8563246850902422 0.0015360222583659022 -0.5164355471312168
vn 0.7946442674158029 0.02178203614419289 -0.6066844576586871
vn 0.7948007228834522 0.021726034013680402 -0.6064814839300359
vn 0.7849327255283188 0.1120329129433181 0.6093679043173508
vn 0.7849321512089105 0.11203295649536783 0.6093686360959669
vn 0.7849321512089105 0.11203295649536783 0.6093686360959669
vn 0.7849327255283188 0.1120329129433181 0.6093679043173508
vn 0.9725604904329215 0.05576203793145375 -0.225868739702081
vn 0.9217230598287759 0.020386015550748402 -0.38731254995138403
vn 0.9216391560706328 0.020339022434126098 -0.38751463219320587
vn 0.9725604904329215 0.05576203793145375 -0.225868739702081
vn 0.8660254204211869 2.185569399401793e-8 -0.4999999711843054
vn 0.8562121148345027 0.001016022834638556 -0.5166234432429753
vn 0.8562126317123655 0.0010160228495018112 -0.516622586608207
vn 0.8660254204211869 2.185569399401793e-8 -0.4999999711843054
vn 0.7999267558375024 0.013027026907054654 -0.5999562332914392
vn 0.8000012781205379 0.013009027723067744 -0.5998572498546687
vn 0.8236570356709346 0.04053398691939465 0.5656377670330962
vn 0.8236570023385615 0.04053498365678509 0.5656377441424848
vn 0.8236570356709346 0.04053398691939465 0.5656377670330962
vn 0.8236570023385615 0.04053498365678509 0.5656377441424848
vn 0.9858209225953019 0.031202013524315304 -0.1648743246396369
vn 0.9385505666676699 0.01238002150216247 -0.34491965568143795
vn 0.9384461444751747 0.012349010923240207 -0.3452047737921613
vn 0.9858209225953019 0.031202013524315304 -0.1648743246396369
vn 0.8660249204207838 2.1855731849182245e-8 -0.5000008372094736
vn 0.8559684978722829 0.00041102275284095227 -0.5170278152194175
vn 0.855967980820822 0.0004110227447486792 -0.5170286712261015
vn 0.8660249204207838 2.1855731849182245e-8 -0.5000008372094736
vn 0.7997254925989754 0.01472103065907022 -0.6001853278310466
vn 0.7998638481476054 0.014679032683487457 -0.6000019586851211
vn 0.9105366434918158 0.013961021716548826 -0.41319258310294926
vn 0.8739280157732474 0.0006080214780329835 -0.48605499025986404
vn 0.8739280157732474 0.0006080214780329835 -0.48605499025986404
vn 0.910481757409033 0.013934026907815533 -0.4133144230721826
vn 0.8660254204211869 2.185569399401793e-8 -0.4999999711843054
vn 0.8660254204211869 2.185569399401793e-8 -0.4999999711843054
vn 0.8557043713278594 0.0020980228800055894 -0.5174607494200776
vn 0.8557043713278594 0.0020980228800055894 -0.5174607494200776
vn 0.7952933768529181 0.02451402262534511 -0.6057289058882747
vn 0.7954461503677808 0.02445202773287367 -0.6055307756050294
vn 0.9173625654117197 0.09034601585589654 0.38766418586219015
vn 0.9173625654117197 0.09034601585589654 0.38766418586219015
vn 0.9173625654117197 0.09034601585589654 0.38766418586219015
vn 0.9173625654117197 0.09034601585589654 0.38766418586219015
vn 0.9600241175529268 0.04687001393026331 -0.2759653882480576
vn 0.9160469307896745 0.01861602580175211 -0.4006388201038011
vn 0.9159925614810416 0.018586019729896208 -0.4007645033956979
vn 0.9600241175529268 0.04687001393026331 -0.2759653882480576
vn 0.8660259204207238 2.1855656138831754e-8 -0.4999991051586371
vn 0.8660254204211869 2.185569399401793e-8 -0.4999999711843054
vn 0.8660254204211869 2.185569399401793e-8 -0.4999999711843054
vn 0.8660259204207238 2.1855656138831754e-8 -0.4999991051586371
vn 0.8660254204211869 2.185569399401793e-8 -0.4999999711843054
vn 0.8660254204211869 2.185569399401793e-8 -0.4999999711843054
vn 0.8660244204195149 2.1855769704324704e-8 -0.5000017032341417
vn 0.8660244204195149 2.1855769704324704e-8 -0.5000017032341417
vn 0.8660229204105688 2.1855883269616652e-8 -0.5000043013050479
vn 0.8660229204105688 2.1855883269616652e-8 -0.5000043013050479
vn 0.8660249204207838 2.1855731849182245e-8 -0.5000008372094736
vn 0.8660249204207838 2.1855731849182245e-8 -0.5000008372094736
vn 0.8660274204141383 2.1855542573142104e-8 -0.49999650707863247
vn 0.8660274204141383 2.1855542573142104e-8 -0.49999650707863247
vn 0.8660279204101543 2.1855504717872812e-8 -0.49999564105106276
vn 0.8660279204101543 2.1855504717872812e-8 -0.49999564105106276
vn 0.8660269204172564 2.1855580428389536e-8 -0.4999973731057022
vn 0.8660269204172564 2.1855580428389536e-8 -0.4999973731057022
vn 0.8660249204207838 2.1855731849182245e-8 -0.5000008372094736
vn 0.8660249204207838 2.1855731849182245e-8 -0.5000008372094736
vn 0.866023920417323 2.1855807559449617e-8 -0.5000025692584085
vn 0.866023920417323 2.1855807559449617e-8 -0.5000025692584085
vn 0.9014047788164014 -0.008946980763005655 -0.4328849457560069
vn 0.9013649205197164 -0.008935981409598006 -0.432968160830254
vn 0.9355335977962549 -0.019153983439886214 -0.3527180351396564
vn 0.9355335977962549 -0.019153983439886214 -0.3527180351396564
vn 0.8030747526295197 0.12098399278484491 -0.5834670643479993
vn 0.8404941161456078 0.054347044668228664 -0.5390881555556969
vn 0.8405245197094644 0.0542870259200851 -0.5390467981390171
vn 0.8030747526295197 0.12098399278484491 -0.5834670643479993
vn 0.8660229204105688 2.1855883269616652e-8 -0.5000043013050479
vn 0.8660229204105688 2.1855883269616652e-8 -0.5000043013050479
vn 0.8660264204193947 2.185561828362373e-8 -0.49999823913246894
vn 0.8660264204193947 2.185561828362373e-8 -0.49999823913246894
vn 0.8660244204195149 2.1855769704324704e-8 -0.5000017032341417
vn 0.8660244204195149 2.1855769704324704e-8 -0.5000017032341417
vn 0.866023920417323 2.1855807559449617e-8 -0.5000025692584085
vn 0.866023920417323 2.1855807559449617e-8 -0.5000025692584085
vn 0.8660249204207838 2.1855731849182245e-8 -0.5000008372094736
vn 0.8660249204207838 2.1855731849182245e-8 -0.5000008372094736
vn 0.8660259204207238 2.1855656138831754e-8 -0.4999991051586371
vn 0.8660259204207238 2.1855656138831754e-8 -0.4999991051586371
vn 0.8660244204195149 2.1855769704324704e-8 -0.5000017032341417
vn 0.8660244204195149 2.1855769704324704e-8 -0.5000017032341417
vn 0.8660224204056653 2.1855921124684605e-8 -0.5000051673280116
vn 0.8660224204056653 2.1855921124684605e-8 -0.5000051673280116
vn 0.8660229204105688 2.1855883269616652e-8 -0.5000043013050479
vn 0.8660229204105688 2.1855883269616652e-8 -0.5000043013050479
vn 0.8660259204207238 2.1855656138831754e-8 -0.4999991051586371
vn 0.8660259204207238 2.1855656138831754e-8 -0.4999991051586371
vn 0.8660269204172564 2.1855580428389536e-8 -0.4999973731057022
vn 0.8660269204172564 2.1855580428389536e-8 -0.4999973731057022
vn 0.8660244204195149 2.1855769704324704e-8 -0.5000017032341417
vn 0.8660244204195149 2.1855769704324704e-8 -0.5000017032341417
vn 0.8660244204195149 2.1855769704324704e-8 -0.5000017032341417
vn 0.8660244204195149 2.1855769704324704e-8 -0.5000017032341417
vn 0.8660224204017681 0.0000030218562000638288 -0.5000051673256304
vn 0.8660224204017681 0.0000030218562000638288 -0.5000051673256304
vn 0.866021920400123 2.1855958979713482e-8 -0.5000060333500814
vn 0.866021920400123 2.1855958979713482e-8 -0.5000060333500814
vn 0.8660244204156178 -0.0000029781445092830156 -0.5000017032320229
vn 0.8660244204156178 -0.0000029781445092830156 -0.5000017032320229
vn 0.8660249204207838 2.1855731849182245e-8 -0.5000008372094736
vn 0.8660249204207838 2.1855731849182245e-8 -0.5000008372094736
vn 0.8660254204211869 2.185569399401793e-8 -0.4999999711843054
vn 0.8660254204211869 2.185569399401793e-8 -0.4999999711843054
vn 0.8660254204211869 2.185569399401793e-8 -0.4999999711843054
vn 0.8660254204211869 2.185569399401793e-8 -0.4999999711843054
vn -0.49999997118430584 3.785517534117868e-8 -0.866025420421186
vn -0.49999997118430584 3.785517534117868e-8 -0.866025420421186
vn -0.49999997118430584 3.785517534117868e-8 -0.866025420421186
vn -0.49999997118430584 3.785517534117868e-8 -0.866025420421186
vn -0.49999997118430584 3.785517534117868e-8 -0.866025420421186
vn -0.49999997118430584 3.785517534117868e-8 -0.866025420421186
vn -0.49999997118430584 3.785517534117868e-8 -0.866025420421186
vn -0.49999997118430584 3.785517534117868e-8 -0.866025420421186
vn -0.49999997118430584 3.785517534117868e-8 -0.866025420421186
vn -0.49999997118430584 3.785517534117868e-8 -0.866025420421186
vn -0.49999997118430584 3.785517534117868e-8 -0.866025420421186
vn -0.49999997118430584 3.785517534117868e-8 -0.866025420421186
vn -0.49999997118430584 3.785517534117868e-8 -0.866025420421186
vn -0.49999997118430584 3.785517534117868e-8 -0.866025420421186
vn -0.4999999710153058 -0.000025962146021282383 -0.8660254201296058
vn -0.4999999710153058 -0.000025962146021282383 -0.8660254201296058
vn 0.6869330677589672 0.03642503535793498 -0.7258072590009191
vn 0.6869330677589672 0.03642503535793498 -0.7258072590009191
vn -0.11910398170018603 0.09471499888864 -0.9883538387281584
vn -0.11910398170018603 0.09471499888864 -0.9883538387281584
vn -0.11910398170018603 0.09471499888864 -0.9883538387281584
vn -0.11910398170018603 0.09471499888864 -0.9883538387281584
vn 0.8803119457081433 0.0006760207515929119 -0.47439479470108675
vn 0.8803114723944973 0.000676020749000767 -0.47439567300575064
vn 0.6737054786417682 0.060311062807221504 -0.736534794664264
vn 0.6737054786417682 0.060311062807221504 -0.736534794664264
vn -0.15267024506058102 0.1263239995364742 -0.9801704154963314
vn -0.15267024506058102 0.1263239995364742 -0.9801704154963314
vn -0.15267024506058102 0.1263239995364742 -0.9801704154963314
vn -0.15267024506058102 0.1263239995364742 -0.9801704154963314
vn 0.8758381786371087 0.0015120217607736866 -0.4826025265493617
vn 0.8758376957636105 0.0015120217271681492 -0.4826034028783737
vn 0.8754113805765349 0.001683021808513968 -0.4833757153547094
vn 0.8754113805765349 0.001683021808513968 -0.4833757153547094
vn 0.6913581150822143 0.06208002428412436 -0.7198402790167068
vn 0.6913581150822143 0.06208002428412436 -0.7198402790167068
vn 0.07577387486960907 0.11996508424391711 -0.9898821639213399
vn 0.07577387486960907 0.11996508424391711 -0.9898821639213399
vn 0.07577387486960907 0.11996508424391711 -0.9898821639213399
vn 0.07577387486960907 0.11996508424391711 -0.9898821639213399
vn -0.2144619429616564 0.02393604277516819 -0.97643901032137
vn -0.08635995776684481 0.0880400951255804 -0.9923663130844314
vn -0.07477710592599066 0.09370307683674182 -0.9927880528192615
vn -0.2144619429616564 0.02393604277516819 -0.97643901032137
vn 0.22139343171970818 0.23115105135277042 -0.9473933395638159
vn 0.22139343171970818 0.23115105135277042 -0.9473933395638159
vn -0.49999997118430584 3.785517534117868e-8 -0.866025420421186
vn -0.49999997118430584 3.785517534117868e-8 -0.866025420421186
vn 0.4370674776935789 -0.4856830487464471 0.7570231146424324
vn 0.4370674776935789 -0.4856830487464471 0.7570231146424324
vn -0.49999996906830557 -0.00009196215177902205 -0.8660254167601872
vn -0.49999996906830557 -0.00009196215177902205 -0.8660254167601872
vn -0.4999999672780553 -0.0001249621569894973 -0.8660254136608249
vn -0.4999999672780553 -0.0001249621569894973 -0.8660254136608249
vn -0.8660254204194548 -0.00000202185580420324 0.499999971183218
vn -0.8660254204194548 -0.00000202185580420324 0.499999971183218
vn -0.8660254204194548 -0.00000202185580420324 0.499999971183218
vn -0.8660254204194548 -0.00000202185580420324 0.499999971183218
vn -0.8660244204156178 -0.0000030218560486914686 0.5000017032317606
vn -0.8660244204156178 -0.0000030218560486914686 0.5000017032317606
vn -0.8660224204017681 -0.0000030218562000638288 0.5000051673256304
vn -0.8660224204017681 -0.0000030218562000638288 0.5000051673256304
vn -0.866021920400123 -2.1855958979713482e-8 0.5000060333500814
vn -0.866021920400123 -2.1855958979713482e-8 0.5000060333500814
vn -0.866024920420351 9.781443232564616e-7 0.5000008372092674
vn -0.866024920420351 9.781443232564616e-7 0.5000008372092674
vn -0.8660259204168267 -0.000003021855935130476 0.49999910515625595
vn -0.8660259204168267 -0.000003021855935130476 0.49999910515625595
vn -0.8660254204142586 -0.000004021855914388374 0.49999997118013045
vn -0.8660254204142586 -0.000004021855914388374 0.49999997118013045
vn -0.8660249204190519 -0.0000020218558420574045 0.5000008372083862
vn -0.8660249204190519 -0.0000020218558420574045 0.5000008372083862
vn -0.866024920420351 -0.0000010218557869548044 0.50000083720918
vn -0.866024920420351 -0.0000010218557869548044 0.50000083720918
vn -0.8660254204211869 -2.185569399401793e-8 0.4999999711843054
vn -0.8660254204211869 -2.185569399401793e-8 0.4999999711843054
vn -0.8660254204211869 -2.185569399401793e-8 0.4999999711843054
vn -0.8660254204211869 -2.185569399401793e-8 0.4999999711843054
vn -0.8660254204207538 9.781443611121259e-7 0.49999997118409906
vn -0.8660254204207538 9.781443611121259e-7 0.49999997118409906
vn -0.8660254204207538 9.781443611121259e-7 0.49999997118409906
vn -0.8660254204207538 9.781443611121259e-7 0.49999997118409906
vn -0.8660254204194546 0.000001978144416215291 0.49999997118339273
vn -0.8660254204194546 0.000001978144416215291 0.49999997118339273
vn -0.8660259204189916 0.0000019781444540694773 0.49999910515772444
vn -0.8660259204189916 0.0000019781444540694773 0.49999910515772444
vn -0.8660259204202907 9.78144398966812e-7 0.49999910515843077
vn -0.8660259204202907 9.78144398966812e-7 0.49999910515843077
vn -0.8660244204195149 -2.1855769704324704e-8 0.5000017032341417
vn -0.8660244204195149 -2.1855769704324704e-8 0.5000017032341417
vn -0.8660234204139459 9.781442096835996e-7 0.5000034352817719
vn -0.8660234204139459 9.781442096835996e-7 0.5000034352817719
vn -0.8886298667906813 0.05876600103658409 0.45484449757004203
vn -0.8886044879811021 0.058690978843172543 0.4549037622863474
vn -0.9091195520527775 0.13057799426479144 0.39553890768057376
vn -0.9091195520527775 0.13057799426479144 0.39553890768057376
vn -0.9554684867879122 0.14039103004010503 -0.2595579500602813
vn -0.9829380147083073 0.016332009590678345 -0.18321060205135978
vn -0.9829380147083073 0.016332009590678345 -0.18321060205135978
vn -0.9562867334576199 0.13773402522440514 -0.257963217743224
vn -0.9176203221509214 0.23910011282258753 -0.31749658332628633
vn -0.9176203221509214 0.23910011282258753 -0.31749658332628633
vn -0.7648540998271969 -0.020684025935185858 0.6438713979116024
vn -0.8220785185624039 -0.009679023928244237 0.5692918634707856
vn -0.8221442900391592 -0.009666028983743762 0.5691970961272487
vn -0.7648540998271969 -0.020684025935185858 0.6438713979116024
vn -0.8660254204211869 -2.185569399401793e-8 0.4999999711843054
vn -0.8660254204211869 -2.185569399401793e-8 0.4999999711843054
vn -0.8660254204211869 -2.185569399401793e-8 0.4999999711843054
vn -0.8660254204211869 -2.185569399401793e-8 0.4999999711843054
vn -0.8660259204202907 9.78144398966812e-7 0.49999910515843077
vn -0.8660259204202907 9.78144398966812e-7 0.49999910515843077
vn -0.8660279204097211 9.78144550375771e-7 0.4999956410508564
vn -0.8660279204097211 9.78144550375771e-7 0.4999956410508564
vn -0.8660289203998155 -2.185542900725145e-8 0.4999939089940294
vn -0.8660289203998155 -2.185542900725145e-8 0.4999939089940294
vn -0.8660274204137053 -0.0000010218555976712642 0.49999650707833876
vn -0.8660274204137053 -0.0000010218555976712642 0.49999650707833876
vn -0.8660254204211869 -2.185569399401793e-8 0.4999999711843054
vn -0.8660254204211869 -2.185569399401793e-8 0.4999999711843054
vn -0.8660254204211869 -2.185569399401793e-8 0.4999999711843054
vn -0.8660254204211869 -2.185569399401793e-8 0.4999999711843054
vn -0.8660254204211869 -2.185569399401793e-8 0.4999999711843054
vn -0.8660254204211869 -2.185569399401793e-8 0.4999999711843054
vn -0.8660254204207538 -0.0000010218557491001398 0.4999999711840116
vn -0.8660254204207538 -0.0000010218557491001398 0.4999999711840116
vn -0.8660254204207538 -0.0000010218557491001398 0.4999999711840116
vn -0.8660254204207538 -0.0000010218557491001398 0.4999999711840116
vn -0.8421669186990847 0.00404297587330352 0.5392017575963355
vn -0.8017726571029836 0.015484970463884183 0.5974285078666353
vn -0.8017762465865965 0.015482982253486467 0.5974237421378962
vn -0.84216853493627 0.0040429764131612875 0.5391992332199845
vn -0.7837019372300469 0.028298969969907373 0.6204920965495967
vn -0.7837019372300469 0.028298969969907373 0.6204920965495967
vn 0.0015414999774290695 0.09813495716467105 0.9951719218105523
vn 0.0015414999774290695 0.09813495716467105 0.9951719218105523
vn 0.0015414999774290695 0.09813495716467105 0.9951719218105523
vn 0.0015414999774290695 0.09813495716467105 0.9951719218105523
vn -0.9732163895995352 0.06608499558733598 0.22018772075905493
vn -0.9406055644952692 0.030438999170676134 0.3381340553242508
vn -0.9405397595581239 0.030380002594503075 0.3383223553546303
vn -0.9732163895995352 0.06608499558733598 0.22018772075905493
vn -0.8695312977172062 0.12420707354414724 -0.4780041058106406
vn -0.8695312977172062 0.12420707354414724 -0.4780041058106406
vn -0.8695312977172062 0.12420707354414724 -0.4780041058106406
vn -0.8695312977172062 0.12420707354414724 -0.4780041058106406
vn -0.889353759581131 0.005039980153229399 0.4571919606893399
vn -0.8893523961080599 0.0050389804021319885 0.457194623998751
vn -0.8660254204211869 -2.185569399401793e-8 0.4999999711843054
vn -0.8660254204211869 -2.185569399401793e-8 0.4999999711843054
vn -0.8660254204211869 -2.185569399401793e-8 0.4999999711843054
vn -0.8660254204211869 -2.185569399401793e-8 0.4999999711843054
vn -0.8660254204211869 -2.185569399401793e-8 0.4999999711843054
vn -0.8660254204211869 -2.185569399401793e-8 0.4999999711843054
vn -0.8660254204207538 -0.0000010218557491001398 0.4999999711840116
vn -0.8660254204207538 -0.0000010218557491001398 0.4999999711840116
vn -0.8660254204207538 -0.0000010218557491001398 0.4999999711840116
vn -0.8660254204207538 -0.0000010218557491001398 0.4999999711840116
vn -0.8660254204207538 -0.0000010218557491001398 0.4999999711840116
vn -0.8660254204207538 -0.0000010218557491001398 0.4999999711840116
vn -0.844676838133601 0.0009509771226622875 0.5352757558148273
vn -0.7857303473918895 0.008738974844503276 0.6185074385212256
vn -0.785766082887166 0.0087319695472804 0.6184621376381783
vn -0.844676838133601 0.0009509771226622875 0.5352757558148273
vn -0.7251421268719992 0.020811967280191242 0.6882846488579285
vn -0.7251421268719992 0.020811967280191242 0.6882846488579285
vn -0.17856974854150978 0.034275957843648716 0.9833300583322583
vn -0.17856974854150978 0.034275957843648716 0.9833300583322583
vn -0.17856974854150978 0.034275957843648716 0.9833300583322583
vn -0.17856974854150978 0.034275957843648716 0.9833300583322583
vn -0.9043124889829016 0.010552980489212766 0.42674062013399156
vn -0.8977949426530137 0.005434982804944275 0.4403801788325418
vn -0.8977949426530137 0.005434982804944275 0.4403801788325418
vn -0.9043124889829016 0.010552980489212766 0.42674062013399156
vn -0.8795859638371211 0.08739604465671554 -0.46764352192571246
vn -0.8795859638371211 0.08739604465671554 -0.46764352192571246
vn -0.8795863710447885 0.08739599510552248 -0.4676427652725691
vn -0.8795859638371211 0.08739604465671554 -0.46764352192571246
vn -0.8792798225032686 0.0014279799027987813 0.4763034270420672
vn -0.8792793471468339 0.0014279799414656255 0.4763043045725328
vn -0.8660254204211869 -2.185569399401793e-8 0.4999999711843054
vn -0.8660254204211869 -2.185569399401793e-8 0.4999999711843054
vn -0.8562860454205594 0.0014509780963123556 0.5164998577740205
vn -0.8424392979402977 0.005147977975547654 0.5387666726966521
vn -0.8424392979402977 0.005147977975547654 0.5387666726966521
vn -0.8562865619498362 0.0014509781241554788 0.5164990014381562
vn -0.8412510293838731 0.009117973409730867 0.540567820094272
vn -0.8412510293838731 0.009117973409730867 0.540567820094272
vn 0.1989381439363371 0.11464694410374236 0.9732829460618523
vn 0.1989381439363371 0.11464694410374236 0.9732829460618523
vn 0.1989381439363371 0.11464694410374236 0.9732829460618523
vn 0.1989381439363371 0.11464694410374236 0.9732829460618523
vn -0.8900133214013135 0.010065978999289517 0.45582339101343633
vn -0.8883811693371771 0.005587980191448618 0.45907262219009515
vn -0.8883811693371771 0.005587980191448618 0.45907262219009515
vn -0.8900133214013135 0.010065978999289517 0.45582339101343633
vn -0.73201981142071 0.1290270050703261 -0.6689536812442025
vn -0.73201981142071 0.1290270050703261 -0.6689536812442025
vn -0.73201981142071 0.1290270050703261 -0.6689536812442025
vn -0.73201981142071 0.1290270050703261 -0.6689536812442025
vn -0.875033331624739 0.00147397945190524 0.48406042590805215
vn -0.8750328475281013 0.0014739794788587517 0.4840613010057289
vn -0.8660254204211869 -2.185569399401793e-8 0.4999999711843054
vn -0.8660254204211869 -2.185569399401793e-8 0.4999999711843054
vn -0.8660254204211869 -2.185569399401793e-8 0.4999999711843054
vn -0.8660254204211869 -2.185569399401793e-8 0.4999999711843054
vn -0.8660254204207538 9.781443611121259e-7 0.49999997118409906
vn -0.8660254204207538 9.781443611121259e-7 0.49999997118409906
vn -0.8660254204207538 9.781443611121259e-7 0.49999997118409906
vn -0.8660254204207538 9.781443611121259e-7 0.49999997118409906
vn -0.8660254204211869 -2.185569399401793e-8 0.4999999711843054
vn -0.8660254204211869 -2.185569399401793e-8 0.4999999711843054
vn -0.8660254204211869 -2.185569399401793e-8 0.4999999711843054
vn -0.8660254204211869 -2.185569399401793e-8 0.4999999711843054
vn -0.8660254204211869 -2.185569399401793e-8 0.4999999711843054
vn -0.8660254204211869 -2.185569399401793e-8 0.4999999711843054
vn -0.8660254204211869 -2.185569399401793e-8 0.4999999711843054
vn -0.8660254204211869 -2.185569399401793e-8 0.4999999711843054
vn -0.8660254204211869 -2.185569399401793e-8 0.4999999711843054
vn -0.8660254204211869 -2.185569399401793e-8 0.4999999711843054
vn -0.8660254204211869 -2.185569399401793e-8 0.4999999711843054
vn -0.8660254204211869 -2.185569399401793e-8 0.4999999711843054
vn -0.8660254204211869 -2.185569399401793e-8 0.4999999711843054
vn -0.8660254204211869 -2.185569399401793e-8 0.4999999711843054
vn -0.9364982366999045 -0.03502297848805917 -0.34891896428224467
vn -0.9529877706051452 -0.02460497368307113 -0.3020081196707975
vn -0.953009956104848 -0.024588993520394852 -0.3019394061110436
vn -0.9364982366999045 -0.03502297848805917 -0.34891896428224467
vn -0.9711736306970982 -0.01059099281830708 -0.23813779605459323
vn -0.9711736306970982 -0.01059099281830708 -0.23813779605459323
vn -0.6604356322050317 0.01755696463774839 0.750677379908739
vn -0.777187230321836 0.00857997588367437 0.6292109288930932
vn -0.7775740112362292 0.008546976446800435 0.6287333347641259
vn -0.6604356322050317 0.01755696463774839 0.750677379908739
vn -0.8660259204202907 9.78144398966812e-7 0.49999910515843077
vn -0.8660259204202907 9.78144398966812e-7 0.49999910515843077
vn -0.8660259204202907 9.78144398966812e-7 0.49999910515843077
vn -0.8660259204202907 9.78144398966812e-7 0.49999910515843077
vn -0.8660254204211869 -2.185569399401793e-8 0.4999999711843054
vn -0.8660254204211869 -2.185569399401793e-8 0.4999999711843054
vn -0.8660249204207838 -2.1855731849182245e-8 0.5000008372094736
vn -0.8660249204207838 -2.1855731849182245e-8 0.5000008372094736
vn -0.866024920420351 9.781443232564616e-7 0.5000008372092674
vn -0.866024920420351 9.781443232564616e-7 0.5000008372092674
vn -0.866024920420351 9.781443232564616e-7 0.5000008372092674
vn -0.866024920420351 9.781443232564616e-7 0.5000008372092674
vn -0.8660254204211869 -2.185569399401793e-8 0.4999999711843054
vn -0.8660254204211869 -2.185569399401793e-8 0.4999999711843054
vn -0.8660254204211869 -2.185569399401793e-8 0.4999999711843054
vn -0.8660254204211869 -2.185569399401793e-8 0.4999999711843054
vn -0.8660254204207538 -0.0000010218557491001398 0.4999999711840116
vn -0.8660254204207538 -0.0000010218557491001398 0.4999999711840116
vn -0.866024920420351 -0.0000010218557869548044 0.50000083720918
vn -0.866024920420351 -0.0000010218557869548044 0.50000083720918
vn -0.8660249204207838 -2.1855731849182245e-8 0.5000008372094736
vn -0.8660249204207838 -2.1855731849182245e-8 0.5000008372094736
vn -0.8660254204211869 -2.185569399401793e-8 0.4999999711843054
vn -0.8660254204211869 -2.185569399401793e-8 0.4999999711843054
vn -0.8660254204207538 -0.0000010218557491001398 0.4999999711840116
vn -0.8660254204207538 -0.0000010218557491001398 0.4999999711840116
vn -0.8660254204207538 -0.0000010218557491001398 0.4999999711840116
vn -0.8660254204207538 -0.0000010218557491001398 0.4999999711840116
vn -0.8660249204190519 -0.0000020218558420574045 0.5000008372083862
vn -0.8660249204190519 -0.0000020218558420574045 0.5000008372083862
vn -0.8660234204139459 -0.0000010218559005126657 0.5000034352816844
vn -0.8660234204139459 -0.0000010218559005126657 0.5000034352816844
vn -0.866023920415591 0.0000019781443026408598 0.5000025692574959
vn -0.866023920415591 0.0000019781443026408598 0.5000025692574959
vn 0.4370767155096097 -0.4856529123286644 0.7570371150122154
vn 0.4370767155096097 -0.4856529123286644 0.7570371150122154
vn -0.8660249204190518 0.000001978144378359127 0.500000837208561
vn -0.8660249204190518 0.000001978144378359127 0.500000837208561
vn -0.8660249204190518 0.000001978144378359127 0.500000837208561
vn -0.8660249204190518 0.000001978144378359127 0.500000837208561
vn 0.4370644332143918 -0.48569400752635455 0.7570178414489134
vn 0.4370644332143918 -0.48569400752635455 0.7570178414489134
vn 0.937302933317972 -0.1669170192710564 0.3059443084471279
vn 0.9585592566562862 -0.15599111816356914 0.23839237096146207
vn 0.9586065224318754 -0.1559620140757557 0.23822129484263202
vn 0.937302933317972 -0.1669170192710564 0.3059443084471279
vn 0.9783432890213385 -0.14107208779774733 0.15146971602037954
vn 0.9783432890213385 -0.14107208779774733 0.15146971602037954
vn -0.15759093394911497 -0.17356105898967253 0.972132530234139
vn -0.08988742233565886 -0.18262904313544695 0.9790642899775691
vn -0.08988742233565886 -0.18262904313544695 0.9790642899775691
vn -0.15777807548684403 -0.17353414482918164 0.9721069794390288
vn -0.24517061520034827 -0.16044103668353318 0.9561119407214805
vn -0.24517061520034827 -0.16044103668353318 0.9561119407214805
vn 0.7309428927290816 0.0461650259965196 -0.680875376220629
vn 0.8101405173296441 0.021064025268346144 -0.58585719166052
vn 0.8102993233578233 0.021009039041646714 -0.585639502462394
vn 0.7309428927290816 0.0461650259965196 -0.680875376220629
vn -0.9232358774168452 0.02669799086812424 0.3833050116212331
vn -0.9699843935342776 0.0577400154868208 0.2362125460502074
vn -0.9699843935342776 0.0577400154868208 0.2362125460502074
vn -0.9230317685520067 0.026588981072128412 0.3838038305297389
vn 0.9708256236763015 -0.1978940893989104 0.135408780344911
vn 0.9708256236763015 -0.1978940893989104 0.135408780344911
vn 0.9708256236763015 -0.1978940893989104 0.135408780344911
vn 0.9708256236763015 -0.1978940893989104 0.135408780344911
vn 0.7329728831284283 -0.20484600661686847 0.6486824077863691
vn 0.7329728831284283 -0.20484600661686847 0.6486824077863691
vn 0.7329728831284283 -0.20484600661686847 0.6486824077863691
vn 0.7329728831284283 -0.20484600661686847 0.6486824077863691
vn -0.3412603580169211 -0.17869202425160655 0.9228274641096386
vn -0.3323160910413263 -0.20713700399185023 0.9201414441336143
vn -0.3323160910413263 -0.20713700399185023 0.9201414441336143
vn -0.34126044784626214 -0.1786910493588882 0.9228276196640346
vn -0.3534889215238119 -0.13783907536002724 0.9252275242683959
vn -0.3534889215238119 -0.13783907536002724 0.9252275242683959
vn -0.8660254204211869 -2.185569399401793e-8 0.4999999711843054
vn -0.8660254204211869 -2.185569399401793e-8 0.4999999711843054
vn 0.011947820805579575 0.1246360002387072 0.9921305947416876
vn 0.011947820805579575 0.1246360002387072 0.9921305947416876
vn 0.011947820805579575 0.1246360002387072 0.9921305947416876
vn 0.011947820805579575 0.1246360002387072 0.9921305947416876
vn 0.965511547050673 0.09956297131217492 0.24057154290419963
vn 0.965511547050673 0.09956297131217492 0.24057154290419963
vn 0.965511547050673 0.09956297131217492 0.24057154290419963
vn 0.965511547050673 0.09956297131217492 0.24057154290419963
vn 0.9591144456848637 0.042437010477486714 -0.27981883464189927
vn 0.9591144456848637 0.042437010477486714 -0.27981883464189927
vn 0.5574571775771933 0.05496804129163577 -0.8283839747389072
vn 0.5594737988408126 0.05481505737959227 -0.827033480516419
vn 0.2923215698679534 0.07084505192621311 -0.9536923394929347
vn 0.2923215698679534 0.07084505192621311 -0.9536923394929347
vn -0.8660254204194548 -0.00000202185580420324 0.499999971183218
vn -0.8660254204194548 -0.00000202185580420324 0.499999971183218
vn -0.8642741520077524 0.08970798677439595 -0.4949572378298606
vn -0.8642741520077524 0.08970798677439595 -0.4949572378298606
vn -0.8642741520077524 0.08970798677439595 -0.4949572378298606
vn -0.8642741520077524 0.08970798677439595 -0.4949572378298606
f 4/4/4 1/1/1 2/2/2
f 2/2/2 3/3/3 4/4/4
f 3/3/3 2/2/2 5/5/5
f 5/5/5 6/6/6 3/3/3
f 8/8/8 3/3/3 6/6/6
f 6/6/6 7/7/7 8/8/8
f 9/9/9 4/4/4 3/3/3
f 3/3/3 8/8/8 9/9/9
f 13/13/13 10/10/10 11/11/11
f 11/11/11 12/12/12 13/13/13
f 12/12/12 11/11/11 14/14/14
f 14/14/14 15/15/15 12/12/12
f 17/17/17 12/12/12 15/15/15
f 15/15/15 16/16/16 17/17/17
f 18/18/18 13/13/13 12/12/12
f 12/12/12 17/17/17 18/18/18
f 20/20/20 18/18/18 17/17/17
f 17/17/17 19/19/19 20/20/20
f 19/19/19 17/17/17 16/16/16
f 16/16/16 21/21/21 19/19/19
f 23/23/23 19/19/19 21/21/21
f 21/21/21 22/22/22 23/23/23
f 24/24/24 20/20/20 19/19/19
f 19/19/19 23/23/23 24/24/24
f 6/6/6 5/5/5 25/25/25
f 25/25/25 26/26/26 6/6/6
f 26/26/26 25/25/25 27/27/27
f 27/27/27 28/28/28 26/26/26
f 30/30/30 26/26/26 28/28/28
f 28/28/28 29/29/29 30/30/30
f 7/7/7 6/6/6 26/26/26
f 26/26/26 30/30/30 7/7/7
f 15/15/15 14/14/14 31/31/31
f 31/31/31 32/32/32 15/15/15
f 32/32/32 31/31/31 33/33/33
f 33/33/33 34/34/34 32/32/32
f 36/36/36 32/32/32 34/34/34
f 34/34/34 35/35/35 36/36/36
f 16/16/16 15/15/15 32/32/32
f 32/32/32 36/36/36 16/16/16
f 21/21/21 16/16/16 36/36/36
f 36/36/36 37/37/37 21/21/21
f 37/37/37 36/36/36 35/35/35
f 35/35/35 38/38/38 37/37/37
f 40/40/40 37/37/37 38/38/38
f 38/38/38 39/39/39 40/40/40
f 22/22/22 21/21/21 37/37/37
f 37/37/37 40/40/40 22/22/22
f 28/28/28 27/27/27 41/41/41
f 41/41/41 42/42/42 28/28/28
f 42/42/42 41/41/41 43/43/43
f 43/43/43 44/44/44 42/42/42
f 46/46/46 42/42/42 44/44/44
f 44/44/44 45/45/45 46/46/46
f 29/29/29 28/28/28 42/42/42
f 42/42/42 46/46/46 29/29/29
f 34/34/34 33/33/33 47/47/47
f 47/47/47 48/48/48 34/34/34
f 48/48/48 47/47/47 49/49/49
f 49/49/49 50/50/50 48/48/48
f 52/52/52 48/48/48 50/50/50
f 50/50/50 51/51/51 52/52/52
f 35/35/35 34/34/34 48/48/48
f 48/48/48 52/52/52 35/35/35
f 38/38/38 35/35/35 52/52/52
f 52/52/52 53/53/53 38/38/38
f 53/53/53 52/52/52 51/51/51
f 51/51/51 54/54/54 53/53/53
f 56/56/56 53/53/53 54/54/54
f 54/54/54 55/55/55 56/56/56
f 39/39/39 38/38/38 53/53/53
f 53/53/53 56/56/56 39/39/39
f 44/44/44 43/43/43 57/57/57
f 57/57/57 58/58/58 44/44/44
f 58/58/58 57/57/57 59/59/59
f 59/59/59 60/60/60 58/58/58
f 62/62/62 58/58/58 60/60/60
f 60/60/60 61/61/61 62/62/62
f 45/45/45 44/44/44 58/58/58
f 58/58/58 62/62/62 45/45/45
f 50/50/50 49/49/49 63/63/63
f 63/63/63 64/64/64 50/50/50
f 64/64/64 63/63/63 65/65/65
f 65/65/65 66/66/66 64/64/64
f 68/68/68 64/64/64 66/66/66
f 66/66/66 67/67/67 68/68/68
f 51/51/51 50/50/50 64/64/64
f 64/64/64 68/68/68 51/51/51
f 54/54/54 51/51/51 68/68/68
f 68/68/68 69/69/69 54/54/54
f 69/69/69 68/68/68 67/67/67
f 67/67/67 70/70/70 69/69/69
f 72/72/72 69/69/69 70/70/70
f 70/70/70 71/71/71 72/72/72
f 55/55/55 54/54/54 69/69/69
f 69/69/69 72/72/72 55/55/55
f 60/60/60 59/59/59 73/73/73
f 73/73/73 74/74/74 60/60/60
f 74/74/74 73/73/73 75/75/75
f 75/75/75 76/76/76 74/74/74
f 78/78/78 74/74/74 76/76/76
f 76/76/76 77/77/77 78/78/78
f 61/61/61 60/60/60 74/74/74
f 74/74/74 78/78/78 61/61/61
f 66/66/66 65/65/65 79/79/79
f 79/79/79 80/80/80 66/66/66
f 80/80/80 79/79/79 81/81/81
f 81/81/81 82/82/82 80/80/80
f 84/84/84 80/80/80 82/82/82
f 82/82/82 83/83/83 84/84/84
f 67/67/67 66/66/66 80/80/80
f 80/80/80 84/84/84 67/67/67
f 70/70/70 67/67/67 84/84/84
f 84/84/84 85/85/85 70/70/70
f 85/85/85 84/84/84 83/83/83
f 83/83/83 86/86/86 85/85/85
f 88/88/88 85/85/85 86/86/86
f 86/86/86 87/87/87 88/88/88
f 71/71/71 70/70/70 85/85/85
f 85/85/85 88/88/88 71/71/71
f 76/76/76 75/75/75 89/89/89
f 89/89/89 90/90/90 76/76/76
f 90/90/90 89/89/89 91/91/91
f 91/91/91 92/92/92 90/90/90
f 94/94/94 90/90/90 92/92/92
f 92/92/92 93/93/93 94/94/94
f 77/77/77 76/76/76 90/90/90
f 90/90/90 94/94/94 77/77/77
f 82/82/82 81/81/81 95/95/95
f 95/95/95 96/96/96 82/82/82
f 96/96/96 95/95/95 97/97/97
f 97/97/97 98/98/98 96/96/96
f 100/100/100 96/96/96 98/98/98
f 98/98/98 99/99/99 100/100/100
f 83/83/83 82/82/82 96/96/96
f 96/96/96 100/100/100 83/83/83
f 86/86/86 83/83/83 100/100/100
f 100/100/100 101/101/101 86/86/86
f 101/101/101 100/100/100 99/99/99
f 99/99/99 102/102/102 101/101/101
f 104/104/104 101/101/101 102/102/102
f 102/102/102 103/103/103 104/104/104
f 87/87/87 86/86/86 101/101/101
f 101/101/101 104/104/104 87/87/87
f 92/92/92 91/91/91 105/105/105
f 105/105/105 106/106/106 92/92/92
f 106/106/106 105/105/105 107/107/107
f 107/107/107 108/108/108 106/106/106
f 110/110/110 106/106/106 108/108/108
f 108/108/108 109/109/109 110/110/110
f 93/93/93 92/92/92 106/106/106
f 106/106/106 110/110/110 93/93/93
f 98/98/98 97/97/97 111/111/111
f 111/111/111 112/112/112 98/98/98
f 112/112/112 111/111/111 113/113/113
f 113/113/113 114/114/114 112/112/112
f 116/116/116 112/112/112 114/114/114
f 114/114/114 115/115/115 116/116/116
f 99/99/99 98/98/98 112/112/112
f 112/112/112 116/116/116 99/99/99
f 102/102/102 99/99/99 116/116/116
f 116/116/116 117/117/117 102/102/102
f 117/117/117 116/116/116 115/115/115
f 115/115/115 118/118/118 117/117/117
f 120/120/120 117/117/117 118/118/118
f 118/118/118 119/119/119 120/120/120
f 103/103/103 102/102/102 117/117/117
f 117/117/117 120/120/120 103/103/103
f 108/108/108 107/107/107 121/121/121
f 121/121/121 122/122/122 108/108/108
f 122/122/122 121/121/121 123/123/123
f 123/123/123 124/124/124 122/122/122
f 126/126/126 122/122/122 124/124/124
f 124/124/124 125/125/125 126/126/126
f 109/109/109 108/108/108 122/122/122
f 122/122/122 126/126/126 109/109/109
f 114/114/114 113/113/113 127/127/127
f 127/127/127 128/128/128 114/114/114
f 128/128/128 127/127/127 129/129/129
f 129/129/129 130/130/130 128/128/128
f 132/132/132 128/128/128 130/130/130
f 130/130/130 131/131/131 132/132/132
f 115/115/115 114/114/114 128/128/128
f 128/128/128 132/132/132 115/115/115
f 118/118/118 115/115/115 132/132/132
f 132/132/132 133/133/133 118/118/118
f 133/133/133 132/132/132 131/131/131
f 131/131/131 134/134/134 133/133/133
f 136/136/136 133/133/133 134/134/134
f 134/134/134 135/135/135 136/136/136
f 119/119/119 118/118/118 133/133/133
f 133/133/133 136/136/136 119/119/119
f 124/124/124 123/123/123 137/137/137
f 137/137/137 138/138/138 124/124/124
f 138/138/138 137/137/137 139/139/139
f 139/139/139 140/140/140 138/138/138
f 142/142/142 138/138/138 140/140/140
f 140/140/140 141/141/141 142/142/142
f 125/125/125 124/124/124 138/138/138
f 138/138/138 142/142/142 125/125/125
f 130/130/130 129/129/129 143/143/143
f 143/143/143 144/144/144 130/130/130
f 144/144/144 143/143/143 145/145/145
f 145/145/145 146/146/146 144/144/144
f 148/148/148 144/144/144 146/146/146
f 146/146/146 147/147/147 148/148/148
f 131/131/131 130/130/130 144/144/144
f 144/144/144 148/148/148 131/131/131
f 134/134/134 131/131/131 148/148/148
f 148/148/148 149/149/149 134/134/134
f 149/149/149 148/148/148 147/147/147
f 147/147/147 150/150/150 149/149/149
f 152/152/152 149/149/149 150/150/150
f 150/150/150 151/151/151 152/152/152
f 135/135/135 134/134/134 149/149/149
f 149/149/149 152/152/152 135/135/135
f 140/140/140 139/139/139 153/153/153
f 153/153/153 154/154/154 140/140/140
f 154/154/154 153/153/153 155/155/155
f 155/155/155 156/156/156 154/154/154
f 158/158/158 154/154/154 156/156/156
f 156/156/156 157/157/157 158/158/158
f 141/141/141 140/140/140 154/154/154
f 154/154/154 158/158/158 141/141/141
f 146/146/146 145/145/145 159/159/159
f 159/159/159 160/160/160 146/146/146
f 160/160/160 159/159/159 161/161/161
f 161/161/161 162/162/162 160/160/160
f 164/164/164 160/160/160 162/162/162
f 162/162/162 163/163/163 164/164/164
f 147/147/147 146/146/146 160/160/160
f 160/160/160 164/164/164 147/147/147
f 150/150/150 147/147/147 164/164/164
f 164/164/164 165/165/165 150/150/150
f 165/165/165 164/164/164 163/163/163
f 163/163/163 166/166/166 165/165/165
f 168/168/168 165/165/165 166/166/166
f 166/166/166 167/167/167 168/168/168
f 151/151/151 150/150/150 165/165/165
f 165/165/165 168/168/168 151/151/151
f 172/172/172 169/169/169 170/170/170
f 170/170/170 171/171/171 172/172/172
f 171/171/171 170/170/170 173/173/173
f 173/173/173 174/174/174 171/171/171
f 176/176/176 171/171/171 174/174/174
f 174/174/174 175/175/175 176/176/176
f 177/177/177 172/172/172 171/171/171
f 171/171/171 176/176/176 177/177/177
f 181/181/181 178/178/178 179/179/179
f 179/179/179 180/180/180 181/181/181
f 180/180/180 179/179/179 182/182/182
f 182/182/182 183/183/183 180/180/180
f 185/185/185 180/180/180 183/183/183
f 183/183/183 184/184/184 185/185/185
f 186/186/186 181/181/181 180/180/180
f 180/180/180 185/185/185 186/186/186
f 188/188/188 186/186/186 185/185/185
f 185/185/185 187/187/187 188/188/188
f 187/187/187 185/185/185 184/184/184
f 184/184/184 189/189/189 187/187/187
f 191/191/191 187/187/187 189/189/189
f 189/189/189 190/190/190 191/191/191
f 192/192/192 188/188/188 187/187/187
f 187/187/187 191/191/191 192/192/192
f 196/196/196 193/193/193 194/194/194
f 194/194/194 195/195/195 196/196/196
f 195/195/195 194/194/194 197/197/197
f 197/197/197 198/198/198 195/195/195
f 200/200/200 195/195/195 198/198/198
f 198/198/198 199/199/199 200/200/200
f 201/201/201 196/196/196 195/195/195
f 195/195/195 200/200/200 201/201/201
f 205/205/205 202/202/202 203/203/203
f 203/203/203 204/204/204 205/205/205
f 204/204/204 203/203/203 206/206/206
f 206/206/206 207/207/207 204/204/204
f 209/209/209 204/204/204 207/207/207
f 207/207/207 208/208/208 209/209/209
f 210/210/210 205/205/205 204/204/204
f 204/204/204 209/209/209 210/210/210
f 212/212/212 210/210/210 209/209/209
f 209/209/209 211/211/211 212/212/212
f 211/211/211 209/209/209 208/208/208
f 208/208/208 213/213/213 211/211/211
f 215/215/215 211/211/211 213/213/213
f 213/213/213 214/214/214 215/215/215
f 216/216/216 212/212/212 211/211/211
f 211/211/211 215/215/215 216/216/216
f 198/198/198 197/197/197 217/217/217
f 217/217/217 218/218/218 198/198/198
f 218/218/218 217/217/217 219/219/219
f 219/219/219 220/220/220 218/218/218
f 222/222/222 218/218/218 220/220/220
f 220/220/220 221/221/221 222/222/222
f 199/199/199 198/198/198 218/218/218
f 218/218/218 222/222/222 199/199/199
f 207/207/207 206/206/206 223/223/223
f 223/223/223 224/224/224 207/207/207
f 224/224/224 223/223/223 225/225/225
f 225/225/225 226/226/226 224/224/224
f 228/228/228 224/224/224 226/226/226
f 226/226/226 227/227/227 228/228/228
f 208/208/208 207/207/207 224/224/224
f 224/224/224 228/228/228 208/208/208
f 213/213/213 208/208/208 228/228/228
f 228/228/228 229/229/229 213/213/213
f 229/229/229 228/228/228 227/227/227
f 227/227/227 230/230/230 229/229/229
f 232/232/232 229/229/229 230/230/230
f 230/230/230 231/231/231 232/232/232
f 214/214/214 213/213/213 229/229/229
f 229/229/229 232/232/232 214/214/214
f 220/220/220 219/219/219 233/233/233
f 233/233/233 234/234/234 220/220/220
f 234/234/234 233/233/233 235/235/235
f 235/235/235 236/236/236 234/234/234
f 238/238/238 234/234/234 236/236/236
f 236/236/236 237/237/237 238/238/238
f 221/221/221 220/220/220 234/234/234
f 234/234/234 238/238/238 221/221/221
f 226/226/226 225/225/225 239/239/239
f 239/239/239 240/240/240 226/226/226
f 240/240/240 239/239/239 241/241/241
f 241/241/241 242/242/242 240/240/240
f 244/244/244 240/240/240 242/242/242
f 242/242/242 243/243/243 244/244/244
f 227/227/227 226/226/226 240/240/240
f 240/240/240 244/244/244 227/227/227
f 230/230/230 227/227/227 244/244/244
f 244/244/244 245/245/245 230/230/230
f 245/245/245 244/244/244 243/243/243
f 243/243/243 246/246/246 245/245/245
f 248/248/248 245/245/245 246/246/246
f 246/246/246 247/247/247 248/248/248
f 231/231/231 230/230/230 245/245/245
f 245/245/245 248/248/248 231/231/231
f 236/236/236 235/235/235 249/249/249
f 249/249/249 250/250/250 236/236/236
f 250/250/250 249/249/249 251/251/251
f 251/251/251 252/252/252 250/250/250
f 254/254/254 250/250/250 252/252/252
f 252/252/252 253/253/253 254/254/254
f 237/237/237 236/236/236 250/250/250
f 250/250/250 254/254/254 237/237/237
f 242/242/242 241/241/241 255/255/255
f 255/255/255 256/256/256 242/242/242
f 256/256/256 255/255/255 257/257/257
f 257/257/257 258/258/258 256/256/256
f 260/260/260 256/256/256 258/258/258
f 258/258/258 259/259/259 260/260/260
f 243/243/243 242/242/242 256/256/256
f 256/256/256 260/260/260 243/243/243
f 246/246/246 243/243/243 260/260/260
f 260/260/260 261/261/261 246/246/246
f 261/261/261 260/260/260 259/259/259
f 259/259/259 262/262/262 261/261/261
f 264/264/264 261/261/261 262/262/262
f 262/262/262 263/263/263 264/264/264
f 247/247/247 246/246/246 261/261/261
f 261/261/261 264/264/264 247/247/247
f 252/252/252 251/251/251 265/265/265
f 265/265/265 266/266/266 252/252/252
f 266/266/266 265/265/265 267/267/267
f 267/267/267 268/268/268 266/266/266
f 270/270/270 266/266/266 268/268/268
f 268/268/268 269/269/269 270/270/270
f 253/253/253 252/252/252 266/266/266
f 266/266/266 270/270/270 253/253/253
f 258/258/258 257/257/257 271/271/271
f 271/271/271 272/272/272 258/258/258
f 272/272/272 271/271/271 273/273/273
f 273/273/273 274/274/274 272/272/272
f 276/276/276 272/272/272 274/274/274
f 274/274/274 275/275/275 276/276/276
f 259/259/259 258/258/258 272/272/272
f 272/272/272 276/276/276 259/259/259
f 262/262/262 259/259/259 276/276/276
f 276/276/276 277/277/277 262/262/262
f 277/277/277 276/276/276 275/275/275
f 275/275/275 278/278/278 277/277/277
f 280/280/280 277/277/277 278/278/278
f 278/278/278 279/279/279 280/280/280
f 263/263/263 262/262/262 277/277/277
f 277/277/277 280/280/280 263/263/263
f 268/268/268 267/267/267 281/281/281
f 281/281/281 282/282/282 268/268/268
f 282/282/282 281/281/281 283/283/283
f 283/283/283 284/284/284 282/282/282
f 286/286/286 282/282/282 284/284/284
f 284/284/284 285/285/285 286/286/286
f 269/269/269 268/268/268 282/282/282
f 282/282/282 286/286/286 269/269/269
f 274/274/274 273/273/273 287/287/287
f 287/287/287 288/288/288 274/274/274
f 288/288/288 287/287/287 289/289/289
f 289/289/289 290/290/290 288/288/288
f 292/292/292 288/288/288 290/290/290
f 290/290/290 291/291/291 292/292/292
f 275/275/275 274/274/274 288/288/288
f 288/288/288 292/292/292 275/275/275
f 278/278/278 275/275/275 292/292/292
f 292/292/292 293/293/293 278/278/278
f 293/293/293 292/292/292 291/291/291
f 291/291/291 294/294/294 293/293/293
f 296/296/296 293/293/293 294/294/294
f 294/294/294 295/295/295 296/296/296
f 279/279/279 278/278/278 293/293/293
f 293/293/293 296/296/296 279/279/279
f 300/300/300 297/297/297 298/298/298
f 298/298/298 299/299/299 300/300/300
f 299/299/299 298/298/298 301/301/301
f 301/301/301 302/302/302 299/299/299
f 304/304/304 299/299/299 302/302/302
f 302/302/302 303/303/303 304/304/304
f 305/305/305 300/300/300 299/299/299
f 299/299/299 304/304/304 305/305/305
f 309/309/309 306/306/306 307/307/307
f 307/307/307 308/308/308 309/309/309
f 308/308/308 307/307/307 310/310/310
f 310/310/310 311/311/311 308/308/308
f 313/313/313 308/308/308 311/311/311
f 311/311/311 312/312/312 313/313/313
f 314/314/314 309/309/309 308/308/308
f 308/308/308 313/313/313 314/314/314
f 316/316/316 314/314/314 313/313/313
f 313/313/313 315/315/315 316/316/316
f 315/315/315 313/313/313 312/312/312
f 312/312/312 317/317/317 315/315/315
f 319/319/319 315/315/315 317/317/317
f 317/317/317 318/318/318 319/319/319
f 320/320/320 316/316/316 315/315/315
f 315/315/315 319/319/319 320/320/320
f 324/324/324 321/321/321 322/322/322
f 322/322/322 323/323/323 324/324/324
f 323/323/323 322/322/322 325/325/325
f 325/325/325 326/326/326 323/323/323
f 328/328/328 323/323/323 326/326/326
f 326/326/326 327/327/327 328/328/328
f 329/329/329 324/324/324 323/323/323
f 323/323/323 328/328/328 329/329/329
f 333/333/333 330/330/330 331/331/331
f 331/331/331 332/332/332 333/333/333
f 332/332/332 331/331/331 334/334/334
f 334/334/334 335/335/335 332/332/332
f 337/337/337 332/332/332 335/335/335
f 335/335/335 336/336/336 337/337/337
f 338/338/338 333/333/333 332/332/332
f 332/332/332 337/337/337 338/338/338
f 340/340/340 338/338/338 337/337/337
f 337/337/337 339/339/339 340/340/340
f 339/339/339 337/337/337 336/336/336
f 336/336/336 341/341/341 339/339/339
f 343/343/343 339/339/339 341/341/341
f 341/341/341 342/342/342 343/343/343
f 344/344/344 340/340/340 339/339/339
f 339/339/339 343/343/343 344/344/344
f 348/348/348 345/345/345 346/346/346
f 346/346/346 347/347/347 348/348/348
f 347/347/347 346/346/346 349/349/349
f 349/349/349 350/350/350 347/347/347
f 352/352/352 347/347/347 350/350/350
f 350/350/350 351/351/351 352/352/352
f 353/353/353 348/348/348 347/347/347
f 347/347/347 352/352/352 353/353/353
f 357/357/357 354/354/354 355/355/355
f 355/355/355 356/356/356 357/357/357
f 356/356/356 355/355/355 358/358/358
f 358/358/358 359/359/359 356/356/356
f 361/361/361 356/356/356 359/359/359
f 359/359/359 360/360/360 361/361/361
f 362/362/362 357/357/357 356/356/356
f 356/356/356 361/361/361 362/362/362
f 364/364/364 362/362/362 361/361/361
f 361/361/361 363/363/363 364/364/364
f 363/363/363 361/361/361 360/360/360
f 360/360/360 365/365/365 363/363/363
f 367/367/367 363/363/363 365/365/365
f 365/365/365 366/366/366 367/367/367
f 368/368/368 364/364/364 363/363/363
f 363/363/363 367/367/367 368/368/368
f 372/372/372 369/369/369 370/370/370
f 370/370/370 371/371/371 372/372/372
f 371/371/371 370/370/370 373/373/373
f 373/373/373 374/374/374 371/371/371
f 376/376/376 371/371/371 374/374/374
f 374/374/374 375/375/375 376/376/376
f 377/377/377 372/372/372 371/371/371
f 371/371/371 376/376/376 377/377/377
f 381/381/381 378/378/378 379/379/379
f 379/379/379 380/380/380 381/381/381
f 380/380/380 379/379/379 382/382/382
f 382/382/382 383/383/383 380/380/380
f 385/385/385 380/380/380 383/383/383
f 383/383/383 384/384/384 385/385/385
f 386/386/386 381/381/381 380/380/380
f 380/380/380 385/385/385 386/386/386
f 388/388/388 386/386/386 385/385/385
f 385/385/385 387/387/387 388/388/388
f 387/387/387 385/385/385 384/384/384
f 384/384/384 389/389/389 387/387/387
f 391/391/391 387/387/387 389/389/389
f 389/389/389 390/390/390 391/391/391
f 392/392/392 388/388/388 387/387/387
f 387/387/387 391/391/391 392/392/392
f 396/396/396 393/393/393 394/394/394
f 394/394/394 395/395/395 396/396/396
f 395/395/395 394/394/394 397/397/397
f 397/397/397 398/398/398 395/395/395
f 400/400/400 395/395/395 398/398/398
f 398/398/398 399/399/399 400/400/400
f 401/401/401 396/396/396 395/395/395
f 395/395/395 400/400/400 401/401/401
f 405/405/405 402/402/402 403/403/403
f 403/403/403 404/404/404 405/405/405
f 404/404/404 403/403/403 406/406/406
f 406/406/406 407/407/407 404/404/404
f 409/409/409 404/404/404 407/407/407
f 407/407/407 408/408/408 409/409/409
f 410/410/410 405/405/405 404/404/404
f 404/404/404 409/409/409 410/410/410
f 412/412/412 410/410/410 409/409/409
f 409/409/409 411/411/411 412/412/412
f 411/411/411 409/409/409 408/408/408
f 408/408/408 413/413/413 411/411/411
f 415/415/415 411/411/411 413/413/413
f 413/413/413 414/414/414 415/415/415
f 416/416/416 412/412/412 411/411/411
f 411/411/411 415/415/415 416/416/416
f 398/398/398 397/397/397 417/417/417
f 417/417/417 418/418/418 398/398/398
f 418/418/418 417/417/417 419/419/419
f 419/419/419 420/420/420 418/418/418
f 422/422/422 418/418/418 420/420/420
f 420/420/420 421/421/421 422/422/422
f 399/399/399 398/398/398 418/418/418
f 418/418/418 422/422/422 399/399/399
f 407/407/407 406/406/406 423/423/423
f 423/423/423 424/424/424 407/407/407
f 424/424/424 423/423/423 425/425/425
f 425/425/425 426/426/426 424/424/424
f 428/428/428 424/424/424 426/426/426
f 426/426/426 427/427/427 428/428/428
f 408/408/408 407/407/407 424/424/424
f 424/424/424 428/428/428 408/408/408
f 413/413/413 408/408/408 428/428/428
f 428/428/428 429/429/429 413/413/413
f 429/429/429 428/428/428 427/427/427
f 427/427/427 430/430/430 429/429/429
f 432/432/432 429/429/429 430/430/430
f 430/430/430 431/431/431 432/432/432
f 414/414/414 413/413/413 429/429/429
f 429/429/429 432/432/432 414/414/414
f 436/436/436 433/433/433 434/434/434
f 434/434/434 435/435/435 436/436/436
f 435/435/435 434/434/434 437/437/437
f 437/437/437 438/438/438 435/435/435
f 440/440/440 435/435/435 438/438/438
f 438/438/438 439/439/439 440/440/440
f 441/441/441 436/436/436 435/435/435
f 435/435/435 440/440/440 441/441/441
f 445/445/445 442/442/442 443/443/443
f 443/443/443 444/444/444 445/445/445
f 444/444/444 443/443/443 446/446/446
f 446/446/446 447/447/447 444/444/444
f 449/449/449 444/444/444 447/447/447
f 447/447/447 448/448/448 449/449/449
f 450/450/450 445/445/445 444/444/444
f 444/444/444 449/449/449 450/450/450
f 452/452/452 450/450/450 449/449/449
f 449/449/449 451/451/451 452/452/452
f 451/451/451 449/449/449 448/448/448
f 448/448/448 453/453/453 451/451/451
f 455/455/455 451/451/451 453/453/453
f 453/453/453 454/454/454 455/455/455
f 456/456/456 452/452/452 451/451/451
f 451/451/451 455/455/455 456/456/456
f 460/460/460 457/457/457 458/458/458
f 458/458/458 459/459/459 460/460/460
f 459/459/459 458/458/458 461/461/461
f 461/461/461 462/462/462 459/459/459
f 464/464/464 459/459/459 462/462/462
f 462/462/462 463/463/463 464/464/464
f 465/465/465 460/460/460 459/459/459
f 459/459/459 464/464/464 465/465/465
f 469/469/469 466/466/466 467/467/467
f 467/467/467 468/468/468 469/469/469
f 468/468/468 467/467/467 470/470/470
f 470/470/470 471/471/471 468/468/468
f 473/473/473 468/468/468 471/471/471
f 471/471/471 472/472/472 473/473/473
f 474/474/474 469/469/469 468/468/468
f 468/468/468 473/473/473 474/474/474
f 476/476/476 474/474/474 473/473/473
f 473/473/473 475/475/475 476/476/476
f 475/475/475 473/473/473 472/472/472
f 472/472/472 477/477/477 475/475/475
f 479/479/479 475/475/475 477/477/477
f 477/477/477 478/478/478 479/479/479
f 480/480/480 476/476/476 475/475/475
f 475/475/475 479/479/479 480/480/480
f 462/462/462 461/461/461 481/481/481
f 481/481/481 482/482/482 462/462/462
f 482/482/482 481/481/481 483/483/483
f 483/483/483 484/484/484 482/482/482
f 486/486/486 482/482/482 484/484/484
f 484/484/484 485/485/485 486/486/486
f 463/463/463 462/462/462 482/482/482
f 482/482/482 486/486/486 463/463/463
f 471/471/471 470/470/470 487/487/487
f 487/487/487 488/488/488 471/471/471
f 488/488/488 487/487/487 489/489/489
f 489/489/489 490/490/490 488/488/488
f 492/492/492 488/488/488 490/490/490
f 490/490/490 491/491/491 492/492/492
f 472/472/472 471/471/471 488/488/488
f 488/488/488 492/492/492 472/472/472
f 477/477/477 472/472/472 492/492/492
f 492/492/492 493/493/493 477/477/477
f 493/493/493 492/492/492 491/491/491
f 491/491/491 494/494/494 493/493/493
f 496/496/496 493/493/493 494/494/494
f 494/494/494 495/495/495 496/496/496
f 478/478/478 477/477/477 493/493/493
f 493/493/493 496/496/496 478/478/478
f 484/484/484 483/483/483 497/497/497
f 497/497/497 498/498/498 484/484/484
f 498/498/498 497/497/497 499/499/499
f 499/499/499 500/500/500 498/498/498
f 502/502/502 498/498/498 500/500/500
f 500/500/500 501/501/501 502/502/502
f 485/485/485 484/484/484 498/498/498
f 498/498/498 502/502/502 485/485/485
f 490/490/490 489/489/489 503/503/503
f 503/503/503 504/504/504 490/490/490
f 504/504/504 503/503/503 505/505/505
f 505/505/505 506/506/506 504/504/504
f 508/508/508 504/504/504 506/506/506
f 506/506/506 507/507/507 508/508/508
f 491/491/491 490/490/490 504/504/504
f 504/504/504 508/508/508 491/491/491
f 494/494/494 491/491/491 508/508/508
f 508/508/508 509/509/509 494/494/494
f 509/509/509 508/508/508 507/507/507
f 507/507/507 510/510/510 509/509/509
f 512/512/512 509/509/509 510/510/510
f 510/510/510 511/511/511 512/512/512
f 495/495/495 494/494/494 509/509/509
f 509/509/509 512/512/512 495/495/495
f 500/500/500 499/499/499 513/513/513
f 513/513/513 514/514/514 500/500/500
f 514/514/514 513/513/513 515/515/515
f 515/515/515 516/516/516 514/514/514
f 518/518/518 514/514/514 516/516/516
f 516/516/516 517/517/517 518/518/518
f 501/501/501 500/500/500 514/514/514
f 514/514/514 518/518/518 501/501/501
f 506/506/506 505/505/505 519/519/519
f 519/519/519 520/520/520 506/506/506
f 520/520/520 519/519/519 521/521/521
f 521/521/521 522/522/522 520/520/520
f 524/524/524 520/520/520 522/522/522
f 522/522/522 523/523/523 524/524/524
f 507/507/507 506/506/506 520/520/520
f 520/520/520 524/524/524 507/507/507
f 510/510/510 507/507/507 524/524/524
f 524/524/524 525/525/525 510/510/510
f 525/525/525 524/524/524 523/523/523
f 523/523/523 526/526/526 525/525/525
f 528/528/528 525/525/525 526/526/526
f 526/526/526 527/527/527 528/528/528
f 511/511/511 510/510/510 525/525/525
f 525/525/525 528/528/528 511/511/511
f 516/516/516 515/515/515 529/529/529
f 529/529/529 530/530/530 516/516/516
f 530/530/530 529/529/529 531/531/531
f 531/531/531 532/532/532 530/530/530
f 534/534/534 530/530/530 532/532/532
f 532/532/532 533/533/533 534/534/534
f 517/517/517 516/516/516 530/530/530
f 530/530/530 534/534/534 517/517/517
f 522/522/522 521/521/521 535/535/535
f 535/535/535 536/536/536 522/522/522
f 536/536/536 535/535/535 537/537/537
f 537/537/537 538/538/538 536/536/536
f 540/540/540 536/536/536 538/538/538
f 538/538/538 539/539/539 540/540/540
f 523/523/523 522/522/522 536/536/536
f 536/536/536 540/540/540 523/523/523
f 526/526/526 523/523/523 540/540/540
f 540/540/540 541/541/541 526/526/526
f 541/541/541 540/540/540 539/539/539
f 539/539/539 542/542/542 541/541/541
f 544/544/544 541/541/541 542/542/542
f 542/542/542 543/543/543 544/544/544
f 527/527/527 526/526/526 541/541/541
f 541/541/541 544/544/544 527/527/527
f 532/532/532 531/531/531 545/545/545
f 545/545/545 546/546/546 532/532/532
f 546/546/546 545/545/545 547/547/547
f 547/547/547 548/548/548 546/546/546
f 550/550/550 546/546/546 548/548/548
f 548/548/548 549/549/549 550/550/550
f 533/533/533 532/532/532 546/546/546
f 546/546/546 550/550/550 533/533/533
f 538/538/538 537/537/537 551/551/551
f 551/551/551 552/552/552 538/538/538
f 552/552/552 551/551/551 553/553/553
f 553/553/553 554/554/554 552/552/552
f 556/556/556 552/552/552 554/554/554
f 554/554/554 555/555/555 556/556/556
f 539/539/539 538/538/538 552/552/552
f 552/552/552 556/556/556 539/539/539
f 542/542/542 539/539/539 556/556/556
f 556/556/556 557/557/557 542/542/542
f 557/557/557 556/556/556 555/555/555
f 555/555/555 558/558/558 557/557/557
f 560/560/560 557/557/557 558/558/558
f 558/558/558 559/559/559 560/560/560
f 543/543/543 542/542/542 557/557/557
f 557/557/557 560/560/560 543/543/543
f 564/564/564 561/561/561 562/562/562
f 562/562/562 563/563/563 564/564/564
f 563/563/563 562/562/562 565/565/565
f 565/565/565 566/566/566 563/563/563
f 568/568/568 563/563/563 566/566/566
f 566/566/566 567/567/567 568/568/568
f 569/569/569 564/564/564 563/563/563
f 563/563/563 568/568/568 569/569/569
f 573/573/573 570/570/570 571/571/571
f 571/571/571 572/572/572 573/573/573
f 572/572/572 571/571/571 574/574/574
f 574/574/574 575/575/575 572/572/572
f 577/577/577 572/572/572 575/575/575
f 575/575/575 576/576/576 577/577/577
f 578/578/578 573/573/573 572/572/572
f 572/572/572 577/577/577 578/578/578
f 580/580/580 578/578/578 577/577/577
f 577/577/577 579/579/579 580/580/580
f 579/579/579 577/577/577 576/576/576
f 576/576/576 581/581/581 579/579/579
f 583/583/583 579/579/579 581/581/581
f 581/581/581 582/582/582 583/583/583
f 584/584/584 580/580/580 579/579/579
f 579/579/579 583/583/583 584/584/584
f 566/566/566 565/565/565 585/585/585
f 585/585/585 586/586/586 566/566/566
f 586/586/586 585/585/585 587/587/587
f 587/587/587 588/588/588 586/586/586
f 590/590/590 586/586/586 588/588/588
f 588/588/588 589/589/589 590/590/590
f 567/567/567 566/566/566 586/586/586
f 586/586/586 590/590/590 567/567/567
f 575/575/575 574/574/574 591/591/591
f 591/591/591 592/592/592 575/575/575
f 592/592/592 591/591/591 593/593/593
f 593/593/593 594/594/594 592/592/592
f 596/596/596 592/592/592 594/594/594
f 594/594/594 595/595/595 596/596/596
f 576/576/576 575/575/575 592/592/592
f 592/592/592 596/596/596 576/576/576
f 581/581/581 576/576/576 596/596/596
f 596/596/596 597/597/597 581/581/581
f 597/597/597 596/596/596 595/595/595
f 595/595/595 598/598/598 597/597/597
f 600/600/600 597/597/597 598/598/598
f 598/598/598 599/599/599 600/600/600
f 582/582/582 581/581/581 597/597/597
f 597/597/597 600/600/600 582/582/582
f 588/588/588 587/587/587 601/601/601
f 601/601/601 602/602/602 588/588/588
f 602/602/602 601/601/601 603/603/603
f 603/603/603 604/604/604 602/602/602
f 606/606/606 602/602/602 604/604/604
f 604/604/604 605/605/605 606/606/606
f 589/589/589 588/588/588 602/602/602
f 602/602/602 606/606/606 589/589/589
f 594/594/594 593/593/593 607/607/607
f 607/607/607 608/608/608 594/594/594
f 608/608/608 607/607/607 609/609/609
f 609/609/609 610/610/610 608/608/608
f 612/612/612 608/608/608 610/610/610
f 610/610/610 611/611/611 612/612/612
f 595/595/595 594/594/594 608/608/608
f 608/608/608 612/612/612 595/595/595
f 598/598/598 595/595/595 612/612/612
f 612/612/612 613/613/613 598/598/598
f 613/613/613 612/612/612 611/611/611
f 611/611/611 614/614/614 613/613/613
f 616/616/616 613/613/613 614/614/614
f 614/614/614 615/615/615 616/616/616
f 599/599/599 598/598/598 613/613/613
f 613/613/613 616/616/616 599/599/599
f 604/604/604 603/603/603 617/617/617
f 617/617/617 618/618/618 604/604/604
f 618/618/618 617/617/617 619/619/619
f 619/619/619 620/620/620 618/618/618
f 622/622/622 618/618/618 620/620/620
f 620/620/620 621/621/621 622/622/622
f 605/605/605 604/604/604 618/618/618
f 618/618/618 622/622/622 605/605/605
f 610/610/610 609/609/609 623/623/623
f 623/623/623 624/624/624 610/610/610
f 624/624/624 623/623/623 625/625/625
f 625/625/625 626/626/626 624/624/624
f 628/628/628 624/624/624 626/626/626
f 626/626/626 627/627/627 628/628/628
f 611/611/611 610/610/610 624/624/624
f 624/624/624 628/628/628 611/611/611
f 614/614/614 611/611/611 628/628/628
f 628/628/628 629/629/629 614/614/614
f 629/629/629 628/628/628 627/627/627
f 627/627/627 630/630/630 629/629/629
f 632/632/632 629/629/629 630/630/630
f 630/630/630 631/631/631 632/632/632
f 615/615/615 614/614/614 629/629/629
f 629/629/629 632/632/632 615/615/615
f 620/620/620 619/619/619 633/633/633
f 633/633/633 634/634/634 620/620/620
f 634/634/634 633/633/633 635/635/635
f 635/635/635 636/636/636 634/634/634
f 638/638/638 634/634/634 636/636/636
f 636/636/636 637/637/637 638/638/638
f 621/621/621 620/620/620 634/634/634
f 634/634/634 638/638/638 621/621/621
f 626/626/626 625/625/625 639/639/639
f 639/639/639 640/640/640 626/626/626
f 640/640/640 639/639/639 641/641/641
f 641/641/641 642/642/642 640/640/640
f 644/644/644 640/640/640 642/642/642
f 642/642/642 643/643/643 644/644/644
f 627/627/627 626/626/626 640/640/640
f 640/640/640 644/644/644 627/627/627
f 630/630/630 627/627/627 644/644/644
f 644/644/644 645/645/645 630/630/630
f 645/645/645 644/644/644 643/643/643
f 643/643/643 646/646/646 645/645/645
f 648/648/648 645/645/645 646/646/646
f 646/646/646 647/647/647 648/648/648
f 631/631/631 630/630/630 645/645/645
f 645/645/645 648/648/648 631/631/631
f 636/636/636 635/635/635 649/649/649
f 649/649/649 650/650/650 636/636/636
f 650/650/650 649/649/649 651/651/651
f 651/651/651 652/652/652 650/650/650
f 654/654/654 650/650/650 652/652/652
f 652/652/652 653/653/653 654/654/654
f 637/637/637 636/636/636 650/650/650
f 650/650/650 654/654/654 637/637/637
f 642/642/642 641/641/641 655/655/655
f 655/655/655 656/656/656 642/642/642
f 656/656/656 655/655/655 657/657/657
f 657/657/657 658/658/658 656/656/656
f 660/660/660 656/656/656 658/658/658
f 658/658/658 659/659/659 660/660/660
f 643/643/643 642/642/642 656/656/656
f 656/656/656 660/660/660 643/643/643
f 646/646/646 643/643/643 660/660/660
f 660/660/660 661/661/661 646/646/646
f 661/661/661 660/660/660 659/659/659
f 659/659/659 662/662/662 661/661/661
f 664/664/664 661/661/661 662/662/662
f 662/662/662 663/663/663 664/664/664
f 647/647/647 646/646/646 661/661/661
f 661/661/661 664/664/664 647/647/647
f 652/652/652 651/651/651 665/665/665
f 665/665/665 666/666/666 652/652/652
f 666/666/666 665/665/665 667/667/667
f 667/667/667 668/668/668 666/666/666
f 670/670/670 666/666/666 668/668/668
f 668/668/668 669/669/669 670/670/670
f 653/653/653 652/652/652 666/666/666
f 666/666/666 670/670/670 653/653/653
f 658/658/658 657/657/657 671/671/671
f 671/671/671 672/672/672 658/658/658
f 672/672/672 671/671/671 673/673/673
f 673/673/673 674/674/674 672/672/672
f 676/676/676 672/672/672 674/674/674
f 674/674/674 675/675/675 676/676/676
f 659/659/659 658/658/658 672/672/672
f 672/672/672 676/676/676 659/659/659
f 662/662/662 659/659/659 676/676/676
f 676/676/676 677/677/677 662/662/662
f 677/677/677 676/676/676 675/675/675
f 675/675/675 678/678/678 677/677/677
f 680/680/680 677/677/677 678/678/678
f 678/678/678 679/679/679 680/680/680
f 663/663/663 662/662/662 677/677/677
f 677/677/677 680/680/680 663/663/663
f 668/668/668 667/667/667 681/681/681
f 681/681/681 682/682/682 668/668/668
f 682/682/682 681/681/681 683/683/683
f 683/683/683 684/684/684 682/682/682
f 686/686/686 682/682/682 684/684/684
f 684/684/684 685/685/685 686/686/686
f 669/669/669 668/668/668 682/682/682
f 682/682/682 686/686/686 669/669/669
f 674/674/674 673/673/673 687/687/687
f 687/687/687 688/688/688 674/674/674
f 688/688/688 687/687/687 689/689/689
f 689/689/689 690/690/690 688/688/688
f 692/692/692 688/688/688 690/690/690
f 690/690/690 691/691/691 692/692/692
f 675/675/675 674/674/674 688/688/688
f 688/688/688 692/692/692 675/675/675
f 678/678/678 675/675/675 692/692/692
f 692/692/692 693/693/693 678/678/678
f 693/693/693 692/692/692 691/691/691
f 691/691/691 694/694/694 693/693/693
f 696/696/696 693/693/693 694/694/694
f 694/694/694 695/695/695 696/696/696
f 679/679/679 678/678/678 693/693/693
f 693/693/693 696/696/696 679/679/679
f 684/684/684 683/683/683 697/697/697
f 697/697/697 698/698/698 684/684/684
f 698/698/698 697/697/697 699/699/699
f 699/699/699 700/700/700 698/698/698
f 702/702/702 698/698/698 700/700/700
f 700/700/700 701/701/701 702/702/702
f 685/685/685 684/684/684 698/698/698
f 698/698/698 702/702/702 685/685/685
f 690/690/690 689/689/689 703/703/703
f 703/703/703 704/704/704 690/690/690
f 704/704/704 703/703/703 705/705/705
f 705/705/705 706/706/706 704/704/704
f 708/708/708 704/704/704 706/706/706
f 706/706/706 707/707/707 708/708/708
f 691/691/691 690/690/690 704/704/704
f 704/704/704 708/708/708 691/691/691
f 694/694/694 691/691/691 708/708/708
f 708/708/708 709/709/709 694/694/694
f 709/709/709 708/708/708 707/707/707
f 707/707/707 710/710/710 709/709/709
f 712/712/712 709/709/709 710/710/710
f 710/710/710 711/711/711 712/712/712
f 695/695/695 694/694/694 709/709/709
f 709/709/709 712/712/712 695/695/695
f 700/700/700 699/699/699 713/713/713
f 713/713/713 714/714/714 700/700/700
f 714/714/714 713/713/713 715/715/715
f 715/715/715 716/716/716 714/714/714
f 718/718/718 714/714/714 716/716/716
f 716/716/716 717/717/717 718/718/718
f 701/701/701 700/700/700 714/714/714
f 714/714/714 718/718/718 701/701/701
f 706/706/706 705/705/705 719/719/719
f 719/719/719 720/720/720 706/706/706
f 720/720/720 719/719/719 721/721/721
f 721/721/721 722/722/722 720/720/720
f 724/724/724 720/720/720 722/722/722
f 722/722/722 723/723/723 724/724/724
f 707/707/707 706/706/706 720/720/720
f 720/720/720 724/724/724 707/707/707
f 710/710/710 707/707/707 724/724/724
f 724/724/724 725/725/725 710/710/710
f 725/725/725 724/724/724 723/723/723
f 723/723/723 726/726/726 725/725/725
f 728/728/728 725/725/725 726/726/726
f 726/726/726 727/727/727 728/728/728
f 711/711/711 710/710/710 725/725/725
f 725/725/725 728/728/728 711/711/711
f 326/326/326 325/325/325 729/729/729
f 729/729/729 730/730/730 326/326/326
f 730/730/730 729/729/729 345/345/345
f 345/345/345 348/348/348 730/730/730
f 731/731/731 730/730/730 348/348/348
f 348/348/348 353/353/353 731/731/731
f 327/327/327 326/326/326 730/730/730
f 730/730/730 731/731/731 327/327/327
f 733/733/733 336/336/336 335/335/335
f 335/335/335 732/732/732 733/733/733
f 732/732/732 335/335/335 334/334/334
f 334/334/334 734/734/734 732/732/732
f 357/357/357 732/732/732 734/734/734
f 734/734/734 354/354/354 357/357/357
f 362/362/362 733/733/733 732/732/732
f 732/732/732 357/357/357 362/362/362
f 736/736/736 342/342/342 341/341/341
f 341/341/341 735/735/735 736/736/736
f 735/735/735 341/341/341 336/336/336
f 336/336/336 733/733/733 735/735/735
f 364/364/364 735/735/735 733/733/733
f 733/733/733 362/362/362 364/364/364
f 368/368/368 736/736/736 735/735/735
f 735/735/735 364/364/364 368/368/368
f 350/350/350 349/349/349 737/737/737
f 737/737/737 738/738/738 350/350/350
f 738/738/738 737/737/737 369/369/369
f 369/369/369 372/372/372 738/738/738
f 739/739/739 738/738/738 372/372/372
f 372/372/372 377/377/377 739/739/739
f 351/351/351 350/350/350 738/738/738
f 738/738/738 739/739/739 351/351/351
f 741/741/741 360/360/360 359/359/359
f 359/359/359 740/740/740 741/741/741
f 740/740/740 359/359/359 358/358/358
f 358/358/358 742/742/742 740/740/740
f 381/381/381 740/740/740 742/742/742
f 742/742/742 378/378/378 381/381/381
f 386/386/386 741/741/741 740/740/740
f 740/740/740 381/381/381 386/386/386
f 744/744/744 366/366/366 365/365/365
f 365/365/365 743/743/743 744/744/744
f 743/743/743 365/365/365 360/360/360
f 360/360/360 741/741/741 743/743/743
f 388/388/388 743/743/743 741/741/741
f 741/741/741 386/386/386 388/388/388
f 392/392/392 744/744/744 743/743/743
f 743/743/743 388/388/388 392/392/392
f 284/284/284 283/283/283 745/745/745
f 745/745/745 746/746/746 284/284/284
f 746/746/746 745/745/745 297/297/297
f 297/297/297 300/300/300 746/746/746
f 747/747/747 746/746/746 300/300/300
f 300/300/300 305/305/305 747/747/747
f 285/285/285 284/284/284 746/746/746
f 746/746/746 747/747/747 285/285/285
f 749/749/749 291/291/291 290/290/290
f 290/290/290 748/748/748 749/749/749
f 748/748/748 290/290/290 289/289/289
f 289/289/289 750/750/750 748/748/748
f 309/309/309 748/748/748 750/750/750
f 750/750/750 306/306/306 309/309/309
f 314/314/314 749/749/749 748/748/748
f 748/748/748 309/309/309 314/314/314
f 752/752/752 295/295/295 294/294/294
f 294/294/294 751/751/751 752/752/752
f 751/751/751 294/294/294 291/291/291
f 291/291/291 749/749/749 751/751/751
f 316/316/316 751/751/751 749/749/749
f 749/749/749 314/314/314 316/316/316
f 320/320/320 752/752/752 751/751/751
f 751/751/751 316/316/316 320/320/320
f 302/302/302 301/301/301 753/753/753
f 753/753/753 754/754/754 302/302/302
f 754/754/754 753/753/753 321/321/321
f 321/321/321 324/324/324 754/754/754
f 755/755/755 754/754/754 324/324/324
f 324/324/324 329/329/329 755/755/755
f 303/303/303 302/302/302 754/754/754
f 754/754/754 755/755/755 303/303/303
f 757/757/757 312/312/312 311/311/311
f 311/311/311 756/756/756 757/757/757
f 756/756/756 311/311/311 310/310/310
f 310/310/310 758/758/758 756/756/756
f 333/333/333 756/756/756 758/758/758
f 758/758/758 330/330/330 333/333/333
f 338/338/338 757/757/757 756/756/756
f 756/756/756 333/333/333 338/338/338
f 760/760/760 318/318/318 317/317/317
f 317/317/317 759/759/759 760/760/760
f 759/759/759 317/317/317 312/312/312
f 312/312/312 757/757/757 759/759/759
f 340/340/340 759/759/759 757/757/757
f 757/757/757 338/338/338 340/340/340
f 344/344/344 760/760/760 759/759/759
f 759/759/759 340/340/340 344/344/344
f 438/438/438 437/437/437 761/761/761
f 761/761/761 762/762/762 438/438/438
f 762/762/762 761/761/761 457/457/457
f 457/457/457 460/460/460 762/762/762
f 763/763/763 762/762/762 460/460/460
f 460/460/460 465/465/465 763/763/763
f 439/439/439 438/438/438 762/762/762
f 762/762/762 763/763/763 439/439/439
f 765/765/765 448/448/448 447/447/447
f 447/447/447 764/764/764 765/765/765
f 764/764/764 447/447/447 446/446/446
f 446/446/446 766/766/766 764/764/764
f 469/469/469 764/764/764 766/766/766
f 766/766/766 466/466/466 469/469/469
f 474/474/474 765/765/765 764/764/764
f 764/764/764 469/469/469 474/474/474
f 768/768/768 454/454/454 453/453/453
f 453/453/453 767/767/767 768/768/768
f 767/767/767 453/453/453 448/448/448
f 448/448/448 765/765/765 767/767/767
f 476/476/476 767/767/767 765/765/765
f 765/765/765 474/474/474 476/476/476
f 480/480/480 768/768/768 767/767/767
f 767/767/767 476/476/476 480/480/480
f 420/420/420 419/419/419 769/769/769
f 769/769/769 770/770/770 420/420/420
f 770/770/770 769/769/769 433/433/433
f 433/433/433 436/436/436 770/770/770
f 771/771/771 770/770/770 436/436/436
f 436/436/436 441/441/441 771/771/771
f 421/421/421 420/420/420 770/770/770
f 770/770/770 771/771/771 421/421/421
f 773/773/773 427/427/427 426/426/426
f 426/426/426 772/772/772 773/773/773
f 772/772/772 426/426/426 425/425/425
f 425/425/425 774/774/774 772/772/772
f 445/445/445 772/772/772 774/774/774
f 774/774/774 442/442/442 445/445/445
f 450/450/450 773/773/773 772/772/772
f 772/772/772 445/445/445 450/450/450
f 776/776/776 431/431/431 430/430/430
f 430/430/430 775/775/775 776/776/776
f 775/775/775 430/430/430 427/427/427
f 427/427/427 773/773/773 775/775/775
f 452/452/452 775/775/775 773/773/773
f 773/773/773 450/450/450 452/452/452
f 456/456/456 776/776/776 775/775/775
f 775/775/775 452/452/452 456/456/456
f 780/780/780 777/777/777 778/778/778
f 778/778/778 779/779/779 780/780/780
f 779/779/779 778/778/778 561/561/561
f 561/561/561 564/564/564 779/779/779
f 781/781/781 779/779/779 564/564/564
f 564/564/564 569/569/569 781/781/781
f 782/782/782 780/780/780 779/779/779
f 779/779/779 781/781/781 782/782/782
f 786/786/786 783/783/783 784/784/784
f 784/784/784 785/785/785 786/786/786
f 785/785/785 784/784/784 787/787/787
f 787/787/787 788/788/788 785/785/785
f 573/573/573 785/785/785 788/788/788
f 788/788/788 570/570/570 573/573/573
f 578/578/578 786/786/786 785/785/785
f 785/785/785 573/573/573 578/578/578
f 792/792/792 789/789/789 790/790/790
f 790/790/790 791/791/791 792/792/792
f 791/791/791 790/790/790 783/783/783
f 783/783/783 786/786/786 791/791/791
f 580/580/580 791/791/791 786/786/786
f 786/786/786 578/578/578 580/580/580
f 584/584/584 792/792/792 791/791/791
f 791/791/791 580/580/580 584/584/584
f 794/794/794 701/701/701 718/718/718
f 718/718/718 793/793/793 794/794/794
f 793/793/793 718/718/718 717/717/717
f 717/717/717 795/795/795 793/793/793
f 719/719/719 793/793/793 795/795/795
f 795/795/795 721/721/721 719/719/719
f 705/705/705 794/794/794 793/793/793
f 793/793/793 719/719/719 705/705/705
f 797/797/797 685/685/685 702/702/702
f 702/702/702 796/796/796 797/797/797
f 796/796/796 702/702/702 701/701/701
f 701/701/701 794/794/794 796/796/796
f 703/703/703 796/796/796 794/794/794
f 794/794/794 705/705/705 703/703/703
f 689/689/689 797/797/797 796/796/796
f 796/796/796 703/703/703 689/689/689
f 799/799/799 669/669/669 686/686/686
f 686/686/686 798/798/798 799/799/799
f 798/798/798 686/686/686 685/685/685
f 685/685/685 797/797/797 798/798/798
f 687/687/687 798/798/798 797/797/797
f 797/797/797 689/689/689 687/687/687
f 673/673/673 799/799/799 798/798/798
f 798/798/798 687/687/687 673/673/673
f 801/801/801 653/653/653 670/670/670
f 670/670/670 800/800/800 801/801/801
f 800/800/800 670/670/670 669/669/669
f 669/669/669 799/799/799 800/800/800
f 671/671/671 800/800/800 799/799/799
f 799/799/799 673/673/673 671/671/671
f 657/657/657 801/801/801 800/800/800
f 800/800/800 671/671/671 657/657/657
f 803/803/803 637/637/637 654/654/654
f 654/654/654 802/802/802 803/803/803
f 802/802/802 654/654/654 653/653/653
f 653/653/653 801/801/801 802/802/802
f 655/655/655 802/802/802 801/801/801
f 801/801/801 657/657/657 655/655/655
f 641/641/641 803/803/803 802/802/802
f 802/802/802 655/655/655 641/641/641
f 805/805/805 621/621/621 638/638/638
f 638/638/638 804/804/804 805/805/805
f 804/804/804 638/638/638 637/637/637
f 637/637/637 803/803/803 804/804/804
f 639/639/639 804/804/804 803/803/803
f 803/803/803 641/641/641 639/639/639
f 625/625/625 805/805/805 804/804/804
f 804/804/804 639/639/639 625/625/625
f 807/807/807 605/605/605 622/622/622
f 622/622/622 806/806/806 807/807/807
f 806/806/806 622/622/622 621/621/621
f 621/621/621 805/805/805 806/806/806
f 623/623/623 806/806/806 805/805/805
f 805/805/805 625/625/625 623/623/623
f 609/609/609 807/807/807 806/806/806
f 806/806/806 623/623/623 609/609/609
f 809/809/809 589/589/589 606/606/606
f 606/606/606 808/808/808 809/809/809
f 808/808/808 606/606/606 605/605/605
f 605/605/605 807/807/807 808/808/808
f 607/607/607 808/808/808 807/807/807
f 807/807/807 609/609/609 607/607/607
f 593/593/593 809/809/809 808/808/808
f 808/808/808 607/607/607 593/593/593
f 811/811/811 567/567/567 590/590/590
f 590/590/590 810/810/810 811/811/811
f 810/810/810 590/590/590 589/589/589
f 589/589/589 809/809/809 810/810/810
f 591/591/591 810/810/810 809/809/809
f 809/809/809 593/593/593 591/591/591
f 574/574/574 811/811/811 810/810/810
f 810/810/810 591/591/591 574/574/574
f 813/813/813 569/569/569 568/568/568
f 568/568/568 812/812/812 813/813/813
f 812/812/812 568/568/568 567/567/567
f 567/567/567 811/811/811 812/812/812
f 571/571/571 812/812/812 811/811/811
f 811/811/811 574/574/574 571/571/571
f 570/570/570 813/813/813 812/812/812
f 812/812/812 571/571/571 570/570/570
f 815/815/815 782/782/782 781/781/781
f 781/781/781 814/814/814 815/815/815
f 814/814/814 781/781/781 569/569/569
f 569/569/569 813/813/813 814/814/814
f 788/788/788 814/814/814 813/813/813
f 813/813/813 570/570/570 788/788/788
f 787/787/787 815/815/815 814/814/814
f 814/814/814 788/788/788 787/787/787
f 817/817/817 533/533/533 550/550/550
f 550/550/550 816/816/816 817/817/817
f 816/816/816 550/550/550 549/549/549
f 549/549/549 818/818/818 816/816/816
f 551/551/551 816/816/816 818/818/818
f 818/818/818 553/553/553 551/551/551
f 537/537/537 817/817/817 816/816/816
f 816/816/816 551/551/551 537/537/537
f 820/820/820 517/517/517 534/534/534
f 534/534/534 819/819/819 820/820/820
f 819/819/819 534/534/534 533/533/533
f 533/533/533 817/817/817 819/819/819
f 535/535/535 819/819/819 817/817/817
f 817/817/817 537/537/537 535/535/535
f 521/521/521 820/820/820 819/819/819
f 819/819/819 535/535/535 521/521/521
f 822/822/822 501/501/501 518/518/518
f 518/518/518 821/821/821 822/822/822
f 821/821/821 518/518/518 517/517/517
f 517/517/517 820/820/820 821/821/821
f 519/519/519 821/821/821 820/820/820
f 820/820/820 521/521/521 519/519/519
f 505/505/505 822/822/822 821/821/821
f 821/821/821 519/519/519 505/505/505
f 824/824/824 485/485/485 502/502/502
f 502/502/502 823/823/823 824/824/824
f 823/823/823 502/502/502 501/501/501
f 501/501/501 822/822/822 823/823/823
f 503/503/503 823/823/823 822/822/822
f 822/822/822 505/505/505 503/503/503
f 489/489/489 824/824/824 823/823/823
f 823/823/823 503/503/503 489/489/489
f 826/826/826 463/463/463 486/486/486
f 486/486/486 825/825/825 826/826/826
f 825/825/825 486/486/486 485/485/485
f 485/485/485 824/824/824 825/825/825
f 487/487/487 825/825/825 824/824/824
f 824/824/824 489/489/489 487/487/487
f 470/470/470 826/826/826 825/825/825
f 825/825/825 487/487/487 470/470/470
f 828/828/828 465/465/465 464/464/464
f 464/464/464 827/827/827 828/828/828
f 827/827/827 464/464/464 463/463/463
f 463/463/463 826/826/826 827/827/827
f 467/467/467 827/827/827 826/826/826
f 826/826/826 470/470/470 467/467/467
f 466/466/466 828/828/828 827/827/827
f 827/827/827 467/467/467 466/466/466
f 830/830/830 439/439/439 763/763/763
f 763/763/763 829/829/829 830/830/830
f 829/829/829 763/763/763 465/465/465
f 465/465/465 828/828/828 829/829/829
f 766/766/766 829/829/829 828/828/828
f 828/828/828 466/466/466 766/766/766
f 446/446/446 830/830/830 829/829/829
f 829/829/829 766/766/766 446/446/446
f 832/832/832 441/441/441 440/440/440
f 440/440/440 831/831/831 832/832/832
f 831/831/831 440/440/440 439/439/439
f 439/439/439 830/830/830 831/831/831
f 443/443/443 831/831/831 830/830/830
f 830/830/830 446/446/446 443/443/443
f 442/442/442 832/832/832 831/831/831
f 831/831/831 443/443/443 442/442/442
f 834/834/834 421/421/421 771/771/771
f 771/771/771 833/833/833 834/834/834
f 833/833/833 771/771/771 441/441/441
f 441/441/441 832/832/832 833/833/833
f 774/774/774 833/833/833 832/832/832
f 832/832/832 442/442/442 774/774/774
f 425/425/425 834/834/834 833/833/833
f 833/833/833 774/774/774 425/425/425
f 836/836/836 399/399/399 422/422/422
f 422/422/422 835/835/835 836/836/836
f 835/835/835 422/422/422 421/421/421
f 421/421/421 834/834/834 835/835/835
f 423/423/423 835/835/835 834/834/834
f 834/834/834 425/425/425 423/423/423
f 406/406/406 836/836/836 835/835/835
f 835/835/835 423/423/423 406/406/406
f 838/838/838 401/401/401 400/400/400
f 400/400/400 837/837/837 838/838/838
f 837/837/837 400/400/400 399/399/399
f 399/399/399 836/836/836 837/837/837
f 403/403/403 837/837/837 836/836/836
f 836/836/836 406/406/406 403/403/403
f 402/402/402 838/838/838 837/837/837
f 837/837/837 403/403/403 402/402/402
f 840/840/840 377/377/377 376/376/376
f 376/376/376 839/839/839 840/840/840
f 839/839/839 376/376/376 375/375/375
f 375/375/375 841/841/841 839/839/839
f 379/379/379 839/839/839 841/841/841
f 841/841/841 382/382/382 379/379/379
f 378/378/378 840/840/840 839/839/839
f 839/839/839 379/379/379 378/378/378
f 843/843/843 351/351/351 739/739/739
f 739/739/739 842/842/842 843/843/843
f 842/842/842 739/739/739 377/377/377
f 377/377/377 840/840/840 842/842/842
f 742/742/742 842/842/842 840/840/840
f 840/840/840 378/378/378 742/742/742
f 358/358/358 843/843/843 842/842/842
f 842/842/842 742/742/742 358/358/358
f 845/845/845 353/353/353 352/352/352
f 352/352/352 844/844/844 845/845/845
f 844/844/844 352/352/352 351/351/351
f 351/351/351 843/843/843 844/844/844
f 355/355/355 844/844/844 843/843/843
f 843/843/843 358/358/358 355/355/355
f 354/354/354 845/845/845 844/844/844
f 844/844/844 355/355/355 354/354/354
f 847/847/847 327/327/327 731/731/731
f 731/731/731 846/846/846 847/847/847
f 846/846/846 731/731/731 353/353/353
f 353/353/353 845/845/845 846/846/846
f 734/734/734 846/846/846 845/845/845
f 845/845/845 354/354/354 734/734/734
f 334/334/334 847/847/847 846/846/846
f 846/846/846 734/734/734 334/334/334
f 849/849/849 329/329/329 328/328/328
f 328/328/328 848/848/848 849/849/849
f 848/848/848 328/328/328 327/327/327
f 327/327/327 847/847/847 848/848/848
f 331/331/331 848/848/848 847/847/847
f 847/847/847 334/334/334 331/331/331
f 330/330/330 849/849/849 848/848/848
f 848/848/848 331/331/331 330/330/330
f 851/851/851 303/303/303 755/755/755
f 755/755/755 850/850/850 851/851/851
f 850/850/850 755/755/755 329/329/329
f 329/329/329 849/849/849 850/850/850
f 758/758/758 850/850/850 849/849/849
f 849/849/849 330/330/330 758/758/758
f 310/310/310 851/851/851 850/850/850
f 850/850/850 758/758/758 310/310/310
f 853/853/853 305/305/305 304/304/304
f 304/304/304 852/852/852 853/853/853
f 852/852/852 304/304/304 303/303/303
f 303/303/303 851/851/851 852/852/852
f 307/307/307 852/852/852 851/851/851
f 851/851/851 310/310/310 307/307/307
f 306/306/306 853/853/853 852/852/852
f 852/852/852 307/307/307 306/306/306
f 855/855/855 285/285/285 747/747/747
f 747/747/747 854/854/854 855/855/855
f 854/854/854 747/747/747 305/305/305
f 305/305/305 853/853/853 854/854/854
f 750/750/750 854/854/854 853/853/853
f 853/853/853 306/306/306 750/750/750
f 289/289/289 855/855/855 854/854/854
f 854/854/854 750/750/750 289/289/289
f 857/857/857 269/269/269 286/286/286
f 286/286/286 856/856/856 857/857/857
f 856/856/856 286/286/286 285/285/285
f 285/285/285 855/855/855 856/856/856
f 287/287/287 856/856/856 855/855/855
f 855/855/855 289/289/289 287/287/287
f 273/273/273 857/857/857 856/856/856
f 856/856/856 287/287/287 273/273/273
f 859/859/859 253/253/253 270/270/270
f 270/270/270 858/858/858 859/859/859
f 858/858/858 270/270/270 269/269/269
f 269/269/269 857/857/857 858/858/858
f 271/271/271 858/858/858 857/857/857
f 857/857/857 273/273/273 271/271/271
f 257/257/257 859/859/859 858/858/858
f 858/858/858 271/271/271 257/257/257
f 861/861/861 237/237/237 254/254/254
f 254/254/254 860/860/860 861/861/861
f 860/860/860 254/254/254 253/253/253
f 253/253/253 859/859/859 860/860/860
f 255/255/255 860/860/860 859/859/859
f 859/859/859 257/257/257 255/255/255
f 241/241/241 861/861/861 860/860/860
f 860/860/860 255/255/255 241/241/241
f 863/863/863 221/221/221 238/238/238
f 238/238/238 862/862/862 863/863/863
f 862/862/862 238/238/238 237/237/237
f 237/237/237 861/861/861 862/862/862
f 239/239/239 862/862/862 861/861/861
f 861/861/861 241/241/241 239/239/239
f 225/225/225 863/863/863 862/862/862
f 862/862/862 239/239/239 225/225/225
f 865/865/865 199/199/199 222/222/222
f 222/222/222 864/864/864 865/865/865
f 864/864/864 222/222/222 221/221/221
f 221/221/221 863/863/863 864/864/864
f 223/223/223 864/864/864 863/863/863
f 863/863/863 225/225/225 223/223/223
f 206/206/206 865/865/865 864/864/864
f 864/864/864 223/223/223 206/206/206
f 867/867/867 201/201/201 200/200/200
f 200/200/200 866/866/866 867/867/867
f 866/866/866 200/200/200 199/199/199
f 199/199/199 865/865/865 866/866/866
f 203/203/203 866/866/866 865/865/865
f 865/865/865 206/206/206 203/203/203
f 202/202/202 867/867/867 866/866/866
f 866/866/866 203/203/203 202/202/202
f 869/869/869 177/177/177 176/176/176
f 176/176/176 868/868/868 869/869/869
f 868/868/868 176/176/176 175/175/175
f 175/175/175 870/870/870 868/868/868
f 179/179/179 868/868/868 870/870/870
f 870/870/870 182/182/182 179/179/179
f 178/178/178 869/869/869 868/868/868
f 868/868/868 179/179/179 178/178/178
f 872/872/872 141/141/141 158/158/158
f 158/158/158 871/871/871 872/872/872
f 871/871/871 158/158/158 157/157/157
f 157/157/157 873/873/873 871/871/871
f 159/159/159 871/871/871 873/873/873
f 873/873/873 161/161/161 159/159/159
f 145/145/145 872/872/872 871/871/871
f 871/871/871 159/159/159 145/145/145
f 875/875/875 125/125/125 142/142/142
f 142/142/142 874/874/874 875/875/875
f 874/874/874 142/142/142 141/141/141
f 141/141/141 872/872/872 874/874/874
f 143/143/143 874/874/874 872/872/872
f 872/872/872 145/145/145 143/143/143
f 129/129/129 875/875/875 874/874/874
f 874/874/874 143/143/143 129/129/129
f 877/877/877 109/109/109 126/126/126
f 126/126/126 876/876/876 877/877/877
f 876/876/876 126/126/126 125/125/125
f 125/125/125 875/875/875 876/876/876
f 127/127/127 876/876/876 875/875/875
f 875/875/875 129/129/129 127/127/127
f 113/113/113 877/877/877 876/876/876
f 876/876/876 127/127/127 113/113/113
f 879/879/879 93/93/93 110/110/110
f 110/110/110 878/878/878 879/879/879
f 878/878/878 110/110/110 109/109/109
f 109/109/109 877/877/877 878/878/878
f 111/111/111 878/878/878 877/877/877
f 877/877/877 113/113/113 111/111/111
f 97/97/97 879/879/879 878/878/878
f 878/878/878 111/111/111 97/97/97
f 881/881/881 77/77/77 94/94/94
f 94/94/94 880/880/880 881/881/881
f 880/880/880 94/94/94 93/93/93
f 93/93/93 879/879/879 880/880/880
f 95/95/95 880/880/880 879/879/879
f 879/879/879 97/97/97 95/95/95
f 81/81/81 881/881/881 880/880/880
f 880/880/880 95/95/95 81/81/81
f 883/883/883 61/61/61 78/78/78
f 78/78/78 882/882/882 883/883/883
f 882/882/882 78/78/78 77/77/77
f 77/77/77 881/881/881 882/882/882
f 79/79/79 882/882/882 881/881/881
f 881/881/881 81/81/81 79/79/79
f 65/65/65 883/883/883 882/882/882
f 882/882/882 79/79/79 65/65/65
f 885/885/885 45/45/45 62/62/62
f 62/62/62 884/884/884 885/885/885
f 884/884/884 62/62/62 61/61/61
f 61/61/61 883/883/883 884/884/884
f 63/63/63 884/884/884 883/883/883
f 883/883/883 65/65/65 63/63/63
f 49/49/49 885/885/885 884/884/884
f 884/884/884 63/63/63 49/49/49
f 887/887/887 29/29/29 46/46/46
f 46/46/46 886/886/886 887/887/887
f 886/886/886 46/46/46 45/45/45
f 45/45/45 885/885/885 886/886/886
f 47/47/47 886/886/886 885/885/885
f 885/885/885 49/49/49 47/47/47
f 33/33/33 887/887/887 886/886/886
f 886/886/886 47/47/47 33/33/33
f 889/889/889 7/7/7 30/30/30
f 30/30/30 888/888/888 889/889/889
f 888/888/888 30/30/30 29/29/29
f 29/29/29 887/887/887 888/888/888
f 31/31/31 888/888/888 887/887/887
f 887/887/887 33/33/33 31/31/31
f 14/14/14 889/889/889 888/888/888
f 888/888/888 31/31/31 14/14/14
f 891/891/891 9/9/9 8/8/8
f 8/8/8 890/890/890 891/891/891
f 890/890/890 8/8/8 7/7/7
f 7/7/7 889/889/889 890/890/890
f 11/11/11 890/890/890 889/889/889
f 889/889/889 14/14/14 11/11/11
f 10/10/10 891/891/891 890/890/890
f 890/890/890 11/11/11 10/10/10
f 893/893/893 711/711/711 728/728/728
f 728/728/728 892/892/892 893/893/893
f 892/892/892 728/728/728 727/727/727
f 727/727/727 894/894/894 892/892/892
f 896/896/896 892/892/892 894/894/894
f 894/894/894 895/895/895 896/896/896
f 897/897/897 893/893/893 892/892/892
f 892/892/892 896/896/896 897/897/897
f 899/899/899 695/695/695 712/712/712
f 712/712/712 898/898/898 899/899/899
f 898/898/898 712/712/712 711/711/711
f 711/711/711 893/893/893 898/898/898
f 900/900/900 898/898/898 893/893/893
f 893/893/893 897/897/897 900/900/900
f 901/901/901 899/899/899 898/898/898
f 898/898/898 900/900/900 901/901/901
f 903/903/903 679/679/679 696/696/696
f 696/696/696 902/902/902 903/903/903
f 902/902/902 696/696/696 695/695/695
f 695/695/695 899/899/899 902/902/902
f 904/904/904 902/902/902 899/899/899
f 899/899/899 901/901/901 904/904/904
f 905/905/905 903/903/903 902/902/902
f 902/902/902 904/904/904 905/905/905
f 907/907/907 663/663/663 680/680/680
f 680/680/680 906/906/906 907/907/907
f 906/906/906 680/680/680 679/679/679
f 679/679/679 903/903/903 906/906/906
f 908/908/908 906/906/906 903/903/903
f 903/903/903 905/905/905 908/908/908
f 909/909/909 907/907/907 906/906/906
f 906/906/906 908/908/908 909/909/909
f 911/911/911 647/647/647 664/664/664
f 664/664/664 910/910/910 911/911/911
f 910/910/910 664/664/664 663/663/663
f 663/663/663 907/907/907 910/910/910
f 912/912/912 910/910/910 907/907/907
f 907/907/907 909/909/909 912/912/912
f 913/913/913 911/911/911 910/910/910
f 910/910/910 912/912/912 913/913/913
f 915/915/915 631/631/631 648/648/648
f 648/648/648 914/914/914 915/915/915
f 914/914/914 648/648/648 647/647/647
f 647/647/647 911/911/911 914/914/914
f 916/916/916 914/914/914 911/911/911
f 911/911/911 913/913/913 916/916/916
f 917/917/917 915/915/915 914/914/914
f 914/914/914 916/916/916 917/917/917
f 919/919/919 615/615/615 632/632/632
f 632/632/632 918/918/918 919/919/919
f 918/918/918 632/632/632 631/631/631
f 631/631/631 915/915/915 918/918/918
f 920/920/920 918/918/918 915/915/915
f 915/915/915 917/917/917 920/920/920
f 921/921/921 919/919/919 918/918/918
f 918/918/918 920/920/920 921/921/921
f 923/923/923 599/599/599 616/616/616
f 616/616/616 922/922/922 923/923/923
f 922/922/922 616/616/616 615/615/615
f 615/615/615 919/919/919 922/922/922
f 924/924/924 922/922/922 919/919/919
f 919/919/919 921/921/921 924/924/924
f 925/925/925 923/923/923 922/922/922
f 922/922/922 924/924/924 925/925/925
f 927/927/927 582/582/582 600/600/600
f 600/600/600 926/926/926 927/927/927
f 926/926/926 600/600/600 599/599/599
f 599/599/599 923/923/923 926/926/926
f 928/928/928 926/926/926 923/923/923
f 923/923/923 925/925/925 928/928/928
f 929/929/929 927/927/927 926/926/926
f 926/926/926 928/928/928 929/929/929
f 931/931/931 584/584/584 583/583/583
f 583/583/583 930/930/930 931/931/931
f 930/930/930 583/583/583 582/582/582
f 582/582/582 927/927/927 930/930/930
f 932/932/932 930/930/930 927/927/927
f 927/927/927 929/929/929 932/932/932
f 933/933/933 931/931/931 930/930/930
f 930/930/930 932/932/932 933/933/933
f 937/937/937 934/934/934 935/935/935
f 935/935/935 936/936/936 937/937/937
f 936/936/936 935/935/935 789/789/789
f 789/789/789 792/792/792 936/936/936
f 931/931/931 936/936/936 792/792/792
f 792/792/792 584/584/584 931/931/931
f 933/933/933 937/937/937 936/936/936
f 936/936/936 931/931/931 933/933/933
f 939/939/939 543/543/543 560/560/560
f 560/560/560 938/938/938 939/939/939
f 938/938/938 560/560/560 559/559/559
f 559/559/559 940/940/940 938/938/938
f 942/942/942 938/938/938 940/940/940
f 940/940/940 941/941/941 942/942/942
f 943/943/943 939/939/939 938/938/938
f 938/938/938 942/942/942 943/943/943
f 945/945/945 527/527/527 544/544/544
f 544/544/544 944/944/944 945/945/945
f 944/944/944 544/544/544 543/543/543
f 543/543/543 939/939/939 944/944/944
f 946/946/946 944/944/944 939/939/939
f 939/939/939 943/943/943 946/946/946
f 947/947/947 945/945/945 944/944/944
f 944/944/944 946/946/946 947/947/947
f 949/949/949 511/511/511 528/528/528
f 528/528/528 948/948/948 949/949/949
f 948/948/948 528/528/528 527/527/527
f 527/527/527 945/945/945 948/948/948
f 950/950/950 948/948/948 945/945/945
f 945/945/945 947/947/947 950/950/950
f 951/951/951 949/949/949 948/948/948
f 948/948/948 950/950/950 951/951/951
f 953/953/953 495/495/495 512/512/512
f 512/512/512 952/952/952 953/953/953
f 952/952/952 512/512/512 511/511/511
f 511/511/511 949/949/949 952/952/952
f 954/954/954 952/952/952 949/949/949
f 949/949/949 951/951/951 954/954/954
f 955/955/955 953/953/953 952/952/952
f 952/952/952 954/954/954 955/955/955
f 957/957/957 478/478/478 496/496/496
f 496/496/496 956/956/956 957/957/957
f 956/956/956 496/496/496 495/495/495
f 495/495/495 953/953/953 956/956/956
f 958/958/958 956/956/956 953/953/953
f 953/953/953 955/955/955 958/958/958
f 959/959/959 957/957/957 956/956/956
f 956/956/956 958/958/958 959/959/959
f 961/961/961 480/480/480 479/479/479
f 479/479/479 960/960/960 961/961/961
f 960/960/960 479/479/479 478/478/478
f 478/478/478 957/957/957 960/960/960
f 962/962/962 960/960/960 957/957/957
f 957/957/957 959/959/959 962/962/962
f 963/963/963 961/961/961 960/960/960
f 960/960/960 962/962/962 963/963/963
f 967/967/967 964/964/964 965/965/965
f 965/965/965 966/966/966 967/967/967
f 966/966/966 965/965/965 454/454/454
f 454/454/454 768/768/768 966/966/966
f 961/961/961 966/966/966 768/768/768
f 768/768/768 480/480/480 961/961/961
f 963/963/963 967/967/967 966/966/966
f 966/966/966 961/961/961 963/963/963
f 969/969/969 456/456/456 455/455/455
f 455/455/455 968/968/968 969/969/969
f 968/968/968 455/455/455 454/454/454
f 454/454/454 965/965/965 968/968/968
f 970/970/970 968/968/968 965/965/965
f 965/965/965 964/964/964 970/970/970
f 971/971/971 969/969/969 968/968/968
f 968/968/968 970/970/970 971/971/971
f 975/975/975 972/972/972 973/973/973
f 973/973/973 974/974/974 975/975/975
f 974/974/974 973/973/973 431/431/431
f 431/431/431 776/776/776 974/974/974
f 969/969/969 974/974/974 776/776/776
f 776/776/776 456/456/456 969/969/969
f 971/971/971 975/975/975 974/974/974
f 974/974/974 969/969/969 971/971/971
f 977/977/977 414/414/414 432/432/432
f 432/432/432 976/976/976 977/977/977
f 976/976/976 432/432/432 431/431/431
f 431/431/431 973/973/973 976/976/976
f 978/978/978 976/976/976 973/973/973
f 973/973/973 972/972/972 978/978/978
f 979/979/979 977/977/977 976/976/976
f 976/976/976 978/978/978 979/979/979
f 981/981/981 416/416/416 415/415/415
f 415/415/415 980/980/980 981/981/981
f 980/980/980 415/415/415 414/414/414
f 414/414/414 977/977/977 980/980/980
f 982/982/982 980/980/980 977/977/977
f 977/977/977 979/979/979 982/982/982
f 983/983/983 981/981/981 980/980/980
f 980/980/980 982/982/982 983/983/983
f 985/985/985 392/392/392 391/391/391
f 391/391/391 984/984/984 985/985/985
f 984/984/984 391/391/391 390/390/390
f 390/390/390 986/986/986 984/984/984
f 988/988/988 984/984/984 986/986/986
f 986/986/986 987/987/987 988/988/988
f 989/989/989 985/985/985 984/984/984
f 984/984/984 988/988/988 989/989/989
f 993/993/993 990/990/990 991/991/991
f 991/991/991 992/992/992 993/993/993
f 992/992/992 991/991/991 366/366/366
f 366/366/366 744/744/744 992/992/992
f 985/985/985 992/992/992 744/744/744
f 744/744/744 392/392/392 985/985/985
f 989/989/989 993/993/993 992/992/992
f 992/992/992 985/985/985 989/989/989
f 995/995/995 368/368/368 367/367/367
f 367/367/367 994/994/994 995/995/995
f 994/994/994 367/367/367 366/366/366
f 366/366/366 991/991/991 994/994/994
f 996/996/996 994/994/994 991/991/991
f 991/991/991 990/990/990 996/996/996
f 997/997/997 995/995/995 994/994/994
f 994/994/994 996/996/996 997/997/997
f 1001/1001/1001 998/998/998 999/999/999
f 999/999/999 1000/1000/1000 1001/1001/1001
f 1000/1000/1000 999/999/999 342/342/342
f 342/342/342 736/736/736 1000/1000/1000
f 995/995/995 1000/1000/1000 736/736/736
f 736/736/736 368/368/368 995/995/995
f 997/997/997 1001/1001/1001 1000/1000/1000
f 1000/1000/1000 995/995/995 997/997/997
f 1003/1003/1003 344/344/344 343/343/343
f 343/343/343 1002/1002/1002 1003/1003/1003
f 1002/1002/1002 343/343/343 342/342/342
f 342/342/342 999/999/999 1002/1002/1002
f 1004/1004/1004 1002/1002/1002 999/999/999
f 999/999/999 998/998/998 1004/1004/1004
f 1005/1005/1005 1003/1003/1003 1002/1002/1002
f 1002/1002/1002 1004/1004/1004 1005/1005/1005
f 1009/1009/1009 1006/1006/1006 1007/1007/1007
f 1007/1007/1007 1008/1008/1008 1009/1009/1009
f 1008/1008/1008 1007/1007/1007 318/318/318
f 318/318/318 760/760/760 1008/1008/1008
f 1003/1003/1003 1008/1008/1008 760/760/760
f 760/760/760 344/344/344 1003/1003/1003
f 1005/1005/1005 1009/1009/1009 1008/1008/1008
f 1008/1008/1008 1003/1003/1003 1005/1005/1005
f 1011/1011/1011 320/320/320 319/319/319
f 319/319/319 1010/1010/1010 1011/1011/1011
f 1010/1010/1010 319/319/319 318/318/318
f 318/318/318 1007/1007/1007 1010/1010/1010
f 1012/1012/1012 1010/1010/1010 1007/1007/1007
f 1007/1007/1007 1006/1006/1006 1012/1012/1012
f 1013/1013/1013 1011/1011/1011 1010/1010/1010
f 1010/1010/1010 1012/1012/1012 1013/1013/1013
f 1017/1017/1017 1014/1014/1014 1015/1015/1015
f 1015/1015/1015 1016/1016/1016 1017/1017/1017
f 1016/1016/1016 1015/1015/1015 295/295/295
f 295/295/295 752/752/752 1016/1016/1016
f 1011/1011/1011 1016/1016/1016 752/752/752
f 752/752/752 320/320/320 1011/1011/1011
f 1013/1013/1013 1017/1017/1017 1016/1016/1016
f 1016/1016/1016 1011/1011/1011 1013/1013/1013
f 1019/1019/1019 279/279/279 296/296/296
f 296/296/296 1018/1018/1018 1019/1019/1019
f 1018/1018/1018 296/296/296 295/295/295
f 295/295/295 1015/1015/1015 1018/1018/1018
f 1020/1020/1020 1018/1018/1018 1015/1015/1015
f 1015/1015/1015 1014/1014/1014 1020/1020/1020
f 1021/1021/1021 1019/1019/1019 1018/1018/1018
f 1018/1018/1018 1020/1020/1020 1021/1021/1021
f 1023/1023/1023 263/263/263 280/280/280
f 280/280/280 1022/1022/1022 1023/1023/1023
f 1022/1022/1022 280/280/280 279/279/279
f 279/279/279 1019/1019/1019 1022/1022/1022
f 1024/1024/1024 1022/1022/1022 1019/1019/1019
f 1019/1019/1019 1021/1021/1021 1024/1024/1024
f 1025/1025/1025 1023/1023/1023 1022/1022/1022
f 1022/1022/1022 1024/1024/1024 1025/1025/1025
f 1027/1027/1027 247/247/247 264/264/264
f 264/264/264 1026/1026/1026 1027/1027/1027
f 1026/1026/1026 264/264/264 263/263/263
f 263/263/263 1023/1023/1023 1026/1026/1026
f 1028/1028/1028 1026/1026/1026 1023/1023/1023
f 1023/1023/1023 1025/1025/1025 1028/1028/1028
f 1029/1029/1029 1027/1027/1027 1026/1026/1026
f 1026/1026/1026 1028/1028/1028 1029/1029/1029
f 1031/1031/1031 231/231/231 248/248/248
f 248/248/248 1030/1030/1030 1031/1031/1031
f 1030/1030/1030 248/248/248 247/247/247
f 247/247/247 1027/1027/1027 1030/1030/1030
f 1032/1032/1032 1030/1030/1030 1027/1027/1027
f 1027/1027/1027 1029/1029/1029 1032/1032/1032
f 1033/1033/1033 1031/1031/1031 1030/1030/1030
f 1030/1030/1030 1032/1032/1032 1033/1033/1033
f 1035/1035/1035 214/214/214 232/232/232
f 232/232/232 1034/1034/1034 1035/1035/1035
f 1034/1034/1034 232/232/232 231/231/231
f 231/231/231 1031/1031/1031 1034/1034/1034
f 1036/1036/1036 1034/1034/1034 1031/1031/1031
f 1031/1031/1031 1033/1033/1033 1036/1036/1036
f 1037/1037/1037 1035/1035/1035 1034/1034/1034
f 1034/1034/1034 1036/1036/1036 1037/1037/1037
f 1039/1039/1039 216/216/216 215/215/215
f 215/215/215 1038/1038/1038 1039/1039/1039
f 1038/1038/1038 215/215/215 214/214/214
f 214/214/214 1035/1035/1035 1038/1038/1038
f 1040/1040/1040 1038/1038/1038 1035/1035/1035
f 1035/1035/1035 1037/1037/1037 1040/1040/1040
f 1041/1041/1041 1039/1039/1039 1038/1038/1038
f 1038/1038/1038 1040/1040/1040 1041/1041/1041
f 1043/1043/1043 192/192/192 191/191/191
f 191/191/191 1042/1042/1042 1043/1043/1043
f 1042/1042/1042 191/191/191 190/190/190
f 190/190/190 1044/1044/1044 1042/1042/1042
f 1046/1046/1046 1042/1042/1042 1044/1044/1044
f 1044/1044/1044 1045/1045/1045 1046/1046/1046
f 1047/1047/1047 1043/1043/1043 1042/1042/1042
f 1042/1042/1042 1046/1046/1046 1047/1047/1047
f 1049/1049/1049 151/151/151 168/168/168
f 168/168/168 1048/1048/1048 1049/1049/1049
f 1048/1048/1048 168/168/168 167/167/167
f 167/167/167 1050/1050/1050 1048/1048/1048
f 1052/1052/1052 1048/1048/1048 1050/1050/1050
f 1050/1050/1050 1051/1051/1051 1052/1052/1052
f 1053/1053/1053 1049/1049/1049 1048/1048/1048
f 1048/1048/1048 1052/1052/1052 1053/1053/1053
f 1055/1055/1055 135/135/135 152/152/152
f 152/152/152 1054/1054/1054 1055/1055/1055
f 1054/1054/1054 152/152/152 151/151/151
f 151/151/151 1049/1049/1049 1054/1054/1054
f 1056/1056/1056 1054/1054/1054 1049/1049/1049
f 1049/1049/1049 1053/1053/1053 1056/1056/1056
f 1057/1057/1057 1055/1055/1055 1054/1054/1054
f 1054/1054/1054 1056/1056/1056 1057/1057/1057
f 1059/1059/1059 119/119/119 136/136/136
f 136/136/136 1058/1058/1058 1059/1059/1059
f 1058/1058/1058 136/136/136 135/135/135
f 135/135/135 1055/1055/1055 1058/1058/1058
f 1060/1060/1060 1058/1058/1058 1055/1055/1055
f 1055/1055/1055 1057/1057/1057 1060/1060/1060
f 1061/1061/1061 1059/1059/1059 1058/1058/1058
f 1058/1058/1058 1060/1060/1060 1061/1061/1061
f 1063/1063/1063 103/103/103 120/120/120
f 120/120/120 1062/1062/1062 1063/1063/1063
f 1062/1062/1062 120/120/120 119/119/119
f 119/119/119 1059/1059/1059 1062/1062/1062
f 1064/1064/1064 1062/1062/1062 1059/1059/1059
f 1059/1059/1059 1061/1061/1061 1064/1064/1064
f 1065/1065/1065 1063/1063/1063 1062/1062/1062
f 1062/1062/1062 1064/1064/1064 1065/1065/1065
f 1067/1067/1067 87/87/87 104/104/104
f 104/104/104 1066/1066/1066 1067/1067/1067
f 1066/1066/1066 104/104/104 103/103/103
f 103/103/103 1063/1063/1063 1066/1066/1066
f 1068/1068/1068 1066/1066/1066 1063/1063/1063
f 1063/1063/1063 1065/1065/1065 1068/1068/1068
f 1069/1069/1069 1067/1067/1067 1066/1066/1066
f 1066/1066/1066 1068/1068/1068 1069/1069/1069
f 1071/1071/1071 71/71/71 88/88/88
f 88/88/88 1070/1070/1070 1071/1071/1071
f 1070/1070/1070 88/88/88 87/87/87
f 87/87/87 1067/1067/1067 1070/1070/1070
f 1072/1072/1072 1070/1070/1070 1067/1067/1067
f 1067/1067/1067 1069/1069/1069 1072/1072/1072
f 1073/1073/1073 1071/1071/1071 1070/1070/1070
f 1070/1070/1070 1072/1072/1072 1073/1073/1073
f 1075/1075/1075 55/55/55 72/72/72
f 72/72/72 1074/1074/1074 1075/1075/1075
f 1074/1074/1074 72/72/72 71/71/71
f 71/71/71 1071/1071/1071 1074/1074/1074
f 1076/1076/1076 1074/1074/1074 1071/1071/1071
f 1071/1071/1071 1073/1073/1073 1076/1076/1076
f 1077/1077/1077 1075/1075/1075 1074/1074/1074
f 1074/1074/1074 1076/1076/1076 1077/1077/1077
f 1079/1079/1079 39/39/39 56/56/56
f 56/56/56 1078/1078/1078 1079/1079/1079
f 1078/1078/1078 56/56/56 55/55/55
f 55/55/55 1075/1075/1075 1078/1078/1078
f 1080/1080/1080 1078/1078/1078 1075/1075/1075
f 1075/1075/1075 1077/1077/1077 1080/1080/1080
f 1081/1081/1081 1079/1079/1079 1078/1078/1078
f 1078/1078/1078 1080/1080/1080 1081/1081/1081
f 1083/1083/1083 22/22/22 40/40/40
f 40/40/40 1082/1082/1082 1083/1083/1083
f 1082/1082/1082 40/40/40 39/39/39
f 39/39/39 1079/1079/1079 1082/1082/1082
f 1084/1084/1084 1082/1082/1082 1079/1079/1079
f 1079/1079/1079 1081/1081/1081 1084/1084/1084
f 1085/1085/1085 1083/1083/1083 1082/1082/1082
f 1082/1082/1082 1084/1084/1084 1085/1085/1085
f 1087/1087/1087 24/24/24 23/23/23
f 23/23/23 1086/1086/1086 1087/1087/1087
f 1086/1086/1086 23/23/23 22/22/22
f 22/22/22 1083/1083/1083 1086/1086/1086
f 1088/1088/1088 1086/1086/1086 1083/1083/1083
f 1083/1083/1083 1085/1085/1085 1088/1088/1088
f 1089/1089/1089 1087/1087/1087 1086/1086/1086
f 1086/1086/1086 1088/1088/1088 1089/1089/1089
f 156/156/156 155/155/155 1090/1090/1090
f 1090/1090/1090 1091/1091/1091 156/156/156
f 1091/1091/1091 1090/1090/1090 169/169/169
f 169/169/169 172/172/172 1091/1091/1091
f 1092/1092/1092 1091/1091/1091 172/172/172
f 172/172/172 177/177/177 1092/1092/1092
f 157/157/157 156/156/156 1091/1091/1091
f 1091/1091/1091 1092/1092/1092 157/157/157
f 1094/1094/1094 161/161/161 873/873/873
f 873/873/873 1093/1093/1093 1094/1094/1094
f 1093/1093/1093 873/873/873 157/157/157
f 157/157/157 1092/1092/1092 1093/1093/1093
f 869/869/869 1093/1093/1093 1092/1092/1092
f 1092/1092/1092 177/177/177 869/869/869
f 178/178/178 1094/1094/1094 1093/1093/1093
f 1093/1093/1093 869/869/869 178/178/178
f 1096/1096/1096 163/163/163 162/162/162
f 162/162/162 1095/1095/1095 1096/1096/1096
f 1095/1095/1095 162/162/162 161/161/161
f 161/161/161 1094/1094/1094 1095/1095/1095
f 181/181/181 1095/1095/1095 1094/1094/1094
f 1094/1094/1094 178/178/178 181/181/181
f 186/186/186 1096/1096/1096 1095/1095/1095
f 1095/1095/1095 181/181/181 186/186/186
f 1098/1098/1098 167/167/167 166/166/166
f 166/166/166 1097/1097/1097 1098/1098/1098
f 1097/1097/1097 166/166/166 163/163/163
f 163/163/163 1096/1096/1096 1097/1097/1097
f 188/188/188 1097/1097/1097 1096/1096/1096
f 1096/1096/1096 186/186/186 188/188/188
f 192/192/192 1098/1098/1098 1097/1097/1097
f 1097/1097/1097 188/188/188 192/192/192
f 1100/1100/1100 1051/1051/1051 1050/1050/1050
f 1050/1050/1050 1099/1099/1099 1100/1100/1100
f 1099/1099/1099 1050/1050/1050 167/167/167
f 167/167/167 1098/1098/1098 1099/1099/1099
f 1043/1043/1043 1099/1099/1099 1098/1098/1098
f 1098/1098/1098 192/192/192 1043/1043/1043
f 1047/1047/1047 1100/1100/1100 1099/1099/1099
f 1099/1099/1099 1043/1043/1043 1047/1047/1047
f 174/174/174 173/173/173 1101/1101/1101
f 1101/1101/1101 1102/1102/1102 174/174/174
f 1102/1102/1102 1101/1101/1101 193/193/193
f 193/193/193 196/196/196 1102/1102/1102
f 1103/1103/1103 1102/1102/1102 196/196/196
f 196/196/196 201/201/201 1103/1103/1103
f 175/175/175 174/174/174 1102/1102/1102
f 1102/1102/1102 1103/1103/1103 175/175/175
f 1105/1105/1105 182/182/182 870/870/870
f 870/870/870 1104/1104/1104 1105/1105/1105
f 1104/1104/1104 870/870/870 175/175/175
f 175/175/175 1103/1103/1103 1104/1104/1104
f 867/867/867 1104/1104/1104 1103/1103/1103
f 1103/1103/1103 201/201/201 867/867/867
f 202/202/202 1105/1105/1105 1104/1104/1104
f 1104/1104/1104 867/867/867 202/202/202
f 1107/1107/1107 184/184/184 183/183/183
f 183/183/183 1106/1106/1106 1107/1107/1107
f 1106/1106/1106 183/183/183 182/182/182
f 182/182/182 1105/1105/1105 1106/1106/1106
f 205/205/205 1106/1106/1106 1105/1105/1105
f 1105/1105/1105 202/202/202 205/205/205
f 210/210/210 1107/1107/1107 1106/1106/1106
f 1106/1106/1106 205/205/205 210/210/210
f 1109/1109/1109 190/190/190 189/189/189
f 189/189/189 1108/1108/1108 1109/1109/1109
f 1108/1108/1108 189/189/189 184/184/184
f 184/184/184 1107/1107/1107 1108/1108/1108
f 212/212/212 1108/1108/1108 1107/1107/1107
f 1107/1107/1107 210/210/210 212/212/212
f 216/216/216 1109/1109/1109 1108/1108/1108
f 1108/1108/1108 212/212/212 216/216/216
f 1111/1111/1111 1045/1045/1045 1044/1044/1044
f 1044/1044/1044 1110/1110/1110 1111/1111/1111
f 1110/1110/1110 1044/1044/1044 190/190/190
f 190/190/190 1109/1109/1109 1110/1110/1110
f 1039/1039/1039 1110/1110/1110 1109/1109/1109
f 1109/1109/1109 216/216/216 1039/1039/1039
f 1041/1041/1041 1111/1111/1111 1110/1110/1110
f 1110/1110/1110 1039/1039/1039 1041/1041/1041
f 548/548/548 547/547/547 1112/1112/1112
f 1112/1112/1112 1113/1113/1113 548/548/548
f 1113/1113/1113 1112/1112/1112 777/777/777
f 777/777/777 780/780/780 1113/1113/1113
f 1114/1114/1114 1113/1113/1113 780/780/780
f 780/780/780 782/782/782 1114/1114/1114
f 549/549/549 548/548/548 1113/1113/1113
f 1113/1113/1113 1114/1114/1114 549/549/549
f 1116/1116/1116 553/553/553 818/818/818
f 818/818/818 1115/1115/1115 1116/1116/1116
f 1115/1115/1115 818/818/818 549/549/549
f 549/549/549 1114/1114/1114 1115/1115/1115
f 815/815/815 1115/1115/1115 1114/1114/1114
f 1114/1114/1114 782/782/782 815/815/815
f 787/787/787 1116/1116/1116 1115/1115/1115
f 1115/1115/1115 815/815/815 787/787/787
f 1118/1118/1118 555/555/555 554/554/554
f 554/554/554 1117/1117/1117 1118/1118/1118
f 1117/1117/1117 554/554/554 553/553/553
f 553/553/553 1116/1116/1116 1117/1117/1117
f 784/784/784 1117/1117/1117 1116/1116/1116
f 1116/1116/1116 787/787/787 784/784/784
f 783/783/783 1118/1118/1118 1117/1117/1117
f 1117/1117/1117 784/784/784 783/783/783
f 1120/1120/1120 559/559/559 558/558/558
f 558/558/558 1119/1119/1119 1120/1120/1120
f 1119/1119/1119 558/558/558 555/555/555
f 555/555/555 1118/1118/1118 1119/1119/1119
f 790/790/790 1119/1119/1119 1118/1118/1118
f 1118/1118/1118 783/783/783 790/790/790
f 789/789/789 1120/1120/1120 1119/1119/1119
f 1119/1119/1119 790/790/790 789/789/789
f 1122/1122/1122 941/941/941 940/940/940
f 940/940/940 1121/1121/1121 1122/1122/1122
f 1121/1121/1121 940/940/940 559/559/559
f 559/559/559 1120/1120/1120 1121/1121/1121
f 935/935/935 1121/1121/1121 1120/1120/1120
f 1120/1120/1120 789/789/789 935/935/935
f 934/934/934 1122/1122/1122 1121/1121/1121
f 1121/1121/1121 935/935/935 934/934/934
f 1126/1126/1126 1123/1123/1123 1124/1124/1124
f 1124/1124/1124 1125/1125/1125 1126/1126/1126
f 1125/1125/1125 1124/1124/1124 416/416/416
f 416/416/416 981/981/981 1125/1125/1125
f 1127/1127/1127 1125/1125/1125 981/981/981
f 981/981/981 983/983/983 1127/1127/1127
f 1128/1128/1128 1126/1126/1126 1125/1125/1125
f 1125/1125/1125 1127/1127/1127 1128/1128/1128
f 1132/1132/1132 1129/1129/1129 1130/1130/1130
f 1130/1130/1130 1131/1131/1131 1132/1132/1132
f 1131/1131/1131 1130/1130/1130 410/410/410
f 410/410/410 412/412/412 1131/1131/1131
f 1124/1124/1124 1131/1131/1131 412/412/412
f 412/412/412 416/416/416 1124/1124/1124
f 1123/1123/1123 1132/1132/1132 1131/1131/1131
f 1131/1131/1131 1124/1124/1124 1123/1123/1123
f 1136/1136/1136 1133/1133/1133 1134/1134/1134
f 1134/1134/1134 1135/1135/1135 1136/1136/1136
f 1135/1135/1135 1134/1134/1134 402/402/402
f 402/402/402 405/405/405 1135/1135/1135
f 1130/1130/1130 1135/1135/1135 405/405/405
f 405/405/405 410/410/410 1130/1130/1130
f 1129/1129/1129 1136/1136/1136 1135/1135/1135
f 1135/1135/1135 1130/1130/1130 1129/1129/1129
f 1140/1140/1140 1137/1137/1137 1138/1138/1138
f 1138/1138/1138 1139/1139/1139 1140/1140/1140
f 1139/1139/1139 1138/1138/1138 401/401/401
f 401/401/401 838/838/838 1139/1139/1139
f 1134/1134/1134 1139/1139/1139 838/838/838
f 838/838/838 402/402/402 1134/1134/1134
f 1133/1133/1133 1140/1140/1140 1139/1139/1139
f 1139/1139/1139 1134/1134/1134 1133/1133/1133
f 1144/1144/1144 1141/1141/1141 1142/1142/1142
f 1142/1142/1142 1143/1143/1143 1144/1144/1144
f 1143/1143/1143 1142/1142/1142 393/393/393
f 393/393/393 396/396/396 1143/1143/1143
f 1138/1138/1138 1143/1143/1143 396/396/396
f 396/396/396 401/401/401 1138/1138/1138
f 1137/1137/1137 1144/1144/1144 1143/1143/1143
f 1143/1143/1143 1138/1138/1138 1137/1137/1137
f 374/374/374 373/373/373 1145/1145/1145
f 1145/1145/1145 1146/1146/1146 374/374/374
f 1146/1146/1146 1145/1145/1145 1141/1141/1141
f 1141/1141/1141 1144/1144/1144 1146/1146/1146
f 1147/1147/1147 1146/1146/1146 1144/1144/1144
f 1144/1144/1144 1137/1137/1137 1147/1147/1147
f 375/375/375 374/374/374 1146/1146/1146
f 1146/1146/1146 1147/1147/1147 375/375/375
f 1149/1149/1149 382/382/382 841/841/841
f 841/841/841 1148/1148/1148 1149/1149/1149
f 1148/1148/1148 841/841/841 375/375/375
f 375/375/375 1147/1147/1147 1148/1148/1148
f 1140/1140/1140 1148/1148/1148 1147/1147/1147
f 1147/1147/1147 1137/1137/1137 1140/1140/1140
f 1133/1133/1133 1149/1149/1149 1148/1148/1148
f 1148/1148/1148 1140/1140/1140 1133/1133/1133
f 1151/1151/1151 384/384/384 383/383/383
f 383/383/383 1150/1150/1150 1151/1151/1151
f 1150/1150/1150 383/383/383 382/382/382
f 382/382/382 1149/1149/1149 1150/1150/1150
f 1136/1136/1136 1150/1150/1150 1149/1149/1149
f 1149/1149/1149 1133/1133/1133 1136/1136/1136
f 1129/1129/1129 1151/1151/1151 1150/1150/1150
f 1150/1150/1150 1136/1136/1136 1129/1129/1129
f 1153/1153/1153 390/390/390 389/389/389
f 389/389/389 1152/1152/1152 1153/1153/1153
f 1152/1152/1152 389/389/389 384/384/384
f 384/384/384 1151/1151/1151 1152/1152/1152
f 1132/1132/1132 1152/1152/1152 1151/1151/1151
f 1151/1151/1151 1129/1129/1129 1132/1132/1132
f 1123/1123/1123 1153/1153/1153 1152/1152/1152
f 1152/1152/1152 1132/1132/1132 1123/1123/1123
f 1155/1155/1155 987/987/987 986/986/986
f 986/986/986 1154/1154/1154 1155/1155/1155
f 1154/1154/1154 986/986/986 390/390/390
f 390/390/390 1153/1153/1153 1154/1154/1154
f 1126/1126/1126 1154/1154/1154 1153/1153/1153
f 1153/1153/1153 1123/1123/1123 1126/1126/1126
f 1128/1128/1128 1155/1155/1155 1154/1154/1154
f 1154/1154/1154 1126/1126/1126 1128/1128/1128
f 1159/1159/1159 1156/1156/1156 1157/1157/1157
f 1157/1157/1157 1158/1158/1158 1159/1159/1159
f 1161/1161/1161 1159/1159/1159 1158/1158/1158
f 1158/1158/1158 1160/1160/1160 1161/1161/1161
f 1160/1160/1160 1158/1158/1158 1162/1162/1162
f 1162/1162/1162 1163/1163/1163 1160/1160/1160
f 1158/1158/1158 1157/1157/1157 1164/1164/1164
f 1164/1164/1164 1162/1162/1162 1158/1158/1158
f 1168/1168/1168 1165/1165/1165 1166/1166/1166
f 1166/1166/1166 1167/1167/1167 1168/1168/1168
f 1170/1170/1170 1168/1168/1168 1167/1167/1167
f 1167/1167/1167 1169/1169/1169 1170/1170/1170
f 1169/1169/1169 1167/1167/1167 1171/1171/1171
f 1171/1171/1171 1172/1172/1172 1169/1169/1169
f 1167/1167/1167 1166/1166/1166 1173/1173/1173
f 1173/1173/1173 1171/1171/1171 1167/1167/1167
f 1171/1171/1171 1173/1173/1173 1174/1174/1174
f 1174/1174/1174 1175/1175/1175 1171/1171/1171
f 1172/1172/1172 1171/1171/1171 1175/1175/1175
f 1175/1175/1175 1176/1176/1176 1172/1172/1172
f 1176/1176/1176 1175/1175/1175 1177/1177/1177
f 1177/1177/1177 1178/1178/1178 1176/1176/1176
f 1175/1175/1175 1174/1174/1174 1179/1179/1179
f 1179/1179/1179 1177/1177/1177 1175/1175/1175
f 1181/1181/1181 1161/1161/1161 1160/1160/1160
f 1160/1160/1160 1180/1180/1180 1181/1181/1181
f 1183/1183/1183 1181/1181/1181 1180/1180/1180
f 1180/1180/1180 1182/1182/1182 1183/1183/1183
f 1182/1182/1182 1180/1180/1180 1184/1184/1184
f 1184/1184/1184 1185/1185/1185 1182/1182/1182
f 1180/1180/1180 1160/1160/1160 1163/1163/1163
f 1163/1163/1163 1184/1184/1184 1180/1180/1180
f 1187/1187/1187 1170/1170/1170 1169/1169/1169
f 1169/1169/1169 1186/1186/1186 1187/1187/1187
f 1189/1189/1189 1187/1187/1187 1186/1186/1186
f 1186/1186/1186 1188/1188/1188 1189/1189/1189
f 1188/1188/1188 1186/1186/1186 1190/1190/1190
f 1190/1190/1190 1191/1191/1191 1188/1188/1188
f 1186/1186/1186 1169/1169/1169 1172/1172/1172
f 1172/1172/1172 1190/1190/1190 1186/1186/1186
f 1190/1190/1190 1172/1172/1172 1176/1176/1176
f 1176/1176/1176 1192/1192/1192 1190/1190/1190
f 1191/1191/1191 1190/1190/1190 1192/1192/1192
f 1192/1192/1192 1193/1193/1193 1191/1191/1191
f 1193/1193/1193 1192/1192/1192 1194/1194/1194
f 1194/1194/1194 1195/1195/1195 1193/1193/1193
f 1192/1192/1192 1176/1176/1176 1178/1178/1178
f 1178/1178/1178 1194/1194/1194 1192/1192/1192
f 1197/1197/1197 1183/1183/1183 1182/1182/1182
f 1182/1182/1182 1196/1196/1196 1197/1197/1197
f 1199/1199/1199 1197/1197/1197 1196/1196/1196
f 1196/1196/1196 1198/1198/1198 1199/1199/1199
f 1198/1198/1198 1196/1196/1196 1200/1200/1200
f 1200/1200/1200 1201/1201/1201 1198/1198/1198
f 1196/1196/1196 1182/1182/1182 1185/1185/1185
f 1185/1185/1185 1200/1200/1200 1196/1196/1196
f 1203/1203/1203 1189/1189/1189 1188/1188/1188
f 1188/1188/1188 1202/1202/1202 1203/1203/1203
f 1205/1205/1205 1203/1203/1203 1202/1202/1202
f 1202/1202/1202 1204/1204/1204 1205/1205/1205
f 1204/1204/1204 1202/1202/1202 1206/1206/1206
f 1206/1206/1206 1207/1207/1207 1204/1204/1204
f 1202/1202/1202 1188/1188/1188 1191/1191/1191
f 1191/1191/1191 1206/1206/1206 1202/1202/1202
f 1206/1206/1206 1191/1191/1191 1193/1193/1193
f 1193/1193/1193 1208/1208/1208 1206/1206/1206
f 1207/1207/1207 1206/1206/1206 1208/1208/1208
f 1208/1208/1208 1209/1209/1209 1207/1207/1207
f 1209/1209/1209 1208/1208/1208 1210/1210/1210
f 1210/1210/1210 1211/1211/1211 1209/1209/1209
f 1208/1208/1208 1193/1193/1193 1195/1195/1195
f 1195/1195/1195 1210/1210/1210 1208/1208/1208
f 1213/1213/1213 1199/1199/1199 1198/1198/1198
f 1198/1198/1198 1212/1212/1212 1213/1213/1213
f 1215/1215/1215 1213/1213/1213 1212/1212/1212
f 1212/1212/1212 1214/1214/1214 1215/1215/1215
f 1214/1214/1214 1212/1212/1212 1216/1216/1216
f 1216/1216/1216 1217/1217/1217 1214/1214/1214
f 1212/1212/1212 1198/1198/1198 1201/1201/1201
f 1201/1201/1201 1216/1216/1216 1212/1212/1212
f 1219/1219/1219 1205/1205/1205 1204/1204/1204
f 1204/1204/1204 1218/1218/1218 1219/1219/1219
f 1221/1221/1221 1219/1219/1219 1218/1218/1218
f 1218/1218/1218 1220/1220/1220 1221/1221/1221
f 1220/1220/1220 1218/1218/1218 1222/1222/1222
f 1222/1222/1222 1223/1223/1223 1220/1220/1220
f 1218/1218/1218 1204/1204/1204 1207/1207/1207
f 1207/1207/1207 1222/1222/1222 1218/1218/1218
f 1222/1222/1222 1207/1207/1207 1209/1209/1209
f 1209/1209/1209 1224/1224/1224 1222/1222/1222
f 1223/1223/1223 1222/1222/1222 1224/1224/1224
f 1224/1224/1224 1225/1225/1225 1223/1223/1223
f 1225/1225/1225 1224/1224/1224 1226/1226/1226
f 1226/1226/1226 1227/1227/1227 1225/1225/1225
f 1224/1224/1224 1209/1209/1209 1211/1211/1211
f 1211/1211/1211 1226/1226/1226 1224/1224/1224
f 1229/1229/1229 1215/1215/1215 1214/1214/1214
f 1214/1214/1214 1228/1228/1228 1229/1229/1229
f 1231/1231/1231 1229/1229/1229 1228/1228/1228
f 1228/1228/1228 1230/1230/1230 1231/1231/1231
f 1230/1230/1230 1228/1228/1228 1232/1232/1232
f 1232/1232/1232 1233/1233/1233 1230/1230/1230
f 1228/1228/1228 1214/1214/1214 1217/1217/1217
f 1217/1217/1217 1232/1232/1232 1228/1228/1228
f 1235/1235/1235 1221/1221/1221 1220/1220/1220
f 1220/1220/1220 1234/1234/1234 1235/1235/1235
f 1237/1237/1237 1235/1235/1235 1234/1234/1234
f 1234/1234/1234 1236/1236/1236 1237/1237/1237
f 1236/1236/1236 1234/1234/1234 1238/1238/1238
f 1238/1238/1238 1239/1239/1239 1236/1236/1236
f 1234/1234/1234 1220/1220/1220 1223/1223/1223
f 1223/1223/1223 1238/1238/1238 1234/1234/1234
f 1238/1238/1238 1223/1223/1223 1225/1225/1225
f 1225/1225/1225 1240/1240/1240 1238/1238/1238
f 1239/1239/1239 1238/1238/1238 1240/1240/1240
f 1240/1240/1240 1241/1241/1241 1239/1239/1239
f 1241/1241/1241 1240/1240/1240 1242/1242/1242
f 1242/1242/1242 1243/1243/1243 1241/1241/1241
f 1240/1240/1240 1225/1225/1225 1227/1227/1227
f 1227/1227/1227 1242/1242/1242 1240/1240/1240
f 1245/1245/1245 1231/1231/1231 1230/1230/1230
f 1230/1230/1230 1244/1244/1244 1245/1245/1245
f 1247/1247/1247 1245/1245/1245 1244/1244/1244
f 1244/1244/1244 1246/1246/1246 1247/1247/1247
f 1246/1246/1246 1244/1244/1244 1248/1248/1248
f 1248/1248/1248 1249/1249/1249 1246/1246/1246
f 1244/1244/1244 1230/1230/1230 1233/1233/1233
f 1233/1233/1233 1248/1248/1248 1244/1244/1244
f 1251/1251/1251 1237/1237/1237 1236/1236/1236
f 1236/1236/1236 1250/1250/1250 1251/1251/1251
f 1253/1253/1253 1251/1251/1251 1250/1250/1250
f 1250/1250/1250 1252/1252/1252 1253/1253/1253
f 1252/1252/1252 1250/1250/1250 1254/1254/1254
f 1254/1254/1254 1255/1255/1255 1252/1252/1252
f 1250/1250/1250 1236/1236/1236 1239/1239/1239
f 1239/1239/1239 1254/1254/1254 1250/1250/1250
f 1254/1254/1254 1239/1239/1239 1241/1241/1241
f 1241/1241/1241 1256/1256/1256 1254/1254/1254
f 1255/1255/1255 1254/1254/1254 1256/1256/1256
f 1256/1256/1256 1257/1257/1257 1255/1255/1255
f 1257/1257/1257 1256/1256/1256 1258/1258/1258
f 1258/1258/1258 1259/1259/1259 1257/1257/1257
f 1256/1256/1256 1241/1241/1241 1243/1243/1243
f 1243/1243/1243 1258/1258/1258 1256/1256/1256
f 1261/1261/1261 1247/1247/1247 1246/1246/1246
f 1246/1246/1246 1260/1260/1260 1261/1261/1261
f 1263/1263/1263 1261/1261/1261 1260/1260/1260
f 1260/1260/1260 1262/1262/1262 1263/1263/1263
f 1262/1262/1262 1260/1260/1260 1264/1264/1264
f 1264/1264/1264 1265/1265/1265 1262/1262/1262
f 1260/1260/1260 1246/1246/1246 1249/1249/1249
f 1249/1249/1249 1264/1264/1264 1260/1260/1260
f 1267/1267/1267 1253/1253/1253 1252/1252/1252
f 1252/1252/1252 1266/1266/1266 1267/1267/1267
f 1269/1269/1269 1267/1267/1267 1266/1266/1266
f 1266/1266/1266 1268/1268/1268 1269/1269/1269
f 1268/1268/1268 1266/1266/1266 1270/1270/1270
f 1270/1270/1270 1271/1271/1271 1268/1268/1268
f 1266/1266/1266 1252/1252/1252 1255/1255/1255
f 1255/1255/1255 1270/1270/1270 1266/1266/1266
f 1270/1270/1270 1255/1255/1255 1257/1257/1257
f 1257/1257/1257 1272/1272/1272 1270/1270/1270
f 1271/1271/1271 1270/1270/1270 1272/1272/1272
f 1272/1272/1272 1273/1273/1273 1271/1271/1271
f 1273/1273/1273 1272/1272/1272 1274/1274/1274
f 1274/1274/1274 1275/1275/1275 1273/1273/1273
f 1272/1272/1272 1257/1257/1257 1259/1259/1259
f 1259/1259/1259 1274/1274/1274 1272/1272/1272
f 1277/1277/1277 1263/1263/1263 1262/1262/1262
f 1262/1262/1262 1276/1276/1276 1277/1277/1277
f 1279/1279/1279 1277/1277/1277 1276/1276/1276
f 1276/1276/1276 1278/1278/1278 1279/1279/1279
f 1278/1278/1278 1276/1276/1276 1280/1280/1280
f 1280/1280/1280 1281/1281/1281 1278/1278/1278
f 1276/1276/1276 1262/1262/1262 1265/1265/1265
f 1265/1265/1265 1280/1280/1280 1276/1276/1276
f 1283/1283/1283 1269/1269/1269 1268/1268/1268
f 1268/1268/1268 1282/1282/1282 1283/1283/1283
f 1285/1285/1285 1283/1283/1283 1282/1282/1282
f 1282/1282/1282 1284/1284/1284 1285/1285/1285
f 1284/1284/1284 1282/1282/1282 1286/1286/1286
f 1286/1286/1286 1287/1287/1287 1284/1284/1284
f 1282/1282/1282 1268/1268/1268 1271/1271/1271
f 1271/1271/1271 1286/1286/1286 1282/1282/1282
f 1286/1286/1286 1271/1271/1271 1273/1273/1273
f 1273/1273/1273 1288/1288/1288 1286/1286/1286
f 1287/1287/1287 1286/1286/1286 1288/1288/1288
f 1288/1288/1288 1289/1289/1289 1287/1287/1287
f 1289/1289/1289 1288/1288/1288 1290/1290/1290
f 1290/1290/1290 1291/1291/1291 1289/1289/1289
f 1288/1288/1288 1273/1273/1273 1275/1275/1275
f 1275/1275/1275 1290/1290/1290 1288/1288/1288
f 1293/1293/1293 1279/1279/1279 1278/1278/1278
f 1278/1278/1278 1292/1292/1292 1293/1293/1293
f 1295/1295/1295 1293/1293/1293 1292/1292/1292
f 1292/1292/1292 1294/1294/1294 1295/1295/1295
f 1294/1294/1294 1292/1292/1292 1296/1296/1296
f 1296/1296/1296 1297/1297/1297 1294/1294/1294
f 1292/1292/1292 1278/1278/1278 1281/1281/1281
f 1281/1281/1281 1296/1296/1296 1292/1292/1292
f 1299/1299/1299 1285/1285/1285 1284/1284/1284
f 1284/1284/1284 1298/1298/1298 1299/1299/1299
f 1301/1301/1301 1299/1299/1299 1298/1298/1298
f 1298/1298/1298 1300/1300/1300 1301/1301/1301
f 1300/1300/1300 1298/1298/1298 1302/1302/1302
f 1302/1302/1302 1303/1303/1303 1300/1300/1300
f 1298/1298/1298 1284/1284/1284 1287/1287/1287
f 1287/1287/1287 1302/1302/1302 1298/1298/1298
f 1302/1302/1302 1287/1287/1287 1289/1289/1289
f 1289/1289/1289 1304/1304/1304 1302/1302/1302
f 1303/1303/1303 1302/1302/1302 1304/1304/1304
f 1304/1304/1304 1305/1305/1305 1303/1303/1303
f 1305/1305/1305 1304/1304/1304 1306/1306/1306
f 1306/1306/1306 1307/1307/1307 1305/1305/1305
f 1304/1304/1304 1289/1289/1289 1291/1291/1291
f 1291/1291/1291 1306/1306/1306 1304/1304/1304
f 1309/1309/1309 1295/1295/1295 1294/1294/1294
f 1294/1294/1294 1308/1308/1308 1309/1309/1309
f 1311/1311/1311 1309/1309/1309 1308/1308/1308
f 1308/1308/1308 1310/1310/1310 1311/1311/1311
f 1310/1310/1310 1308/1308/1308 1312/1312/1312
f 1312/1312/1312 1313/1313/1313 1310/1310/1310
f 1308/1308/1308 1294/1294/1294 1297/1297/1297
f 1297/1297/1297 1312/1312/1312 1308/1308/1308
f 1315/1315/1315 1301/1301/1301 1300/1300/1300
f 1300/1300/1300 1314/1314/1314 1315/1315/1315
f 1317/1317/1317 1315/1315/1315 1314/1314/1314
f 1314/1314/1314 1316/1316/1316 1317/1317/1317
f 1316/1316/1316 1314/1314/1314 1318/1318/1318
f 1318/1318/1318 1319/1319/1319 1316/1316/1316
f 1314/1314/1314 1300/1300/1300 1303/1303/1303
f 1303/1303/1303 1318/1318/1318 1314/1314/1314
f 1318/1318/1318 1303/1303/1303 1305/1305/1305
f 1305/1305/1305 1320/1320/1320 1318/1318/1318
f 1319/1319/1319 1318/1318/1318 1320/1320/1320
f 1320/1320/1320 1321/1321/1321 1319/1319/1319
f 1321/1321/1321 1320/1320/1320 1322/1322/1322
f 1322/1322/1322 1323/1323/1323 1321/1321/1321
f 1320/1320/1320 1305/1305/1305 1307/1307/1307
f 1307/1307/1307 1322/1322/1322 1320/1320/1320
f 1327/1327/1327 1324/1324/1324 1325/1325/1325
f 1325/1325/1325 1326/1326/1326 1327/1327/1327
f 1329/1329/1329 1327/1327/1327 1326/1326/1326
f 1326/1326/1326 1328/1328/1328 1329/1329/1329
f 1328/1328/1328 1326/1326/1326 1330/1330/1330
f 1330/1330/1330 1331/1331/1331 1328/1328/1328
f 1326/1326/1326 1325/1325/1325 1332/1332/1332
f 1332/1332/1332 1330/1330/1330 1326/1326/1326
f 1336/1336/1336 1333/1333/1333 1334/1334/1334
f 1334/1334/1334 1335/1335/1335 1336/1336/1336
f 1338/1338/1338 1336/1336/1336 1335/1335/1335
f 1335/1335/1335 1337/1337/1337 1338/1338/1338
f 1337/1337/1337 1335/1335/1335 1339/1339/1339
f 1339/1339/1339 1340/1340/1340 1337/1337/1337
f 1335/1335/1335 1334/1334/1334 1341/1341/1341
f 1341/1341/1341 1339/1339/1339 1335/1335/1335
f 1339/1339/1339 1341/1341/1341 1342/1342/1342
f 1342/1342/1342 1343/1343/1343 1339/1339/1339
f 1340/1340/1340 1339/1339/1339 1343/1343/1343
f 1343/1343/1343 1344/1344/1344 1340/1340/1340
f 1344/1344/1344 1343/1343/1343 1345/1345/1345
f 1345/1345/1345 1346/1346/1346 1344/1344/1344
f 1343/1343/1343 1342/1342/1342 1347/1347/1347
f 1347/1347/1347 1345/1345/1345 1343/1343/1343
f 1351/1351/1351 1348/1348/1348 1349/1349/1349
f 1349/1349/1349 1350/1350/1350 1351/1351/1351
f 1353/1353/1353 1351/1351/1351 1350/1350/1350
f 1350/1350/1350 1352/1352/1352 1353/1353/1353
f 1352/1352/1352 1350/1350/1350 1354/1354/1354
f 1354/1354/1354 1355/1355/1355 1352/1352/1352
f 1350/1350/1350 1349/1349/1349 1356/1356/1356
f 1356/1356/1356 1354/1354/1354 1350/1350/1350
f 1360/1360/1360 1357/1357/1357 1358/1358/1358
f 1358/1358/1358 1359/1359/1359 1360/1360/1360
f 1362/1362/1362 1360/1360/1360 1359/1359/1359
f 1359/1359/1359 1361/1361/1361 1362/1362/1362
f 1361/1361/1361 1359/1359/1359 1363/1363/1363
f 1363/1363/1363 1364/1364/1364 1361/1361/1361
f 1359/1359/1359 1358/1358/1358 1365/1365/1365
f 1365/1365/1365 1363/1363/1363 1359/1359/1359
f 1363/1363/1363 1365/1365/1365 1366/1366/1366
f 1366/1366/1366 1367/1367/1367 1363/1363/1363
f 1364/1364/1364 1363/1363/1363 1367/1367/1367
f 1367/1367/1367 1368/1368/1368 1364/1364/1364
f 1368/1368/1368 1367/1367/1367 1369/1369/1369
f 1369/1369/1369 1370/1370/1370 1368/1368/1368
f 1367/1367/1367 1366/1366/1366 1371/1371/1371
f 1371/1371/1371 1369/1369/1369 1367/1367/1367
f 1373/1373/1373 1353/1353/1353 1352/1352/1352
f 1352/1352/1352 1372/1372/1372 1373/1373/1373
f 1375/1375/1375 1373/1373/1373 1372/1372/1372
f 1372/1372/1372 1374/1374/1374 1375/1375/1375
f 1374/1374/1374 1372/1372/1372 1376/1376/1376
f 1376/1376/1376 1377/1377/1377 1374/1374/1374
f 1372/1372/1372 1352/1352/1352 1355/1355/1355
f 1355/1355/1355 1376/1376/1376 1372/1372/1372
f 1379/1379/1379 1362/1362/1362 1361/1361/1361
f 1361/1361/1361 1378/1378/1378 1379/1379/1379
f 1381/1381/1381 1379/1379/1379 1378/1378/1378
f 1378/1378/1378 1380/1380/1380 1381/1381/1381
f 1380/1380/1380 1378/1378/1378 1382/1382/1382
f 1382/1382/1382 1383/1383/1383 1380/1380/1380
f 1378/1378/1378 1361/1361/1361 1364/1364/1364
f 1364/1364/1364 1382/1382/1382 1378/1378/1378
f 1382/1382/1382 1364/1364/1364 1368/1368/1368
f 1368/1368/1368 1384/1384/1384 1382/1382/1382
f 1383/1383/1383 1382/1382/1382 1384/1384/1384
f 1384/1384/1384 1385/1385/1385 1383/1383/1383
f 1385/1385/1385 1384/1384/1384 1386/1386/1386
f 1386/1386/1386 1387/1387/1387 1385/1385/1385
f 1384/1384/1384 1368/1368/1368 1370/1370/1370
f 1370/1370/1370 1386/1386/1386 1384/1384/1384
f 1389/1389/1389 1375/1375/1375 1374/1374/1374
f 1374/1374/1374 1388/1388/1388 1389/1389/1389
f 1391/1391/1391 1389/1389/1389 1388/1388/1388
f 1388/1388/1388 1390/1390/1390 1391/1391/1391
f 1390/1390/1390 1388/1388/1388 1392/1392/1392
f 1392/1392/1392 1393/1393/1393 1390/1390/1390
f 1388/1388/1388 1374/1374/1374 1377/1377/1377
f 1377/1377/1377 1392/1392/1392 1388/1388/1388
f 1395/1395/1395 1381/1381/1381 1380/1380/1380
f 1380/1380/1380 1394/1394/1394 1395/1395/1395
f 1397/1397/1397 1395/1395/1395 1394/1394/1394
f 1394/1394/1394 1396/1396/1396 1397/1397/1397
f 1396/1396/1396 1394/1394/1394 1398/1398/1398
f 1398/1398/1398 1399/1399/1399 1396/1396/1396
f 1394/1394/1394 1380/1380/1380 1383/1383/1383
f 1383/1383/1383 1398/1398/1398 1394/1394/1394
f 1398/1398/1398 1383/1383/1383 1385/1385/1385
f 1385/1385/1385 1400/1400/1400 1398/1398/1398
f 1399/1399/1399 1398/1398/1398 1400/1400/1400
f 1400/1400/1400 1401/1401/1401 1399/1399/1399
f 1401/1401/1401 1400/1400/1400 1402/1402/1402
f 1402/1402/1402 1403/1403/1403 1401/1401/1401
f 1400/1400/1400 1385/1385/1385 1387/1387/1387
f 1387/1387/1387 1402/1402/1402 1400/1400/1400
f 1405/1405/1405 1391/1391/1391 1390/1390/1390
f 1390/1390/1390 1404/1404/1404 1405/1405/1405
f 1407/1407/1407 1405/1405/1405 1404/1404/1404
f 1404/1404/1404 1406/1406/1406 1407/1407/1407
f 1406/1406/1406 1404/1404/1404 1408/1408/1408
f 1408/1408/1408 1409/1409/1409 1406/1406/1406
f 1404/1404/1404 1390/1390/1390 1393/1393/1393
f 1393/1393/1393 1408/1408/1408 1404/1404/1404
f 1411/1411/1411 1397/1397/1397 1396/1396/1396
f 1396/1396/1396 1410/1410/1410 1411/1411/1411
f 1413/1413/1413 1411/1411/1411 1410/1410/1410
f 1410/1410/1410 1412/1412/1412 1413/1413/1413
f 1412/1412/1412 1410/1410/1410 1414/1414/1414
f 1414/1414/1414 1415/1415/1415 1412/1412/1412
f 1410/1410/1410 1396/1396/1396 1399/1399/1399
f 1399/1399/1399 1414/1414/1414 1410/1410/1410
f 1414/1414/1414 1399/1399/1399 1401/1401/1401
f 1401/1401/1401 1416/1416/1416 1414/1414/1414
f 1415/1415/1415 1414/1414/1414 1416/1416/1416
f 1416/1416/1416 1417/1417/1417 1415/1415/1415
f 1417/1417/1417 1416/1416/1416 1418/1418/1418
f 1418/1418/1418 1419/1419/1419 1417/1417/1417
f 1416/1416/1416 1401/1401/1401 1403/1403/1403
f 1403/1403/1403 1418/1418/1418 1416/1416/1416
f 1421/1421/1421 1407/1407/1407 1406/1406/1406
f 1406/1406/1406 1420/1420/1420 1421/1421/1421
f 1423/1423/1423 1421/1421/1421 1420/1420/1420
f 1420/1420/1420 1422/1422/1422 1423/1423/1423
f 1422/1422/1422 1420/1420/1420 1424/1424/1424
f 1424/1424/1424 1425/1425/1425 1422/1422/1422
f 1420/1420/1420 1406/1406/1406 1409/1409/1409
f 1409/1409/1409 1424/1424/1424 1420/1420/1420
f 1427/1427/1427 1413/1413/1413 1412/1412/1412
f 1412/1412/1412 1426/1426/1426 1427/1427/1427
f 1429/1429/1429 1427/1427/1427 1426/1426/1426
f 1426/1426/1426 1428/1428/1428 1429/1429/1429
f 1428/1428/1428 1426/1426/1426 1430/1430/1430
f 1430/1430/1430 1431/1431/1431 1428/1428/1428
f 1426/1426/1426 1412/1412/1412 1415/1415/1415
f 1415/1415/1415 1430/1430/1430 1426/1426/1426
f 1430/1430/1430 1415/1415/1415 1417/1417/1417
f 1417/1417/1417 1432/1432/1432 1430/1430/1430
f 1431/1431/1431 1430/1430/1430 1432/1432/1432
f 1432/1432/1432 1433/1433/1433 1431/1431/1431
f 1433/1433/1433 1432/1432/1432 1434/1434/1434
f 1434/1434/1434 1435/1435/1435 1433/1433/1433
f 1432/1432/1432 1417/1417/1417 1419/1419/1419
f 1419/1419/1419 1434/1434/1434 1432/1432/1432
f 1437/1437/1437 1423/1423/1423 1422/1422/1422
f 1422/1422/1422 1436/1436/1436 1437/1437/1437
f 1439/1439/1439 1437/1437/1437 1436/1436/1436
f 1436/1436/1436 1438/1438/1438 1439/1439/1439
f 1438/1438/1438 1436/1436/1436 1440/1440/1440
f 1440/1440/1440 1441/1441/1441 1438/1438/1438
f 1436/1436/1436 1422/1422/1422 1425/1425/1425
f 1425/1425/1425 1440/1440/1440 1436/1436/1436
f 1443/1443/1443 1429/1429/1429 1428/1428/1428
f 1428/1428/1428 1442/1442/1442 1443/1443/1443
f 1445/1445/1445 1443/1443/1443 1442/1442/1442
f 1442/1442/1442 1444/1444/1444 1445/1445/1445
f 1444/1444/1444 1442/1442/1442 1446/1446/1446
f 1446/1446/1446 1447/1447/1447 1444/1444/1444
f 1442/1442/1442 1428/1428/1428 1431/1431/1431
f 1431/1431/1431 1446/1446/1446 1442/1442/1442
f 1446/1446/1446 1431/1431/1431 1433/1433/1433
f 1433/1433/1433 1448/1448/1448 1446/1446/1446
f 1447/1447/1447 1446/1446/1446 1448/1448/1448
f 1448/1448/1448 1449/1449/1449 1447/1447/1447
f 1449/1449/1449 1448/1448/1448 1450/1450/1450
f 1450/1450/1450 1451/1451/1451 1449/1449/1449
f 1448/1448/1448 1433/1433/1433 1435/1435/1435
f 1435/1435/1435 1450/1450/1450 1448/1448/1448
f 1455/1455/1455 1452/1452/1452 1453/1453/1453
f 1453/1453/1453 1454/1454/1454 1455/1455/1455
f 1457/1457/1457 1455/1455/1455 1454/1454/1454
f 1454/1454/1454 1456/1456/1456 1457/1457/1457
f 1456/1456/1456 1454/1454/1454 1458/1458/1458
f 1458/1458/1458 1459/1459/1459 1456/1456/1456
f 1454/1454/1454 1453/1453/1453 1460/1460/1460
f 1460/1460/1460 1458/1458/1458 1454/1454/1454
f 1464/1464/1464 1461/1461/1461 1462/1462/1462
f 1462/1462/1462 1463/1463/1463 1464/1464/1464
f 1466/1466/1466 1464/1464/1464 1463/1463/1463
f 1463/1463/1463 1465/1465/1465 1466/1466/1466
f 1465/1465/1465 1463/1463/1463 1467/1467/1467
f 1467/1467/1467 1468/1468/1468 1465/1465/1465
f 1463/1463/1463 1462/1462/1462 1469/1469/1469
f 1469/1469/1469 1467/1467/1467 1463/1463/1463
f 1467/1467/1467 1469/1469/1469 1470/1470/1470
f 1470/1470/1470 1471/1471/1471 1467/1467/1467
f 1468/1468/1468 1467/1467/1467 1471/1471/1471
f 1471/1471/1471 1472/1472/1472 1468/1468/1468
f 1472/1472/1472 1471/1471/1471 1473/1473/1473
f 1473/1473/1473 1474/1474/1474 1472/1472/1472
f 1471/1471/1471 1470/1470/1470 1475/1475/1475
f 1475/1475/1475 1473/1473/1473 1471/1471/1471
f 1479/1479/1479 1476/1476/1476 1477/1477/1477
f 1477/1477/1477 1478/1478/1478 1479/1479/1479
f 1481/1481/1481 1479/1479/1479 1478/1478/1478
f 1478/1478/1478 1480/1480/1480 1481/1481/1481
f 1480/1480/1480 1478/1478/1478 1482/1482/1482
f 1482/1482/1482 1483/1483/1483 1480/1480/1480
f 1478/1478/1478 1477/1477/1477 1484/1484/1484
f 1484/1484/1484 1482/1482/1482 1478/1478/1478
f 1488/1488/1488 1485/1485/1485 1486/1486/1486
f 1486/1486/1486 1487/1487/1487 1488/1488/1488
f 1490/1490/1490 1488/1488/1488 1487/1487/1487
f 1487/1487/1487 1489/1489/1489 1490/1490/1490
f 1489/1489/1489 1487/1487/1487 1491/1491/1491
f 1491/1491/1491 1492/1492/1492 1489/1489/1489
f 1487/1487/1487 1486/1486/1486 1493/1493/1493
f 1493/1493/1493 1491/1491/1491 1487/1487/1487
f 1491/1491/1491 1493/1493/1493 1494/1494/1494
f 1494/1494/1494 1495/1495/1495 1491/1491/1491
f 1492/1492/1492 1491/1491/1491 1495/1495/1495
f 1495/1495/1495 1496/1496/1496 1492/1492/1492
f 1496/1496/1496 1495/1495/1495 1497/1497/1497
f 1497/1497/1497 1498/1498/1498 1496/1496/1496
f 1495/1495/1495 1494/1494/1494 1499/1499/1499
f 1499/1499/1499 1497/1497/1497 1495/1495/1495
f 1503/1503/1503 1500/1500/1500 1501/1501/1501
f 1501/1501/1501 1502/1502/1502 1503/1503/1503
f 1505/1505/1505 1503/1503/1503 1502/1502/1502
f 1502/1502/1502 1504/1504/1504 1505/1505/1505
f 1504/1504/1504 1502/1502/1502 1506/1506/1506
f 1506/1506/1506 1507/1507/1507 1504/1504/1504
f 1502/1502/1502 1501/1501/1501 1508/1508/1508
f 1508/1508/1508 1506/1506/1506 1502/1502/1502
f 1512/1512/1512 1509/1509/1509 1510/1510/1510
f 1510/1510/1510 1511/1511/1511 1512/1512/1512
f 1514/1514/1514 1512/1512/1512 1511/1511/1511
f 1511/1511/1511 1513/1513/1513 1514/1514/1514
f 1513/1513/1513 1511/1511/1511 1515/1515/1515
f 1515/1515/1515 1516/1516/1516 1513/1513/1513
f 1511/1511/1511 1510/1510/1510 1517/1517/1517
f 1517/1517/1517 1515/1515/1515 1511/1511/1511
f 1515/1515/1515 1517/1517/1517 1518/1518/1518
f 1518/1518/1518 1519/1519/1519 1515/1515/1515
f 1516/1516/1516 1515/1515/1515 1519/1519/1519
f 1519/1519/1519 1520/1520/1520 1516/1516/1516
f 1520/1520/1520 1519/1519/1519 1521/1521/1521
f 1521/1521/1521 1522/1522/1522 1520/1520/1520
f 1519/1519/1519 1518/1518/1518 1523/1523/1523
f 1523/1523/1523 1521/1521/1521 1519/1519/1519
f 1527/1527/1527 1524/1524/1524 1525/1525/1525
f 1525/1525/1525 1526/1526/1526 1527/1527/1527
f 1529/1529/1529 1527/1527/1527 1526/1526/1526
f 1526/1526/1526 1528/1528/1528 1529/1529/1529
f 1528/1528/1528 1526/1526/1526 1530/1530/1530
f 1530/1530/1530 1531/1531/1531 1528/1528/1528
f 1526/1526/1526 1525/1525/1525 1532/1532/1532
f 1532/1532/1532 1530/1530/1530 1526/1526/1526
f 1536/1536/1536 1533/1533/1533 1534/1534/1534
f 1534/1534/1534 1535/1535/1535 1536/1536/1536
f 1538/1538/1538 1536/1536/1536 1535/1535/1535
f 1535/1535/1535 1537/1537/1537 1538/1538/1538
f 1537/1537/1537 1535/1535/1535 1539/1539/1539
f 1539/1539/1539 1540/1540/1540 1537/1537/1537
f 1535/1535/1535 1534/1534/1534 1541/1541/1541
f 1541/1541/1541 1539/1539/1539 1535/1535/1535
f 1539/1539/1539 1541/1541/1541 1542/1542/1542
f 1542/1542/1542 1543/1543/1543 1539/1539/1539
f 1540/1540/1540 1539/1539/1539 1543/1543/1543
f 1543/1543/1543 1544/1544/1544 1540/1540/1540
f 1544/1544/1544 1543/1543/1543 1545/1545/1545
f 1545/1545/1545 1546/1546/1546 1544/1544/1544
f 1543/1543/1543 1542/1542/1542 1547/1547/1547
f 1547/1547/1547 1545/1545/1545 1543/1543/1543
f 1551/1551/1551 1548/1548/1548 1549/1549/1549
f 1549/1549/1549 1550/1550/1550 1551/1551/1551
f 1553/1553/1553 1551/1551/1551 1550/1550/1550
f 1550/1550/1550 1552/1552/1552 1553/1553/1553
f 1552/1552/1552 1550/1550/1550 1554/1554/1554
f 1554/1554/1554 1555/1555/1555 1552/1552/1552
f 1550/1550/1550 1549/1549/1549 1556/1556/1556
f 1556/1556/1556 1554/1554/1554 1550/1550/1550
f 1560/1560/1560 1557/1557/1557 1558/1558/1558
f 1558/1558/1558 1559/1559/1559 1560/1560/1560
f 1562/1562/1562 1560/1560/1560 1559/1559/1559
f 1559/1559/1559 1561/1561/1561 1562/1562/1562
f 1561/1561/1561 1559/1559/1559 1563/1563/1563
f 1563/1563/1563 1564/1564/1564 1561/1561/1561
f 1559/1559/1559 1558/1558/1558 1565/1565/1565
f 1565/1565/1565 1563/1563/1563 1559/1559/1559
f 1563/1563/1563 1565/1565/1565 1566/1566/1566
f 1566/1566/1566 1567/1567/1567 1563/1563/1563
f 1564/1564/1564 1563/1563/1563 1567/1567/1567
f 1567/1567/1567 1568/1568/1568 1564/1564/1564
f 1568/1568/1568 1567/1567/1567 1569/1569/1569
f 1569/1569/1569 1570/1570/1570 1568/1568/1568
f 1567/1567/1567 1566/1566/1566 1571/1571/1571
f 1571/1571/1571 1569/1569/1569 1567/1567/1567
f 1573/1573/1573 1553/1553/1553 1552/1552/1552
f 1552/1552/1552 1572/1572/1572 1573/1573/1573
f 1575/1575/1575 1573/1573/1573 1572/1572/1572
f 1572/1572/1572 1574/1574/1574 1575/1575/1575
f 1574/1574/1574 1572/1572/1572 1576/1576/1576
f 1576/1576/1576 1577/1577/1577 1574/1574/1574
f 1572/1572/1572 1552/1552/1552 1555/1555/1555
f 1555/1555/1555 1576/1576/1576 1572/1572/1572
f 1579/1579/1579 1562/1562/1562 1561/1561/1561
f 1561/1561/1561 1578/1578/1578 1579/1579/1579
f 1581/1581/1581 1579/1579/1579 1578/1578/1578
f 1578/1578/1578 1580/1580/1580 1581/1581/1581
f 1580/1580/1580 1578/1578/1578 1582/1582/1582
f 1582/1582/1582 1583/1583/1583 1580/1580/1580
f 1578/1578/1578 1561/1561/1561 1564/1564/1564
f 1564/1564/1564 1582/1582/1582 1578/1578/1578
f 1582/1582/1582 1564/1564/1564 1568/1568/1568
f 1568/1568/1568 1584/1584/1584 1582/1582/1582
f 1583/1583/1583 1582/1582/1582 1584/1584/1584
f 1584/1584/1584 1585/1585/1585 1583/1583/1583
f 1585/1585/1585 1584/1584/1584 1586/1586/1586
f 1586/1586/1586 1587/1587/1587 1585/1585/1585
f 1584/1584/1584 1568/1568/1568 1570/1570/1570
f 1570/1570/1570 1586/1586/1586 1584/1584/1584
f 1591/1591/1591 1588/1588/1588 1589/1589/1589
f 1589/1589/1589 1590/1590/1590 1591/1591/1591
f 1593/1593/1593 1591/1591/1591 1590/1590/1590
f 1590/1590/1590 1592/1592/1592 1593/1593/1593
f 1592/1592/1592 1590/1590/1590 1594/1594/1594
f 1594/1594/1594 1595/1595/1595 1592/1592/1592
f 1590/1590/1590 1589/1589/1589 1596/1596/1596
f 1596/1596/1596 1594/1594/1594 1590/1590/1590
f 1600/1600/1600 1597/1597/1597 1598/1598/1598
f 1598/1598/1598 1599/1599/1599 1600/1600/1600
f 1602/1602/1602 1600/1600/1600 1599/1599/1599
f 1599/1599/1599 1601/1601/1601 1602/1602/1602
f 1601/1601/1601 1599/1599/1599 1603/1603/1603
f 1603/1603/1603 1604/1604/1604 1601/1601/1601
f 1599/1599/1599 1598/1598/1598 1605/1605/1605
f 1605/1605/1605 1603/1603/1603 1599/1599/1599
f 1603/1603/1603 1605/1605/1605 1606/1606/1606
f 1606/1606/1606 1607/1607/1607 1603/1603/1603
f 1604/1604/1604 1603/1603/1603 1607/1607/1607
f 1607/1607/1607 1608/1608/1608 1604/1604/1604
f 1608/1608/1608 1607/1607/1607 1609/1609/1609
f 1609/1609/1609 1610/1610/1610 1608/1608/1608
f 1607/1607/1607 1606/1606/1606 1611/1611/1611
f 1611/1611/1611 1609/1609/1609 1607/1607/1607
f 1615/1615/1615 1612/1612/1612 1613/1613/1613
f 1613/1613/1613 1614/1614/1614 1615/1615/1615
f 1617/1617/1617 1615/1615/1615 1614/1614/1614
f 1614/1614/1614 1616/1616/1616 1617/1617/1617
f 1616/1616/1616 1614/1614/1614 1618/1618/1618
f 1618/1618/1618 1619/1619/1619 1616/1616/1616
f 1614/1614/1614 1613/1613/1613 1620/1620/1620
f 1620/1620/1620 1618/1618/1618 1614/1614/1614
f 1624/1624/1624 1621/1621/1621 1622/1622/1622
f 1622/1622/1622 1623/1623/1623 1624/1624/1624
f 1626/1626/1626 1624/1624/1624 1623/1623/1623
f 1623/1623/1623 1625/1625/1625 1626/1626/1626
f 1625/1625/1625 1623/1623/1623 1627/1627/1627
f 1627/1627/1627 1628/1628/1628 1625/1625/1625
f 1623/1623/1623 1622/1622/1622 1629/1629/1629
f 1629/1629/1629 1627/1627/1627 1623/1623/1623
f 1627/1627/1627 1629/1629/1629 1630/1630/1630
f 1630/1630/1630 1631/1631/1631 1627/1627/1627
f 1628/1628/1628 1627/1627/1627 1631/1631/1631
f 1631/1631/1631 1632/1632/1632 1628/1628/1628
f 1632/1632/1632 1631/1631/1631 1633/1633/1633
f 1633/1633/1633 1634/1634/1634 1632/1632/1632
f 1631/1631/1631 1630/1630/1630 1635/1635/1635
f 1635/1635/1635 1633/1633/1633 1631/1631/1631
f 1637/1637/1637 1617/1617/1617 1616/1616/1616
f 1616/1616/1616 1636/1636/1636 1637/1637/1637
f 1639/1639/1639 1637/1637/1637 1636/1636/1636
f 1636/1636/1636 1638/1638/1638 1639/1639/1639
f 1638/1638/1638 1636/1636/1636 1640/1640/1640
f 1640/1640/1640 1641/1641/1641 1638/1638/1638
f 1636/1636/1636 1616/1616/1616 1619/1619/1619
f 1619/1619/1619 1640/1640/1640 1636/1636/1636
f 1643/1643/1643 1626/1626/1626 1625/1625/1625
f 1625/1625/1625 1642/1642/1642 1643/1643/1643
f 1645/1645/1645 1643/1643/1643 1642/1642/1642
f 1642/1642/1642 1644/1644/1644 1645/1645/1645
f 1644/1644/1644 1642/1642/1642 1646/1646/1646
f 1646/1646/1646 1647/1647/1647 1644/1644/1644
f 1642/1642/1642 1625/1625/1625 1628/1628/1628
f 1628/1628/1628 1646/1646/1646 1642/1642/1642
f 1646/1646/1646 1628/1628/1628 1632/1632/1632
f 1632/1632/1632 1648/1648/1648 1646/1646/1646
f 1647/1647/1647 1646/1646/1646 1648/1648/1648
f 1648/1648/1648 1649/1649/1649 1647/1647/1647
f 1649/1649/1649 1648/1648/1648 1650/1650/1650
f 1650/1650/1650 1651/1651/1651 1649/1649/1649
f 1648/1648/1648 1632/1632/1632 1634/1634/1634
f 1634/1634/1634 1650/1650/1650 1648/1648/1648
f 1653/1653/1653 1639/1639/1639 1638/1638/1638
f 1638/1638/1638 1652/1652/1652 1653/1653/1653
f 1655/1655/1655 1653/1653/1653 1652/1652/1652
f 1652/1652/1652 1654/1654/1654 1655/1655/1655
f 1654/1654/1654 1652/1652/1652 1656/1656/1656
f 1656/1656/1656 1657/1657/1657 1654/1654/1654
f 1652/1652/1652 1638/1638/1638 1641/1641/1641
f 1641/1641/1641 1656/1656/1656 1652/1652/1652
f 1659/1659/1659 1645/1645/1645 1644/1644/1644
f 1644/1644/1644 1658/1658/1658 1659/1659/1659
f 1661/1661/1661 1659/1659/1659 1658/1658/1658
f 1658/1658/1658 1660/1660/1660 1661/1661/1661
f 1660/1660/1660 1658/1658/1658 1662/1662/1662
f 1662/1662/1662 1663/1663/1663 1660/1660/1660
f 1658/1658/1658 1644/1644/1644 1647/1647/1647
f 1647/1647/1647 1662/1662/1662 1658/1658/1658
f 1662/1662/1662 1647/1647/1647 1649/1649/1649
f 1649/1649/1649 1664/1664/1664 1662/1662/1662
f 1663/1663/1663 1662/1662/1662 1664/1664/1664
f 1664/1664/1664 1665/1665/1665 1663/1663/1663
f 1665/1665/1665 1664/1664/1664 1666/1666/1666
f 1666/1666/1666 1667/1667/1667 1665/1665/1665
f 1664/1664/1664 1649/1649/1649 1651/1651/1651
f 1651/1651/1651 1666/1666/1666 1664/1664/1664
f 1669/1669/1669 1655/1655/1655 1654/1654/1654
f 1654/1654/1654 1668/1668/1668 1669/1669/1669
f 1671/1671/1671 1669/1669/1669 1668/1668/1668
f 1668/1668/1668 1670/1670/1670 1671/1671/1671
f 1670/1670/1670 1668/1668/1668 1672/1672/1672
f 1672/1672/1672 1673/1673/1673 1670/1670/1670
f 1668/1668/1668 1654/1654/1654 1657/1657/1657
f 1657/1657/1657 1672/1672/1672 1668/1668/1668
f 1675/1675/1675 1661/1661/1661 1660/1660/1660
f 1660/1660/1660 1674/1674/1674 1675/1675/1675
f 1677/1677/1677 1675/1675/1675 1674/1674/1674
f 1674/1674/1674 1676/1676/1676 1677/1677/1677
f 1676/1676/1676 1674/1674/1674 1678/1678/1678
f 1678/1678/1678 1679/1679/1679 1676/1676/1676
f 1674/1674/1674 1660/1660/1660 1663/1663/1663
f 1663/1663/1663 1678/1678/1678 1674/1674/1674
f 1678/1678/1678 1663/1663/1663 1665/1665/1665
f 1665/1665/1665 1680/1680/1680 1678/1678/1678
f 1679/1679/1679 1678/1678/1678 1680/1680/1680
f 1680/1680/1680 1681/1681/1681 1679/1679/1679
f 1681/1681/1681 1680/1680/1680 1682/1682/1682
f 1682/1682/1682 1683/1683/1683 1681/1681/1681
f 1680/1680/1680 1665/1665/1665 1667/1667/1667
f 1667/1667/1667 1682/1682/1682 1680/1680/1680
f 1685/1685/1685 1671/1671/1671 1670/1670/1670
f 1670/1670/1670 1684/1684/1684 1685/1685/1685
f 1687/1687/1687 1685/1685/1685 1684/1684/1684
f 1684/1684/1684 1686/1686/1686 1687/1687/1687
f 1686/1686/1686 1684/1684/1684 1688/1688/1688
f 1688/1688/1688 1689/1689/1689 1686/1686/1686
f 1684/1684/1684 1670/1670/1670 1673/1673/1673
f 1673/1673/1673 1688/1688/1688 1684/1684/1684
f 1691/1691/1691 1677/1677/1677 1676/1676/1676
f 1676/1676/1676 1690/1690/1690 1691/1691/1691
f 1693/1693/1693 1691/1691/1691 1690/1690/1690
f 1690/1690/1690 1692/1692/1692 1693/1693/1693
f 1692/1692/1692 1690/1690/1690 1694/1694/1694
f 1694/1694/1694 1695/1695/1695 1692/1692/1692
f 1690/1690/1690 1676/1676/1676 1679/1679/1679
f 1679/1679/1679 1694/1694/1694 1690/1690/1690
f 1694/1694/1694 1679/1679/1679 1681/1681/1681
f 1681/1681/1681 1696/1696/1696 1694/1694/1694
f 1695/1695/1695 1694/1694/1694 1696/1696/1696
f 1696/1696/1696 1697/1697/1697 1695/1695/1695
f 1697/1697/1697 1696/1696/1696 1698/1698/1698
f 1698/1698/1698 1699/1699/1699 1697/1697/1697
f 1696/1696/1696 1681/1681/1681 1683/1683/1683
f 1683/1683/1683 1698/1698/1698 1696/1696/1696
f 1701/1701/1701 1687/1687/1687 1686/1686/1686
f 1686/1686/1686 1700/1700/1700 1701/1701/1701
f 1703/1703/1703 1701/1701/1701 1700/1700/1700
f 1700/1700/1700 1702/1702/1702 1703/1703/1703
f 1702/1702/1702 1700/1700/1700 1704/1704/1704
f 1704/1704/1704 1705/1705/1705 1702/1702/1702
f 1700/1700/1700 1686/1686/1686 1689/1689/1689
f 1689/1689/1689 1704/1704/1704 1700/1700/1700
f 1707/1707/1707 1693/1693/1693 1692/1692/1692
f 1692/1692/1692 1706/1706/1706 1707/1707/1707
f 1709/1709/1709 1707/1707/1707 1706/1706/1706
f 1706/1706/1706 1708/1708/1708 1709/1709/1709
f 1708/1708/1708 1706/1706/1706 1710/1710/1710
f 1710/1710/1710 1711/1711/1711 1708/1708/1708
f 1706/1706/1706 1692/1692/1692 1695/1695/1695
f 1695/1695/1695 1710/1710/1710 1706/1706/1706
f 1710/1710/1710 1695/1695/1695 1697/1697/1697
f 1697/1697/1697 1712/1712/1712 1710/1710/1710
f 1711/1711/1711 1710/1710/1710 1712/1712/1712
f 1712/1712/1712 1713/1713/1713 1711/1711/1711
f 1713/1713/1713 1712/1712/1712 1714/1714/1714
f 1714/1714/1714 1715/1715/1715 1713/1713/1713
f 1712/1712/1712 1697/1697/1697 1699/1699/1699
f 1699/1699/1699 1714/1714/1714 1712/1712/1712
f 1719/1719/1719 1716/1716/1716 1717/1717/1717
f 1717/1717/1717 1718/1718/1718 1719/1719/1719
f 1721/1721/1721 1719/1719/1719 1718/1718/1718
f 1718/1718/1718 1720/1720/1720 1721/1721/1721
f 1720/1720/1720 1718/1718/1718 1722/1722/1722
f 1722/1722/1722 1723/1723/1723 1720/1720/1720
f 1718/1718/1718 1717/1717/1717 1724/1724/1724
f 1724/1724/1724 1722/1722/1722 1718/1718/1718
f 1728/1728/1728 1725/1725/1725 1726/1726/1726
f 1726/1726/1726 1727/1727/1727 1728/1728/1728
f 1730/1730/1730 1728/1728/1728 1727/1727/1727
f 1727/1727/1727 1729/1729/1729 1730/1730/1730
f 1729/1729/1729 1727/1727/1727 1731/1731/1731
f 1731/1731/1731 1732/1732/1732 1729/1729/1729
f 1727/1727/1727 1726/1726/1726 1733/1733/1733
f 1733/1733/1733 1731/1731/1731 1727/1727/1727
f 1731/1731/1731 1733/1733/1733 1734/1734/1734
f 1734/1734/1734 1735/1735/1735 1731/1731/1731
f 1732/1732/1732 1731/1731/1731 1735/1735/1735
f 1735/1735/1735 1736/1736/1736 1732/1732/1732
f 1736/1736/1736 1735/1735/1735 1737/1737/1737
f 1737/1737/1737 1738/1738/1738 1736/1736/1736
f 1735/1735/1735 1734/1734/1734 1739/1739/1739
f 1739/1739/1739 1737/1737/1737 1735/1735/1735
f 1741/1741/1741 1721/1721/1721 1720/1720/1720
f 1720/1720/1720 1740/1740/1740 1741/1741/1741
f 1743/1743/1743 1741/1741/1741 1740/1740/1740
f 1740/1740/1740 1742/1742/1742 1743/1743/1743
f 1742/1742/1742 1740/1740/1740 1744/1744/1744
f 1744/1744/1744 1745/1745/1745 1742/1742/1742
f 1740/1740/1740 1720/1720/1720 1723/1723/1723
f 1723/1723/1723 1744/1744/1744 1740/1740/1740
f 1747/1747/1747 1730/1730/1730 1729/1729/1729
f 1729/1729/1729 1746/1746/1746 1747/1747/1747
f 1749/1749/1749 1747/1747/1747 1746/1746/1746
f 1746/1746/1746 1748/1748/1748 1749/1749/1749
f 1748/1748/1748 1746/1746/1746 1750/1750/1750
f 1750/1750/1750 1751/1751/1751 1748/1748/1748
f 1746/1746/1746 1729/1729/1729 1732/1732/1732
f 1732/1732/1732 1750/1750/1750 1746/1746/1746
f 1750/1750/1750 1732/1732/1732 1736/1736/1736
f 1736/1736/1736 1752/1752/1752 1750/1750/1750
f 1751/1751/1751 1750/1750/1750 1752/1752/1752
f 1752/1752/1752 1753/1753/1753 1751/1751/1751
f 1753/1753/1753 1752/1752/1752 1754/1754/1754
f 1754/1754/1754 1755/1755/1755 1753/1753/1753
f 1752/1752/1752 1736/1736/1736 1738/1738/1738
f 1738/1738/1738 1754/1754/1754 1752/1752/1752
f 1757/1757/1757 1743/1743/1743 1742/1742/1742
f 1742/1742/1742 1756/1756/1756 1757/1757/1757
f 1759/1759/1759 1757/1757/1757 1756/1756/1756
f 1756/1756/1756 1758/1758/1758 1759/1759/1759
f 1758/1758/1758 1756/1756/1756 1760/1760/1760
f 1760/1760/1760 1761/1761/1761 1758/1758/1758
f 1756/1756/1756 1742/1742/1742 1745/1745/1745
f 1745/1745/1745 1760/1760/1760 1756/1756/1756
f 1763/1763/1763 1749/1749/1749 1748/1748/1748
f 1748/1748/1748 1762/1762/1762 1763/1763/1763
f 1765/1765/1765 1763/1763/1763 1762/1762/1762
f 1762/1762/1762 1764/1764/1764 1765/1765/1765
f 1764/1764/1764 1762/1762/1762 1766/1766/1766
f 1766/1766/1766 1767/1767/1767 1764/1764/1764
f 1762/1762/1762 1748/1748/1748 1751/1751/1751
f 1751/1751/1751 1766/1766/1766 1762/1762/1762
f 1766/1766/1766 1751/1751/1751 1753/1753/1753
f 1753/1753/1753 1768/1768/1768 1766/1766/1766
f 1767/1767/1767 1766/1766/1766 1768/1768/1768
f 1768/1768/1768 1769/1769/1769 1767/1767/1767
f 1769/1769/1769 1768/1768/1768 1770/1770/1770
f 1770/1770/1770 1771/1771/1771 1769/1769/1769
f 1768/1768/1768 1753/1753/1753 1755/1755/1755
f 1755/1755/1755 1770/1770/1770 1768/1768/1768
f 1773/1773/1773 1759/1759/1759 1758/1758/1758
f 1758/1758/1758 1772/1772/1772 1773/1773/1773
f 1775/1775/1775 1773/1773/1773 1772/1772/1772
f 1772/1772/1772 1774/1774/1774 1775/1775/1775
f 1774/1774/1774 1772/1772/1772 1776/1776/1776
f 1776/1776/1776 1777/1777/1777 1774/1774/1774
f 1772/1772/1772 1758/1758/1758 1761/1761/1761
f 1761/1761/1761 1776/1776/1776 1772/1772/1772
f 1779/1779/1779 1765/1765/1765 1764/1764/1764
f 1764/1764/1764 1778/1778/1778 1779/1779/1779
f 1781/1781/1781 1779/1779/1779 1778/1778/1778
f 1778/1778/1778 1780/1780/1780 1781/1781/1781
f 1780/1780/1780 1778/1778/1778 1782/1782/1782
f 1782/1782/1782 1783/1783/1783 1780/1780/1780
f 1778/1778/1778 1764/1764/1764 1767/1767/1767
f 1767/1767/1767 1782/1782/1782 1778/1778/1778
f 1782/1782/1782 1767/1767/1767 1769/1769/1769
f 1769/1769/1769 1784/1784/1784 1782/1782/1782
f 1783/1783/1783 1782/1782/1782 1784/1784/1784
f 1784/1784/1784 1785/1785/1785 1783/1783/1783
f 1785/1785/1785 1784/1784/1784 1786/1786/1786
f 1786/1786/1786 1787/1787/1787 1785/1785/1785
f 1784/1784/1784 1769/1769/1769 1771/1771/1771
f 1771/1771/1771 1786/1786/1786 1784/1784/1784
f 1789/1789/1789 1775/1775/1775 1774/1774/1774
f 1774/1774/1774 1788/1788/1788 1789/1789/1789
f 1791/1791/1791 1789/1789/1789 1788/1788/1788
f 1788/1788/1788 1790/1790/1790 1791/1791/1791
f 1790/1790/1790 1788/1788/1788 1792/1792/1792
f 1792/1792/1792 1793/1793/1793 1790/1790/1790
f 1788/1788/1788 1774/1774/1774 1777/1777/1777
f 1777/1777/1777 1792/1792/1792 1788/1788/1788
f 1795/1795/1795 1781/1781/1781 1780/1780/1780
f 1780/1780/1780 1794/1794/1794 1795/1795/1795
f 1797/1797/1797 1795/1795/1795 1794/1794/1794
f 1794/1794/1794 1796/1796/1796 1797/1797/1797
f 1796/1796/1796 1794/1794/1794 1798/1798/1798
f 1798/1798/1798 1799/1799/1799 1796/1796/1796
f 1794/1794/1794 1780/1780/1780 1783/1783/1783
f 1783/1783/1783 1798/1798/1798 1794/1794/1794
f 1798/1798/1798 1783/1783/1783 1785/1785/1785
f 1785/1785/1785 1800/1800/1800 1798/1798/1798
f 1799/1799/1799 1798/1798/1798 1800/1800/1800
f 1800/1800/1800 1801/1801/1801 1799/1799/1799
f 1801/1801/1801 1800/1800/1800 1802/1802/1802
f 1802/1802/1802 1803/1803/1803 1801/1801/1801
f 1800/1800/1800 1785/1785/1785 1787/1787/1787
f 1787/1787/1787 1802/1802/1802 1800/1800/1800
f 1805/1805/1805 1791/1791/1791 1790/1790/1790
f 1790/1790/1790 1804/1804/1804 1805/1805/1805
f 1807/1807/1807 1805/1805/1805 1804/1804/1804
f 1804/1804/1804 1806/1806/1806 1807/1807/1807
f 1806/1806/1806 1804/1804/1804 1808/1808/1808
f 1808/1808/1808 1809/1809/1809 1806/1806/1806
f 1804/1804/1804 1790/1790/1790 1793/1793/1793
f 1793/1793/1793 1808/1808/1808 1804/1804/1804
f 1811/1811/1811 1797/1797/1797 1796/1796/1796
f 1796/1796/1796 1810/1810/1810 1811/1811/1811
f 1813/1813/1813 1811/1811/1811 1810/1810/1810
f 1810/1810/1810 1812/1812/1812 1813/1813/1813
f 1812/1812/1812 1810/1810/1810 1814/1814/1814
f 1814/1814/1814 1815/1815/1815 1812/1812/1812
f 1810/1810/1810 1796/1796/1796 1799/1799/1799
f 1799/1799/1799 1814/1814/1814 1810/1810/1810
f 1814/1814/1814 1799/1799/1799 1801/1801/1801
f 1801/1801/1801 1816/1816/1816 1814/1814/1814
f 1815/1815/1815 1814/1814/1814 1816/1816/1816
f 1816/1816/1816 1817/1817/1817 1815/1815/1815
f 1817/1817/1817 1816/1816/1816 1818/1818/1818
f 1818/1818/1818 1819/1819/1819 1817/1817/1817
f 1816/1816/1816 1801/1801/1801 1803/1803/1803
f 1803/1803/1803 1818/1818/1818 1816/1816/1816
f 1821/1821/1821 1807/1807/1807 1806/1806/1806
f 1806/1806/1806 1820/1820/1820 1821/1821/1821
f 1823/1823/1823 1821/1821/1821 1820/1820/1820
f 1820/1820/1820 1822/1822/1822 1823/1823/1823
f 1822/1822/1822 1820/1820/1820 1824/1824/1824
f 1824/1824/1824 1825/1825/1825 1822/1822/1822
f 1820/1820/1820 1806/1806/1806 1809/1809/1809
f 1809/1809/1809 1824/1824/1824 1820/1820/1820
f 1827/1827/1827 1813/1813/1813 1812/1812/1812
f 1812/1812/1812 1826/1826/1826 1827/1827/1827
f 1829/1829/1829 1827/1827/1827 1826/1826/1826
f 1826/1826/1826 1828/1828/1828 1829/1829/1829
f 1828/1828/1828 1826/1826/1826 1830/1830/1830
f 1830/1830/1830 1831/1831/1831 1828/1828/1828
f 1826/1826/1826 1812/1812/1812 1815/1815/1815
f 1815/1815/1815 1830/1830/1830 1826/1826/1826
f 1830/1830/1830 1815/1815/1815 1817/1817/1817
f 1817/1817/1817 1832/1832/1832 1830/1830/1830
f 1831/1831/1831 1830/1830/1830 1832/1832/1832
f 1832/1832/1832 1833/1833/1833 1831/1831/1831
f 1833/1833/1833 1832/1832/1832 1834/1834/1834
f 1834/1834/1834 1835/1835/1835 1833/1833/1833
f 1832/1832/1832 1817/1817/1817 1819/1819/1819
f 1819/1819/1819 1834/1834/1834 1832/1832/1832
f 1837/1837/1837 1823/1823/1823 1822/1822/1822
f 1822/1822/1822 1836/1836/1836 1837/1837/1837
f 1839/1839/1839 1837/1837/1837 1836/1836/1836
f 1836/1836/1836 1838/1838/1838 1839/1839/1839
f 1838/1838/1838 1836/1836/1836 1840/1840/1840
f 1840/1840/1840 1841/1841/1841 1838/1838/1838
f 1836/1836/1836 1822/1822/1822 1825/1825/1825
f 1825/1825/1825 1840/1840/1840 1836/1836/1836
f 1843/1843/1843 1829/1829/1829 1828/1828/1828
f 1828/1828/1828 1842/1842/1842 1843/1843/1843
f 1845/1845/1845 1843/1843/1843 1842/1842/1842
f 1842/1842/1842 1844/1844/1844 1845/1845/1845
f 1844/1844/1844 1842/1842/1842 1846/1846/1846
f 1846/1846/1846 1847/1847/1847 1844/1844/1844
f 1842/1842/1842 1828/1828/1828 1831/1831/1831
f 1831/1831/1831 1846/1846/1846 1842/1842/1842
f 1846/1846/1846 1831/1831/1831 1833/1833/1833
f 1833/1833/1833 1848/1848/1848 1846/1846/1846
f 1847/1847/1847 1846/1846/1846 1848/1848/1848
f 1848/1848/1848 1849/1849/1849 1847/1847/1847
f 1849/1849/1849 1848/1848/1848 1850/1850/1850
f 1850/1850/1850 1851/1851/1851 1849/1849/1849
f 1848/1848/1848 1833/1833/1833 1835/1835/1835
f 1835/1835/1835 1850/1850/1850 1848/1848/1848
f 1853/1853/1853 1839/1839/1839 1838/1838/1838
f 1838/1838/1838 1852/1852/1852 1853/1853/1853
f 1855/1855/1855 1853/1853/1853 1852/1852/1852
f 1852/1852/1852 1854/1854/1854 1855/1855/1855
f 1854/1854/1854 1852/1852/1852 1856/1856/1856
f 1856/1856/1856 1857/1857/1857 1854/1854/1854
f 1852/1852/1852 1838/1838/1838 1841/1841/1841
f 1841/1841/1841 1856/1856/1856 1852/1852/1852
f 1859/1859/1859 1845/1845/1845 1844/1844/1844
f 1844/1844/1844 1858/1858/1858 1859/1859/1859
f 1861/1861/1861 1859/1859/1859 1858/1858/1858
f 1858/1858/1858 1860/1860/1860 1861/1861/1861
f 1860/1860/1860 1858/1858/1858 1862/1862/1862
f 1862/1862/1862 1863/1863/1863 1860/1860/1860
f 1858/1858/1858 1844/1844/1844 1847/1847/1847
f 1847/1847/1847 1862/1862/1862 1858/1858/1858
f 1862/1862/1862 1847/1847/1847 1849/1849/1849
f 1849/1849/1849 1864/1864/1864 1862/1862/1862
f 1863/1863/1863 1862/1862/1862 1864/1864/1864
f 1864/1864/1864 1865/1865/1865 1863/1863/1863
f 1865/1865/1865 1864/1864/1864 1866/1866/1866
f 1866/1866/1866 1867/1867/1867 1865/1865/1865
f 1864/1864/1864 1849/1849/1849 1851/1851/1851
f 1851/1851/1851 1866/1866/1866 1864/1864/1864
f 1871/1871/1871 1868/1868/1868 1869/1869/1869
f 1869/1869/1869 1870/1870/1870 1871/1871/1871
f 1873/1873/1873 1871/1871/1871 1870/1870/1870
f 1870/1870/1870 1872/1872/1872 1873/1873/1873
f 1872/1872/1872 1870/1870/1870 1874/1874/1874
f 1874/1874/1874 1875/1875/1875 1872/1872/1872
f 1870/1870/1870 1869/1869/1869 1876/1876/1876
f 1876/1876/1876 1874/1874/1874 1870/1870/1870
f 1880/1880/1880 1877/1877/1877 1878/1878/1878
f 1878/1878/1878 1879/1879/1879 1880/1880/1880
f 1882/1882/1882 1880/1880/1880 1879/1879/1879
f 1879/1879/1879 1881/1881/1881 1882/1882/1882
f 1881/1881/1881 1879/1879/1879 1883/1883/1883
f 1883/1883/1883 1884/1884/1884 1881/1881/1881
f 1879/1879/1879 1878/1878/1878 1885/1885/1885
f 1885/1885/1885 1883/1883/1883 1879/1879/1879
f 1883/1883/1883 1885/1885/1885 1886/1886/1886
f 1886/1886/1886 1887/1887/1887 1883/1883/1883
f 1884/1884/1884 1883/1883/1883 1887/1887/1887
f 1887/1887/1887 1888/1888/1888 1884/1884/1884
f 1888/1888/1888 1887/1887/1887 1889/1889/1889
f 1889/1889/1889 1890/1890/1890 1888/1888/1888
f 1887/1887/1887 1886/1886/1886 1891/1891/1891
f 1891/1891/1891 1889/1889/1889 1887/1887/1887
f 1893/1893/1893 1481/1481/1481 1480/1480/1480
f 1480/1480/1480 1892/1892/1892 1893/1893/1893
f 1500/1500/1500 1893/1893/1893 1892/1892/1892
f 1892/1892/1892 1501/1501/1501 1500/1500/1500
f 1501/1501/1501 1892/1892/1892 1894/1894/1894
f 1894/1894/1894 1508/1508/1508 1501/1501/1501
f 1892/1892/1892 1480/1480/1480 1483/1483/1483
f 1483/1483/1483 1894/1894/1894 1892/1892/1892
f 1489/1489/1489 1492/1492/1492 1895/1895/1895
f 1895/1895/1895 1896/1896/1896 1489/1489/1489
f 1490/1490/1490 1489/1489/1489 1896/1896/1896
f 1896/1896/1896 1897/1897/1897 1490/1490/1490
f 1897/1897/1897 1896/1896/1896 1510/1510/1510
f 1510/1510/1510 1509/1509/1509 1897/1897/1897
f 1896/1896/1896 1895/1895/1895 1517/1517/1517
f 1517/1517/1517 1510/1510/1510 1896/1896/1896
f 1496/1496/1496 1498/1498/1498 1898/1898/1898
f 1898/1898/1898 1899/1899/1899 1496/1496/1496
f 1492/1492/1492 1496/1496/1496 1899/1899/1899
f 1899/1899/1899 1895/1895/1895 1492/1492/1492
f 1895/1895/1895 1899/1899/1899 1518/1518/1518
f 1518/1518/1518 1517/1517/1517 1895/1895/1895
f 1899/1899/1899 1898/1898/1898 1523/1523/1523
f 1523/1523/1523 1518/1518/1518 1899/1899/1899
f 1901/1901/1901 1505/1505/1505 1504/1504/1504
f 1504/1504/1504 1900/1900/1900 1901/1901/1901
f 1524/1524/1524 1901/1901/1901 1900/1900/1900
f 1900/1900/1900 1525/1525/1525 1524/1524/1524
f 1525/1525/1525 1900/1900/1900 1902/1902/1902
f 1902/1902/1902 1532/1532/1532 1525/1525/1525
f 1900/1900/1900 1504/1504/1504 1507/1507/1507
f 1507/1507/1507 1902/1902/1902 1900/1900/1900
f 1513/1513/1513 1516/1516/1516 1903/1903/1903
f 1903/1903/1903 1904/1904/1904 1513/1513/1513
f 1514/1514/1514 1513/1513/1513 1904/1904/1904
f 1904/1904/1904 1905/1905/1905 1514/1514/1514
f 1905/1905/1905 1904/1904/1904 1534/1534/1534
f 1534/1534/1534 1533/1533/1533 1905/1905/1905
f 1904/1904/1904 1903/1903/1903 1541/1541/1541
f 1541/1541/1541 1534/1534/1534 1904/1904/1904
f 1520/1520/1520 1522/1522/1522 1906/1906/1906
f 1906/1906/1906 1907/1907/1907 1520/1520/1520
f 1516/1516/1516 1520/1520/1520 1907/1907/1907
f 1907/1907/1907 1903/1903/1903 1516/1516/1516
f 1903/1903/1903 1907/1907/1907 1542/1542/1542
f 1542/1542/1542 1541/1541/1541 1903/1903/1903
f 1907/1907/1907 1906/1906/1906 1547/1547/1547
f 1547/1547/1547 1542/1542/1542 1907/1907/1907
f 1909/1909/1909 1439/1439/1439 1438/1438/1438
f 1438/1438/1438 1908/1908/1908 1909/1909/1909
f 1452/1452/1452 1909/1909/1909 1908/1908/1908
f 1908/1908/1908 1453/1453/1453 1452/1452/1452
f 1453/1453/1453 1908/1908/1908 1910/1910/1910
f 1910/1910/1910 1460/1460/1460 1453/1453/1453
f 1908/1908/1908 1438/1438/1438 1441/1441/1441
f 1441/1441/1441 1910/1910/1910 1908/1908/1908
f 1444/1444/1444 1447/1447/1447 1911/1911/1911
f 1911/1911/1911 1912/1912/1912 1444/1444/1444
f 1445/1445/1445 1444/1444/1444 1912/1912/1912
f 1912/1912/1912 1913/1913/1913 1445/1445/1445
f 1913/1913/1913 1912/1912/1912 1462/1462/1462
f 1462/1462/1462 1461/1461/1461 1913/1913/1913
f 1912/1912/1912 1911/1911/1911 1469/1469/1469
f 1469/1469/1469 1462/1462/1462 1912/1912/1912
f 1449/1449/1449 1451/1451/1451 1914/1914/1914
f 1914/1914/1914 1915/1915/1915 1449/1449/1449
f 1447/1447/1447 1449/1449/1449 1915/1915/1915
f 1915/1915/1915 1911/1911/1911 1447/1447/1447
f 1911/1911/1911 1915/1915/1915 1470/1470/1470
f 1470/1470/1470 1469/1469/1469 1911/1911/1911
f 1915/1915/1915 1914/1914/1914 1475/1475/1475
f 1475/1475/1475 1470/1470/1470 1915/1915/1915
f 1917/1917/1917 1457/1457/1457 1456/1456/1456
f 1456/1456/1456 1916/1916/1916 1917/1917/1917
f 1476/1476/1476 1917/1917/1917 1916/1916/1916
f 1916/1916/1916 1477/1477/1477 1476/1476/1476
f 1477/1477/1477 1916/1916/1916 1918/1918/1918
f 1918/1918/1918 1484/1484/1484 1477/1477/1477
f 1916/1916/1916 1456/1456/1456 1459/1459/1459
f 1459/1459/1459 1918/1918/1918 1916/1916/1916
f 1465/1465/1465 1468/1468/1468 1919/1919/1919
f 1919/1919/1919 1920/1920/1920 1465/1465/1465
f 1466/1466/1466 1465/1465/1465 1920/1920/1920
f 1920/1920/1920 1921/1921/1921 1466/1466/1466
f 1921/1921/1921 1920/1920/1920 1486/1486/1486
f 1486/1486/1486 1485/1485/1485 1921/1921/1921
f 1920/1920/1920 1919/1919/1919 1493/1493/1493
f 1493/1493/1493 1486/1486/1486 1920/1920/1920
f 1472/1472/1472 1474/1474/1474 1922/1922/1922
f 1922/1922/1922 1923/1923/1923 1472/1472/1472
f 1468/1468/1468 1472/1472/1472 1923/1923/1923
f 1923/1923/1923 1919/1919/1919 1468/1468/1468
f 1919/1919/1919 1923/1923/1923 1494/1494/1494
f 1494/1494/1494 1493/1493/1493 1919/1919/1919
f 1923/1923/1923 1922/1922/1922 1499/1499/1499
f 1499/1499/1499 1494/1494/1494 1923/1923/1923
f 1925/1925/1925 1593/1593/1593 1592/1592/1592
f 1592/1592/1592 1924/1924/1924 1925/1925/1925
f 1612/1612/1612 1925/1925/1925 1924/1924/1924
f 1924/1924/1924 1613/1613/1613 1612/1612/1612
f 1613/1613/1613 1924/1924/1924 1926/1926/1926
f 1926/1926/1926 1620/1620/1620 1613/1613/1613
f 1924/1924/1924 1592/1592/1592 1595/1595/1595
f 1595/1595/1595 1926/1926/1926 1924/1924/1924
f 1601/1601/1601 1604/1604/1604 1927/1927/1927
f 1927/1927/1927 1928/1928/1928 1601/1601/1601
f 1602/1602/1602 1601/1601/1601 1928/1928/1928
f 1928/1928/1928 1929/1929/1929 1602/1602/1602
f 1929/1929/1929 1928/1928/1928 1622/1622/1622
f 1622/1622/1622 1621/1621/1621 1929/1929/1929
f 1928/1928/1928 1927/1927/1927 1629/1629/1629
f 1629/1629/1629 1622/1622/1622 1928/1928/1928
f 1608/1608/1608 1610/1610/1610 1930/1930/1930
f 1930/1930/1930 1931/1931/1931 1608/1608/1608
f 1604/1604/1604 1608/1608/1608 1931/1931/1931
f 1931/1931/1931 1927/1927/1927 1604/1604/1604
f 1927/1927/1927 1931/1931/1931 1630/1630/1630
f 1630/1630/1630 1629/1629/1629 1927/1927/1927
f 1931/1931/1931 1930/1930/1930 1635/1635/1635
f 1635/1635/1635 1630/1630/1630 1931/1931/1931
f 1933/1933/1933 1575/1575/1575 1574/1574/1574
f 1574/1574/1574 1932/1932/1932 1933/1933/1933
f 1588/1588/1588 1933/1933/1933 1932/1932/1932
f 1932/1932/1932 1589/1589/1589 1588/1588/1588
f 1589/1589/1589 1932/1932/1932 1934/1934/1934
f 1934/1934/1934 1596/1596/1596 1589/1589/1589
f 1932/1932/1932 1574/1574/1574 1577/1577/1577
f 1577/1577/1577 1934/1934/1934 1932/1932/1932
f 1580/1580/1580 1583/1583/1583 1935/1935/1935
f 1935/1935/1935 1936/1936/1936 1580/1580/1580
f 1581/1581/1581 1580/1580/1580 1936/1936/1936
f 1936/1936/1936 1937/1937/1937 1581/1581/1581
f 1937/1937/1937 1936/1936/1936 1598/1598/1598
f 1598/1598/1598 1597/1597/1597 1937/1937/1937
f 1936/1936/1936 1935/1935/1935 1605/1605/1605
f 1605/1605/1605 1598/1598/1598 1936/1936/1936
f 1585/1585/1585 1587/1587/1587 1938/1938/1938
f 1938/1938/1938 1939/1939/1939 1585/1585/1585
f 1583/1583/1583 1585/1585/1585 1939/1939/1939
f 1939/1939/1939 1935/1935/1935 1583/1583/1583
f 1935/1935/1935 1939/1939/1939 1606/1606/1606
f 1606/1606/1606 1605/1605/1605 1935/1935/1935
f 1939/1939/1939 1938/1938/1938 1611/1611/1611
f 1611/1611/1611 1606/1606/1606 1939/1939/1939
f 1943/1943/1943 1940/1940/1940 1941/1941/1941
f 1941/1941/1941 1942/1942/1942 1943/1943/1943
f 1716/1716/1716 1943/1943/1943 1942/1942/1942
f 1942/1942/1942 1717/1717/1717 1716/1716/1716
f 1717/1717/1717 1942/1942/1942 1944/1944/1944
f 1944/1944/1944 1724/1724/1724 1717/1717/1717
f 1942/1942/1942 1941/1941/1941 1945/1945/1945
f 1945/1945/1945 1944/1944/1944 1942/1942/1942
f 1949/1949/1949 1946/1946/1946 1947/1947/1947
f 1947/1947/1947 1948/1948/1948 1949/1949/1949
f 1951/1951/1951 1949/1949/1949 1948/1948/1948
f 1948/1948/1948 1950/1950/1950 1951/1951/1951
f 1950/1950/1950 1948/1948/1948 1726/1726/1726
f 1726/1726/1726 1725/1725/1725 1950/1950/1950
f 1948/1948/1948 1947/1947/1947 1733/1733/1733
f 1733/1733/1733 1726/1726/1726 1948/1948/1948
f 1955/1955/1955 1952/1952/1952 1953/1953/1953
f 1953/1953/1953 1954/1954/1954 1955/1955/1955
f 1946/1946/1946 1955/1955/1955 1954/1954/1954
f 1954/1954/1954 1947/1947/1947 1946/1946/1946
f 1947/1947/1947 1954/1954/1954 1734/1734/1734
f 1734/1734/1734 1733/1733/1733 1947/1947/1947
f 1954/1954/1954 1953/1953/1953 1739/1739/1739
f 1739/1739/1739 1734/1734/1734 1954/1954/1954
f 1874/1874/1874 1876/1876/1876 1956/1956/1956
f 1956/1956/1956 1957/1957/1957 1874/1874/1874
f 1875/1875/1875 1874/1874/1874 1957/1957/1957
f 1957/1957/1957 1958/1958/1958 1875/1875/1875
f 1958/1958/1958 1957/1957/1957 1880/1880/1880
f 1880/1880/1880 1882/1882/1882 1958/1958/1958
f 1957/1957/1957 1956/1956/1956 1877/1877/1877
f 1877/1877/1877 1880/1880/1880 1957/1957/1957
f 1856/1856/1856 1841/1841/1841 1959/1959/1959
f 1959/1959/1959 1960/1960/1960 1856/1856/1856
f 1857/1857/1857 1856/1856/1856 1960/1960/1960
f 1960/1960/1960 1961/1961/1961 1857/1857/1857
f 1961/1961/1961 1960/1960/1960 1859/1859/1859
f 1859/1859/1859 1861/1861/1861 1961/1961/1961
f 1960/1960/1960 1959/1959/1959 1845/1845/1845
f 1845/1845/1845 1859/1859/1859 1960/1960/1960
f 1840/1840/1840 1825/1825/1825 1962/1962/1962
f 1962/1962/1962 1963/1963/1963 1840/1840/1840
f 1841/1841/1841 1840/1840/1840 1963/1963/1963
f 1963/1963/1963 1959/1959/1959 1841/1841/1841
f 1959/1959/1959 1963/1963/1963 1843/1843/1843
f 1843/1843/1843 1845/1845/1845 1959/1959/1959
f 1963/1963/1963 1962/1962/1962 1829/1829/1829
f 1829/1829/1829 1843/1843/1843 1963/1963/1963
f 1824/1824/1824 1809/1809/1809 1964/1964/1964
f 1964/1964/1964 1965/1965/1965 1824/1824/1824
f 1825/1825/1825 1824/1824/1824 1965/1965/1965
f 1965/1965/1965 1962/1962/1962 1825/1825/1825
f 1962/1962/1962 1965/1965/1965 1827/1827/1827
f 1827/1827/1827 1829/1829/1829 1962/1962/1962
f 1965/1965/1965 1964/1964/1964 1813/1813/1813
f 1813/1813/1813 1827/1827/1827 1965/1965/1965
f 1808/1808/1808 1793/1793/1793 1966/1966/1966
f 1966/1966/1966 1967/1967/1967 1808/1808/1808
f 1809/1809/1809 1808/1808/1808 1967/1967/1967
f 1967/1967/1967 1964/1964/1964 1809/1809/1809
f 1964/1964/1964 1967/1967/1967 1811/1811/1811
f 1811/1811/1811 1813/1813/1813 1964/1964/1964
f 1967/1967/1967 1966/1966/1966 1797/1797/1797
f 1797/1797/1797 1811/1811/1811 1967/1967/1967
f 1792/1792/1792 1777/1777/1777 1968/1968/1968
f 1968/1968/1968 1969/1969/1969 1792/1792/1792
f 1793/1793/1793 1792/1792/1792 1969/1969/1969
f 1969/1969/1969 1966/1966/1966 1793/1793/1793
f 1966/1966/1966 1969/1969/1969 1795/1795/1795
f 1795/1795/1795 1797/1797/1797 1966/1966/1966
f 1969/1969/1969 1968/1968/1968 1781/1781/1781
f 1781/1781/1781 1795/1795/1795 1969/1969/1969
f 1776/1776/1776 1761/1761/1761 1970/1970/1970
f 1970/1970/1970 1971/1971/1971 1776/1776/1776
f 1777/1777/1777 1776/1776/1776 1971/1971/1971
f 1971/1971/1971 1968/1968/1968 1777/1777/1777
f 1968/1968/1968 1971/1971/1971 1779/1779/1779
f 1779/1779/1779 1781/1781/1781 1968/1968/1968
f 1971/1971/1971 1970/1970/1970 1765/1765/1765
f 1765/1765/1765 1779/1779/1779 1971/1971/1971
f 1760/1760/1760 1745/1745/1745 1972/1972/1972
f 1972/1972/1972 1973/1973/1973 1760/1760/1760
f 1761/1761/1761 1760/1760/1760 1973/1973/1973
f 1973/1973/1973 1970/1970/1970 1761/1761/1761
f 1970/1970/1970 1973/1973/1973 1763/1763/1763
f 1763/1763/1763 1765/1765/1765 1970/1970/1970
f 1973/1973/1973 1972/1972/1972 1749/1749/1749
f 1749/1749/1749 1763/1763/1763 1973/1973/1973
f 1744/1744/1744 1723/1723/1723 1974/1974/1974
f 1974/1974/1974 1975/1975/1975 1744/1744/1744
f 1745/1745/1745 1744/1744/1744 1975/1975/1975
f 1975/1975/1975 1972/1972/1972 1745/1745/1745
f 1972/1972/1972 1975/1975/1975 1747/1747/1747
f 1747/1747/1747 1749/1749/1749 1972/1972/1972
f 1975/1975/1975 1974/1974/1974 1730/1730/1730
f 1730/1730/1730 1747/1747/1747 1975/1975/1975
f 1722/1722/1722 1724/1724/1724 1976/1976/1976
f 1976/1976/1976 1977/1977/1977 1722/1722/1722
f 1723/1723/1723 1722/1722/1722 1977/1977/1977
f 1977/1977/1977 1974/1974/1974 1723/1723/1723
f 1974/1974/1974 1977/1977/1977 1728/1728/1728
f 1728/1728/1728 1730/1730/1730 1974/1974/1974
f 1977/1977/1977 1976/1976/1976 1725/1725/1725
f 1725/1725/1725 1728/1728/1728 1977/1977/1977
f 1944/1944/1944 1945/1945/1945 1978/1978/1978
f 1978/1978/1978 1979/1979/1979 1944/1944/1944
f 1724/1724/1724 1944/1944/1944 1979/1979/1979
f 1979/1979/1979 1976/1976/1976 1724/1724/1724
f 1976/1976/1976 1979/1979/1979 1950/1950/1950
f 1950/1950/1950 1725/1725/1725 1976/1976/1976
f 1979/1979/1979 1978/1978/1978 1951/1951/1951
f 1951/1951/1951 1950/1950/1950 1979/1979/1979
f 1704/1704/1704 1689/1689/1689 1980/1980/1980
f 1980/1980/1980 1981/1981/1981 1704/1704/1704
f 1705/1705/1705 1704/1704/1704 1981/1981/1981
f 1981/1981/1981 1982/1982/1982 1705/1705/1705
f 1982/1982/1982 1981/1981/1981 1707/1707/1707
f 1707/1707/1707 1709/1709/1709 1982/1982/1982
f 1981/1981/1981 1980/1980/1980 1693/1693/1693
f 1693/1693/1693 1707/1707/1707 1981/1981/1981
f 1688/1688/1688 1673/1673/1673 1983/1983/1983
f 1983/1983/1983 1984/1984/1984 1688/1688/1688
f 1689/1689/1689 1688/1688/1688 1984/1984/1984
f 1984/1984/1984 1980/1980/1980 1689/1689/1689
f 1980/1980/1980 1984/1984/1984 1691/1691/1691
f 1691/1691/1691 1693/1693/1693 1980/1980/1980
f 1984/1984/1984 1983/1983/1983 1677/1677/1677
f 1677/1677/1677 1691/1691/1691 1984/1984/1984
f 1672/1672/1672 1657/1657/1657 1985/1985/1985
f 1985/1985/1985 1986/1986/1986 1672/1672/1672
f 1673/1673/1673 1672/1672/1672 1986/1986/1986
f 1986/1986/1986 1983/1983/1983 1673/1673/1673
f 1983/1983/1983 1986/1986/1986 1675/1675/1675
f 1675/1675/1675 1677/1677/1677 1983/1983/1983
f 1986/1986/1986 1985/1985/1985 1661/1661/1661
f 1661/1661/1661 1675/1675/1675 1986/1986/1986
f 1656/1656/1656 1641/1641/1641 1987/1987/1987
f 1987/1987/1987 1988/1988/1988 1656/1656/1656
f 1657/1657/1657 1656/1656/1656 1988/1988/1988
f 1988/1988/1988 1985/1985/1985 1657/1657/1657
f 1985/1985/1985 1988/1988/1988 1659/1659/1659
f 1659/1659/1659 1661/1661/1661 1985/1985/1985
f 1988/1988/1988 1987/1987/1987 1645/1645/1645
f 1645/1645/1645 1659/1659/1659 1988/1988/1988
f 1640/1640/1640 1619/1619/1619 1989/1989/1989
f 1989/1989/1989 1990/1990/1990 1640/1640/1640
f 1641/1641/1641 1640/1640/1640 1990/1990/1990
f 1990/1990/1990 1987/1987/1987 1641/1641/1641
f 1987/1987/1987 1990/1990/1990 1643/1643/1643
f 1643/1643/1643 1645/1645/1645 1987/1987/1987
f 1990/1990/1990 1989/1989/1989 1626/1626/1626
f 1626/1626/1626 1643/1643/1643 1990/1990/1990
f 1618/1618/1618 1620/1620/1620 1991/1991/1991
f 1991/1991/1991 1992/1992/1992 1618/1618/1618
f 1619/1619/1619 1618/1618/1618 1992/1992/1992
f 1992/1992/1992 1989/1989/1989 1619/1619/1619
f 1989/1989/1989 1992/1992/1992 1624/1624/1624
f 1624/1624/1624 1626/1626/1626 1989/1989/1989
f 1992/1992/1992 1991/1991/1991 1621/1621/1621
f 1621/1621/1621 1624/1624/1624 1992/1992/1992
f 1926/1926/1926 1595/1595/1595 1993/1993/1993
f 1993/1993/1993 1994/1994/1994 1926/1926/1926
f 1620/1620/1620 1926/1926/1926 1994/1994/1994
f 1994/1994/1994 1991/1991/1991 1620/1620/1620
f 1991/1991/1991 1994/1994/1994 1929/1929/1929
f 1929/1929/1929 1621/1621/1621 1991/1991/1991
f 1994/1994/1994 1993/1993/1993 1602/1602/1602
f 1602/1602/1602 1929/1929/1929 1994/1994/1994
f 1594/1594/1594 1596/1596/1596 1995/1995/1995
f 1995/1995/1995 1996/1996/1996 1594/1594/1594
f 1595/1595/1595 1594/1594/1594 1996/1996/1996
f 1996/1996/1996 1993/1993/1993 1595/1595/1595
f 1993/1993/1993 1996/1996/1996 1600/1600/1600
f 1600/1600/1600 1602/1602/1602 1993/1993/1993
f 1996/1996/1996 1995/1995/1995 1597/1597/1597
f 1597/1597/1597 1600/1600/1600 1996/1996/1996
f 1934/1934/1934 1577/1577/1577 1997/1997/1997
f 1997/1997/1997 1998/1998/1998 1934/1934/1934
f 1596/1596/1596 1934/1934/1934 1998/1998/1998
f 1998/1998/1998 1995/1995/1995 1596/1596/1596
f 1995/1995/1995 1998/1998/1998 1937/1937/1937
f 1937/1937/1937 1597/1597/1597 1995/1995/1995
f 1998/1998/1998 1997/1997/1997 1581/1581/1581
f 1581/1581/1581 1937/1937/1937 1998/1998/1998
f 1576/1576/1576 1555/1555/1555 1999/1999/1999
f 1999/1999/1999 2000/2000/2000 1576/1576/1576
f 1577/1577/1577 1576/1576/1576 2000/2000/2000
f 2000/2000/2000 1997/1997/1997 1577/1577/1577
f 1997/1997/1997 2000/2000/2000 1579/1579/1579
f 1579/1579/1579 1581/1581/1581 1997/1997/1997
f 2000/2000/2000 1999/1999/1999 1562/1562/1562
f 1562/1562/1562 1579/1579/1579 2000/2000/2000
f 1554/1554/1554 1556/1556/1556 2001/2001/2001
f 2001/2001/2001 2002/2002/2002 1554/1554/1554
f 1555/1555/1555 1554/1554/1554 2002/2002/2002
f 2002/2002/2002 1999/1999/1999 1555/1555/1555
f 1999/1999/1999 2002/2002/2002 1560/1560/1560
f 1560/1560/1560 1562/1562/1562 1999/1999/1999
f 2002/2002/2002 2001/2001/2001 1557/1557/1557
f 1557/1557/1557 1560/1560/1560 2002/2002/2002
f 1530/1530/1530 1532/1532/1532 2003/2003/2003
f 2003/2003/2003 2004/2004/2004 1530/1530/1530
f 1531/1531/1531 1530/1530/1530 2004/2004/2004
f 2004/2004/2004 2005/2005/2005 1531/1531/1531
f 2005/2005/2005 2004/2004/2004 1536/1536/1536
f 1536/1536/1536 1538/1538/1538 2005/2005/2005
f 2004/2004/2004 2003/2003/2003 1533/1533/1533
f 1533/1533/1533 1536/1536/1536 2004/2004/2004
f 1902/1902/1902 1507/1507/1507 2006/2006/2006
f 2006/2006/2006 2007/2007/2007 1902/1902/1902
f 1532/1532/1532 1902/1902/1902 2007/2007/2007
f 2007/2007/2007 2003/2003/2003 1532/1532/1532
f 2003/2003/2003 2007/2007/2007 1905/1905/1905
f 1905/1905/1905 1533/1533/1533 2003/2003/2003
f 2007/2007/2007 2006/2006/2006 1514/1514/1514
f 1514/1514/1514 1905/1905/1905 2007/2007/2007
f 1506/1506/1506 1508/1508/1508 2008/2008/2008
f 2008/2008/2008 2009/2009/2009 1506/1506/1506
f 1507/1507/1507 1506/1506/1506 2009/2009/2009
f 2009/2009/2009 2006/2006/2006 1507/1507/1507
f 2006/2006/2006 2009/2009/2009 1512/1512/1512
f 1512/1512/1512 1514/1514/1514 2006/2006/2006
f 2009/2009/2009 2008/2008/2008 1509/1509/1509
f 1509/1509/1509 1512/1512/1512 2009/2009/2009
f 1894/1894/1894 1483/1483/1483 2010/2010/2010
f 2010/2010/2010 2011/2011/2011 1894/1894/1894
f 1508/1508/1508 1894/1894/1894 2011/2011/2011
f 2011/2011/2011 2008/2008/2008 1508/1508/1508
f 2008/2008/2008 2011/2011/2011 1897/1897/1897
f 1897/1897/1897 1509/1509/1509 2008/2008/2008
f 2011/2011/2011 2010/2010/2010 1490/1490/1490
f 1490/1490/1490 1897/1897/1897 2011/2011/2011
f 1482/1482/1482 1484/1484/1484 2012/2012/2012
f 2012/2012/2012 2013/2013/2013 1482/1482/1482
f 1483/1483/1483 1482/1482/1482 2013/2013/2013
f 2013/2013/2013 2010/2010/2010 1483/1483/1483
f 2010/2010/2010 2013/2013/2013 1488/1488/1488
f 1488/1488/1488 1490/1490/1490 2010/2010/2010
f 2013/2013/2013 2012/2012/2012 1485/1485/1485
f 1485/1485/1485 1488/1488/1488 2013/2013/2013
f 1918/1918/1918 1459/1459/1459 2014/2014/2014
f 2014/2014/2014 2015/2015/2015 1918/1918/1918
f 1484/1484/1484 1918/1918/1918 2015/2015/2015
f 2015/2015/2015 2012/2012/2012 1484/1484/1484
f 2012/2012/2012 2015/2015/2015 1921/1921/1921
f 1921/1921/1921 1485/1485/1485 2012/2012/2012
f 2015/2015/2015 2014/2014/2014 1466/1466/1466
f 1466/1466/1466 1921/1921/1921 2015/2015/2015
f 1458/1458/1458 1460/1460/1460 2016/2016/2016
f 2016/2016/2016 2017/2017/2017 1458/1458/1458
f 1459/1459/1459 1458/1458/1458 2017/2017/2017
f 2017/2017/2017 2014/2014/2014 1459/1459/1459
f 2014/2014/2014 2017/2017/2017 1464/1464/1464
f 1464/1464/1464 1466/1466/1466 2014/2014/2014
f 2017/2017/2017 2016/2016/2016 1461/1461/1461
f 1461/1461/1461 1464/1464/1464 2017/2017/2017
f 1910/1910/1910 1441/1441/1441 2018/2018/2018
f 2018/2018/2018 2019/2019/2019 1910/1910/1910
f 1460/1460/1460 1910/1910/1910 2019/2019/2019
f 2019/2019/2019 2016/2016/2016 1460/1460/1460
f 2016/2016/2016 2019/2019/2019 1913/1913/1913
f 1913/1913/1913 1461/1461/1461 2016/2016/2016
f 2019/2019/2019 2018/2018/2018 1445/1445/1445
f 1445/1445/1445 1913/1913/1913 2019/2019/2019
f 1440/1440/1440 1425/1425/1425 2020/2020/2020
f 2020/2020/2020 2021/2021/2021 1440/1440/1440
f 1441/1441/1441 1440/1440/1440 2021/2021/2021
f 2021/2021/2021 2018/2018/2018 1441/1441/1441
f 2018/2018/2018 2021/2021/2021 1443/1443/1443
f 1443/1443/1443 1445/1445/1445 2018/2018/2018
f 2021/2021/2021 2020/2020/2020 1429/1429/1429
f 1429/1429/1429 1443/1443/1443 2021/2021/2021
f 1424/1424/1424 1409/1409/1409 2022/2022/2022
f 2022/2022/2022 2023/2023/2023 1424/1424/1424
f 1425/1425/1425 1424/1424/1424 2023/2023/2023
f 2023/2023/2023 2020/2020/2020 1425/1425/1425
f 2020/2020/2020 2023/2023/2023 1427/1427/1427
f 1427/1427/1427 1429/1429/1429 2020/2020/2020
f 2023/2023/2023 2022/2022/2022 1413/1413/1413
f 1413/1413/1413 1427/1427/1427 2023/2023/2023
f 1408/1408/1408 1393/1393/1393 2024/2024/2024
f 2024/2024/2024 2025/2025/2025 1408/1408/1408
f 1409/1409/1409 1408/1408/1408 2025/2025/2025
f 2025/2025/2025 2022/2022/2022 1409/1409/1409
f 2022/2022/2022 2025/2025/2025 1411/1411/1411
f 1411/1411/1411 1413/1413/1413 2022/2022/2022
f 2025/2025/2025 2024/2024/2024 1397/1397/1397
f 1397/1397/1397 1411/1411/1411 2025/2025/2025
f 1392/1392/1392 1377/1377/1377 2026/2026/2026
f 2026/2026/2026 2027/2027/2027 1392/1392/1392
f 1393/1393/1393 1392/1392/1392 2027/2027/2027
f 2027/2027/2027 2024/2024/2024 1393/1393/1393
f 2024/2024/2024 2027/2027/2027 1395/1395/1395
f 1395/1395/1395 1397/1397/1397 2024/2024/2024
f 2027/2027/2027 2026/2026/2026 1381/1381/1381
f 1381/1381/1381 1395/1395/1395 2027/2027/2027
f 1376/1376/1376 1355/1355/1355 2028/2028/2028
f 2028/2028/2028 2029/2029/2029 1376/1376/1376
f 1377/1377/1377 1376/1376/1376 2029/2029/2029
f 2029/2029/2029 2026/2026/2026 1377/1377/1377
f 2026/2026/2026 2029/2029/2029 1379/1379/1379
f 1379/1379/1379 1381/1381/1381 2026/2026/2026
f 2029/2029/2029 2028/2028/2028 1362/1362/1362
f 1362/1362/1362 1379/1379/1379 2029/2029/2029
f 1354/1354/1354 1356/1356/1356 2030/2030/2030
f 2030/2030/2030 2031/2031/2031 1354/1354/1354
f 1355/1355/1355 1354/1354/1354 2031/2031/2031
f 2031/2031/2031 2028/2028/2028 1355/1355/1355
f 2028/2028/2028 2031/2031/2031 1360/1360/1360
f 1360/1360/1360 1362/1362/1362 2028/2028/2028
f 2031/2031/2031 2030/2030/2030 1357/1357/1357
f 1357/1357/1357 1360/1360/1360 2031/2031/2031
f 1330/1330/1330 1332/1332/1332 2032/2032/2032
f 2032/2032/2032 2033/2033/2033 1330/1330/1330
f 1331/1331/1331 1330/1330/1330 2033/2033/2033
f 2033/2033/2033 2034/2034/2034 1331/1331/1331
f 2034/2034/2034 2033/2033/2033 1336/1336/1336
f 1336/1336/1336 1338/1338/1338 2034/2034/2034
f 2033/2033/2033 2032/2032/2032 1333/1333/1333
f 1333/1333/1333 1336/1336/1336 2033/2033/2033
f 1312/1312/1312 1297/1297/1297 2035/2035/2035
f 2035/2035/2035 2036/2036/2036 1312/1312/1312
f 1313/1313/1313 1312/1312/1312 2036/2036/2036
f 2036/2036/2036 2037/2037/2037 1313/1313/1313
f 2037/2037/2037 2036/2036/2036 1315/1315/1315
f 1315/1315/1315 1317/1317/1317 2037/2037/2037
f 2036/2036/2036 2035/2035/2035 1301/1301/1301
f 1301/1301/1301 1315/1315/1315 2036/2036/2036
f 1296/1296/1296 1281/1281/1281 2038/2038/2038
f 2038/2038/2038 2039/2039/2039 1296/1296/1296
f 1297/1297/1297 1296/1296/1296 2039/2039/2039
f 2039/2039/2039 2035/2035/2035 1297/1297/1297
f 2035/2035/2035 2039/2039/2039 1299/1299/1299
f 1299/1299/1299 1301/1301/1301 2035/2035/2035
f 2039/2039/2039 2038/2038/2038 1285/1285/1285
f 1285/1285/1285 1299/1299/1299 2039/2039/2039
f 1280/1280/1280 1265/1265/1265 2040/2040/2040
f 2040/2040/2040 2041/2041/2041 1280/1280/1280
f 1281/1281/1281 1280/1280/1280 2041/2041/2041
f 2041/2041/2041 2038/2038/2038 1281/1281/1281
f 2038/2038/2038 2041/2041/2041 1283/1283/1283
f 1283/1283/1283 1285/1285/1285 2038/2038/2038
f 2041/2041/2041 2040/2040/2040 1269/1269/1269
f 1269/1269/1269 1283/1283/1283 2041/2041/2041
f 1264/1264/1264 1249/1249/1249 2042/2042/2042
f 2042/2042/2042 2043/2043/2043 1264/1264/1264
f 1265/1265/1265 1264/1264/1264 2043/2043/2043
f 2043/2043/2043 2040/2040/2040 1265/1265/1265
f 2040/2040/2040 2043/2043/2043 1267/1267/1267
f 1267/1267/1267 1269/1269/1269 2040/2040/2040
f 2043/2043/2043 2042/2042/2042 1253/1253/1253
f 1253/1253/1253 1267/1267/1267 2043/2043/2043
f 1248/1248/1248 1233/1233/1233 2044/2044/2044
f 2044/2044/2044 2045/2045/2045 1248/1248/1248
f 1249/1249/1249 1248/1248/1248 2045/2045/2045
f 2045/2045/2045 2042/2042/2042 1249/1249/1249
f 2042/2042/2042 2045/2045/2045 1251/1251/1251
f 1251/1251/1251 1253/1253/1253 2042/2042/2042
f 2045/2045/2045 2044/2044/2044 1237/1237/1237
f 1237/1237/1237 1251/1251/1251 2045/2045/2045
f 1232/1232/1232 1217/1217/1217 2046/2046/2046
f 2046/2046/2046 2047/2047/2047 1232/1232/1232
f 1233/1233/1233 1232/1232/1232 2047/2047/2047
f 2047/2047/2047 2044/2044/2044 1233/1233/1233
f 2044/2044/2044 2047/2047/2047 1235/1235/1235
f 1235/1235/1235 1237/1237/1237 2044/2044/2044
f 2047/2047/2047 2046/2046/2046 1221/1221/1221
f 1221/1221/1221 1235/1235/1235 2047/2047/2047
f 1216/1216/1216 1201/1201/1201 2048/2048/2048
f 2048/2048/2048 2049/2049/2049 1216/1216/1216
f 1217/1217/1217 1216/1216/1216 2049/2049/2049
f 2049/2049/2049 2046/2046/2046 1217/1217/1217
f 2046/2046/2046 2049/2049/2049 1219/1219/1219
f 1219/1219/1219 1221/1221/1221 2046/2046/2046
f 2049/2049/2049 2048/2048/2048 1205/1205/1205
f 1205/1205/1205 1219/1219/1219 2049/2049/2049
f 1200/1200/1200 1185/1185/1185 2050/2050/2050
f 2050/2050/2050 2051/2051/2051 1200/1200/1200
f 1201/1201/1201 1200/1200/1200 2051/2051/2051
f 2051/2051/2051 2048/2048/2048 1201/1201/1201
f 2048/2048/2048 2051/2051/2051 1203/1203/1203
f 1203/1203/1203 1205/1205/1205 2048/2048/2048
f 2051/2051/2051 2050/2050/2050 1189/1189/1189
f 1189/1189/1189 1203/1203/1203 2051/2051/2051
f 1184/1184/1184 1163/1163/1163 2052/2052/2052
f 2052/2052/2052 2053/2053/2053 1184/1184/1184
f 1185/1185/1185 1184/1184/1184 2053/2053/2053
f 2053/2053/2053 2050/2050/2050 1185/1185/1185
f 2050/2050/2050 2053/2053/2053 1187/1187/1187
f 1187/1187/1187 1189/1189/1189 2050/2050/2050
f 2053/2053/2053 2052/2052/2052 1170/1170/1170
f 1170/1170/1170 1187/1187/1187 2053/2053/2053
f 1162/1162/1162 1164/1164/1164 2054/2054/2054
f 2054/2054/2054 2055/2055/2055 1162/1162/1162
f 1163/1163/1163 1162/1162/1162 2055/2055/2055
f 2055/2055/2055 2052/2052/2052 1163/1163/1163
f 2052/2052/2052 2055/2055/2055 1168/1168/1168
f 1168/1168/1168 1170/1170/1170 2052/2052/2052
f 2055/2055/2055 2054/2054/2054 1165/1165/1165
f 1165/1165/1165 1168/1168/1168 2055/2055/2055
f 1889/1889/1889 1891/1891/1891 2056/2056/2056
f 2056/2056/2056 2057/2057/2057 1889/1889/1889
f 1890/1890/1890 1889/1889/1889 2057/2057/2057
f 2057/2057/2057 2058/2058/2058 1890/1890/1890
f 2058/2058/2058 2057/2057/2057 2059/2059/2059
f 2059/2059/2059 2060/2060/2060 2058/2058/2058
f 2057/2057/2057 2056/2056/2056 2061/2061/2061
f 2061/2061/2061 2059/2059/2059 2057/2057/2057
f 1866/1866/1866 1851/1851/1851 2062/2062/2062
f 2062/2062/2062 2063/2063/2063 1866/1866/1866
f 1867/1867/1867 1866/1866/1866 2063/2063/2063
f 2063/2063/2063 2064/2064/2064 1867/1867/1867
f 2064/2064/2064 2063/2063/2063 2065/2065/2065
f 2065/2065/2065 2066/2066/2066 2064/2064/2064
f 2063/2063/2063 2062/2062/2062 2067/2067/2067
f 2067/2067/2067 2065/2065/2065 2063/2063/2063
f 1850/1850/1850 1835/1835/1835 2068/2068/2068
f 2068/2068/2068 2069/2069/2069 1850/1850/1850
f 1851/1851/1851 1850/1850/1850 2069/2069/2069
f 2069/2069/2069 2062/2062/2062 1851/1851/1851
f 2062/2062/2062 2069/2069/2069 2070/2070/2070
f 2070/2070/2070 2067/2067/2067 2062/2062/2062
f 2069/2069/2069 2068/2068/2068 2071/2071/2071
f 2071/2071/2071 2070/2070/2070 2069/2069/2069
f 1834/1834/1834 1819/1819/1819 2072/2072/2072
f 2072/2072/2072 2073/2073/2073 1834/1834/1834
f 1835/1835/1835 1834/1834/1834 2073/2073/2073
f 2073/2073/2073 2068/2068/2068 1835/1835/1835
f 2068/2068/2068 2073/2073/2073 2074/2074/2074
f 2074/2074/2074 2071/2071/2071 2068/2068/2068
f 2073/2073/2073 2072/2072/2072 2075/2075/2075
f 2075/2075/2075 2074/2074/2074 2073/2073/2073
f 1818/1818/1818 1803/1803/1803 2076/2076/2076
f 2076/2076/2076 2077/2077/2077 1818/1818/1818
f 1819/1819/1819 1818/1818/1818 2077/2077/2077
f 2077/2077/2077 2072/2072/2072 1819/1819/1819
f 2072/2072/2072 2077/2077/2077 2078/2078/2078
f 2078/2078/2078 2075/2075/2075 2072/2072/2072
f 2077/2077/2077 2076/2076/2076 2079/2079/2079
f 2079/2079/2079 2078/2078/2078 2077/2077/2077
f 1802/1802/1802 1787/1787/1787 2080/2080/2080
f 2080/2080/2080 2081/2081/2081 1802/1802/1802
f 1803/1803/1803 1802/1802/1802 2081/2081/2081
f 2081/2081/2081 2076/2076/2076 1803/1803/1803
f 2076/2076/2076 2081/2081/2081 2082/2082/2082
f 2082/2082/2082 2079/2079/2079 2076/2076/2076
f 2081/2081/2081 2080/2080/2080 2083/2083/2083
f 2083/2083/2083 2082/2082/2082 2081/2081/2081
f 1786/1786/1786 1771/1771/1771 2084/2084/2084
f 2084/2084/2084 2085/2085/2085 1786/1786/1786
f 1787/1787/1787 1786/1786/1786 2085/2085/2085
f 2085/2085/2085 2080/2080/2080 1787/1787/1787
f 2080/2080/2080 2085/2085/2085 2086/2086/2086
f 2086/2086/2086 2083/2083/2083 2080/2080/2080
f 2085/2085/2085 2084/2084/2084 2087/2087/2087
f 2087/2087/2087 2086/2086/2086 2085/2085/2085
f 1770/1770/1770 1755/1755/1755 2088/2088/2088
f 2088/2088/2088 2089/2089/2089 1770/1770/1770
f 1771/1771/1771 1770/1770/1770 2089/2089/2089
f 2089/2089/2089 2084/2084/2084 1771/1771/1771
f 2084/2084/2084 2089/2089/2089 2090/2090/2090
f 2090/2090/2090 2087/2087/2087 2084/2084/2084
f 2089/2089/2089 2088/2088/2088 2091/2091/2091
f 2091/2091/2091 2090/2090/2090 2089/2089/2089
f 1754/1754/1754 1738/1738/1738 2092/2092/2092
f 2092/2092/2092 2093/2093/2093 1754/1754/1754
f 1755/1755/1755 1754/1754/1754 2093/2093/2093
f 2093/2093/2093 2088/2088/2088 1755/1755/1755
f 2088/2088/2088 2093/2093/2093 2094/2094/2094
f 2094/2094/2094 2091/2091/2091 2088/2088/2088
f 2093/2093/2093 2092/2092/2092 2095/2095/2095
f 2095/2095/2095 2094/2094/2094 2093/2093/2093
f 1737/1737/1737 1739/1739/1739 2096/2096/2096
f 2096/2096/2096 2097/2097/2097 1737/1737/1737
f 1738/1738/1738 1737/1737/1737 2097/2097/2097
f 2097/2097/2097 2092/2092/2092 1738/1738/1738
f 2092/2092/2092 2097/2097/2097 2098/2098/2098
f 2098/2098/2098 2095/2095/2095 2092/2092/2092
f 2097/2097/2097 2096/2096/2096 2099/2099/2099
f 2099/2099/2099 2098/2098/2098 2097/2097/2097
f 2103/2103/2103 2100/2100/2100 2101/2101/2101
f 2101/2101/2101 2102/2102/2102 2103/2103/2103
f 1952/1952/1952 2103/2103/2103 2102/2102/2102
f 2102/2102/2102 1953/1953/1953 1952/1952/1952
f 1953/1953/1953 2102/2102/2102 2096/2096/2096
f 2096/2096/2096 1739/1739/1739 1953/1953/1953
f 2102/2102/2102 2101/2101/2101 2099/2099/2099
f 2099/2099/2099 2096/2096/2096 2102/2102/2102
f 1714/1714/1714 1699/1699/1699 2104/2104/2104
f 2104/2104/2104 2105/2105/2105 1714/1714/1714
f 1715/1715/1715 1714/1714/1714 2105/2105/2105
f 2105/2105/2105 2106/2106/2106 1715/1715/1715
f 2106/2106/2106 2105/2105/2105 2107/2107/2107
f 2107/2107/2107 2108/2108/2108 2106/2106/2106
f 2105/2105/2105 2104/2104/2104 2109/2109/2109
f 2109/2109/2109 2107/2107/2107 2105/2105/2105
f 1698/1698/1698 1683/1683/1683 2110/2110/2110
f 2110/2110/2110 2111/2111/2111 1698/1698/1698
f 1699/1699/1699 1698/1698/1698 2111/2111/2111
f 2111/2111/2111 2104/2104/2104 1699/1699/1699
f 2104/2104/2104 2111/2111/2111 2112/2112/2112
f 2112/2112/2112 2109/2109/2109 2104/2104/2104
f 2111/2111/2111 2110/2110/2110 2113/2113/2113
f 2113/2113/2113 2112/2112/2112 2111/2111/2111
f 1682/1682/1682 1667/1667/1667 2114/2114/2114
f 2114/2114/2114 2115/2115/2115 1682/1682/1682
f 1683/1683/1683 1682/1682/1682 2115/2115/2115
f 2115/2115/2115 2110/2110/2110 1683/1683/1683
f 2110/2110/2110 2115/2115/2115 2116/2116/2116
f 2116/2116/2116 2113/2113/2113 2110/2110/2110
f 2115/2115/2115 2114/2114/2114 2117/2117/2117
f 2117/2117/2117 2116/2116/2116 2115/2115/2115
f 1666/1666/1666 1651/1651/1651 2118/2118/2118
f 2118/2118/2118 2119/2119/2119 1666/1666/1666
f 1667/1667/1667 1666/1666/1666 2119/2119/2119
f 2119/2119/2119 2114/2114/2114 1667/1667/1667
f 2114/2114/2114 2119/2119/2119 2120/2120/2120
f 2120/2120/2120 2117/2117/2117 2114/2114/2114
f 2119/2119/2119 2118/2118/2118 2121/2121/2121
f 2121/2121/2121 2120/2120/2120 2119/2119/2119
f 1650/1650/1650 1634/1634/1634 2122/2122/2122
f 2122/2122/2122 2123/2123/2123 1650/1650/1650
f 1651/1651/1651 1650/1650/1650 2123/2123/2123
f 2123/2123/2123 2118/2118/2118 1651/1651/1651
f 2118/2118/2118 2123/2123/2123 2124/2124/2124
f 2124/2124/2124 2121/2121/2121 2118/2118/2118
f 2123/2123/2123 2122/2122/2122 2125/2125/2125
f 2125/2125/2125 2124/2124/2124 2123/2123/2123
f 1633/1633/1633 1635/1635/1635 2126/2126/2126
f 2126/2126/2126 2127/2127/2127 1633/1633/1633
f 1634/1634/1634 1633/1633/1633 2127/2127/2127
f 2127/2127/2127 2122/2122/2122 1634/1634/1634
f 2122/2122/2122 2127/2127/2127 2128/2128/2128
f 2128/2128/2128 2125/2125/2125 2122/2122/2122
f 2127/2127/2127 2126/2126/2126 2129/2129/2129
f 2129/2129/2129 2128/2128/2128 2127/2127/2127
f 2133/2133/2133 2130/2130/2130 2131/2131/2131
f 2131/2131/2131 2132/2132/2132 2133/2133/2133
f 1610/1610/1610 2133/2133/2133 2132/2132/2132
f 2132/2132/2132 1930/1930/1930 1610/1610/1610
f 1930/1930/1930 2132/2132/2132 2126/2126/2126
f 2126/2126/2126 1635/1635/1635 1930/1930/1930
f 2132/2132/2132 2131/2131/2131 2129/2129/2129
f 2129/2129/2129 2126/2126/2126 2132/2132/2132
f 1609/1609/1609 1611/1611/1611 2134/2134/2134
f 2134/2134/2134 2135/2135/2135 1609/1609/1609
f 1610/1610/1610 1609/1609/1609 2135/2135/2135
f 2135/2135/2135 2133/2133/2133 1610/1610/1610
f 2133/2133/2133 2135/2135/2135 2136/2136/2136
f 2136/2136/2136 2130/2130/2130 2133/2133/2133
f 2135/2135/2135 2134/2134/2134 2137/2137/2137
f 2137/2137/2137 2136/2136/2136 2135/2135/2135
f 2141/2141/2141 2138/2138/2138 2139/2139/2139
f 2139/2139/2139 2140/2140/2140 2141/2141/2141
f 1587/1587/1587 2141/2141/2141 2140/2140/2140
f 2140/2140/2140 1938/1938/1938 1587/1587/1587
f 1938/1938/1938 2140/2140/2140 2134/2134/2134
f 2134/2134/2134 1611/1611/1611 1938/1938/1938
f 2140/2140/2140 2139/2139/2139 2137/2137/2137
f 2137/2137/2137 2134/2134/2134 2140/2140/2140
f 1586/1586/1586 1570/1570/1570 2142/2142/2142
f 2142/2142/2142 2143/2143/2143 1586/1586/1586
f 1587/1587/1587 1586/1586/1586 2143/2143/2143
f 2143/2143/2143 2141/2141/2141 1587/1587/1587
f 2141/2141/2141 2143/2143/2143 2144/2144/2144
f 2144/2144/2144 2138/2138/2138 2141/2141/2141
f 2143/2143/2143 2142/2142/2142 2145/2145/2145
f 2145/2145/2145 2144/2144/2144 2143/2143/2143
f 1569/1569/1569 1571/1571/1571 2146/2146/2146
f 2146/2146/2146 2147/2147/2147 1569/1569/1569
f 1570/1570/1570 1569/1569/1569 2147/2147/2147
f 2147/2147/2147 2142/2142/2142 1570/1570/1570
f 2142/2142/2142 2147/2147/2147 2148/2148/2148
f 2148/2148/2148 2145/2145/2145 2142/2142/2142
f 2147/2147/2147 2146/2146/2146 2149/2149/2149
f 2149/2149/2149 2148/2148/2148 2147/2147/2147
f 1545/1545/1545 1547/1547/1547 2150/2150/2150
f 2150/2150/2150 2151/2151/2151 1545/1545/1545
f 1546/1546/1546 1545/1545/1545 2151/2151/2151
f 2151/2151/2151 2152/2152/2152 1546/1546/1546
f 2152/2152/2152 2151/2151/2151 2153/2153/2153
f 2153/2153/2153 2154/2154/2154 2152/2152/2152
f 2151/2151/2151 2150/2150/2150 2155/2155/2155
f 2155/2155/2155 2153/2153/2153 2151/2151/2151
f 2159/2159/2159 2156/2156/2156 2157/2157/2157
f 2157/2157/2157 2158/2158/2158 2159/2159/2159
f 1522/1522/1522 2159/2159/2159 2158/2158/2158
f 2158/2158/2158 1906/1906/1906 1522/1522/1522
f 1906/1906/1906 2158/2158/2158 2150/2150/2150
f 2150/2150/2150 1547/1547/1547 1906/1906/1906
f 2158/2158/2158 2157/2157/2157 2155/2155/2155
f 2155/2155/2155 2150/2150/2150 2158/2158/2158
f 1521/1521/1521 1523/1523/1523 2160/2160/2160
f 2160/2160/2160 2161/2161/2161 1521/1521/1521
f 1522/1522/1522 1521/1521/1521 2161/2161/2161
f 2161/2161/2161 2159/2159/2159 1522/1522/1522
f 2159/2159/2159 2161/2161/2161 2162/2162/2162
f 2162/2162/2162 2156/2156/2156 2159/2159/2159
f 2161/2161/2161 2160/2160/2160 2163/2163/2163
f 2163/2163/2163 2162/2162/2162 2161/2161/2161
f 2167/2167/2167 2164/2164/2164 2165/2165/2165
f 2165/2165/2165 2166/2166/2166 2167/2167/2167
f 1498/1498/1498 2167/2167/2167 2166/2166/2166
f 2166/2166/2166 1898/1898/1898 1498/1498/1498
f 1898/1898/1898 2166/2166/2166 2160/2160/2160
f 2160/2160/2160 1523/1523/1523 1898/1898/1898
f 2166/2166/2166 2165/2165/2165 2163/2163/2163
f 2163/2163/2163 2160/2160/2160 2166/2166/2166
f 1497/1497/1497 1499/1499/1499 2168/2168/2168
f 2168/2168/2168 2169/2169/2169 1497/1497/1497
f 1498/1498/1498 1497/1497/1497 2169/2169/2169
f 2169/2169/2169 2167/2167/2167 1498/1498/1498
f 2167/2167/2167 2169/2169/2169 2170/2170/2170
f 2170/2170/2170 2164/2164/2164 2167/2167/2167
f 2169/2169/2169 2168/2168/2168 2171/2171/2171
f 2171/2171/2171 2170/2170/2170 2169/2169/2169
f 2175/2175/2175 2172/2172/2172 2173/2173/2173
f 2173/2173/2173 2174/2174/2174 2175/2175/2175
f 1474/1474/1474 2175/2175/2175 2174/2174/2174
f 2174/2174/2174 1922/1922/1922 1474/1474/1474
f 1922/1922/1922 2174/2174/2174 2168/2168/2168
f 2168/2168/2168 1499/1499/1499 1922/1922/1922
f 2174/2174/2174 2173/2173/2173 2171/2171/2171
f 2171/2171/2171 2168/2168/2168 2174/2174/2174
f 1473/1473/1473 1475/1475/1475 2176/2176/2176
f 2176/2176/2176 2177/2177/2177 1473/1473/1473
f 1474/1474/1474 1473/1473/1473 2177/2177/2177
f 2177/2177/2177 2175/2175/2175 1474/1474/1474
f 2175/2175/2175 2177/2177/2177 2178/2178/2178
f 2178/2178/2178 2172/2172/2172 2175/2175/2175
f 2177/2177/2177 2176/2176/2176 2179/2179/2179
f 2179/2179/2179 2178/2178/2178 2177/2177/2177
f 2183/2183/2183 2180/2180/2180 2181/2181/2181
f 2181/2181/2181 2182/2182/2182 2183/2183/2183
f 1451/1451/1451 2183/2183/2183 2182/2182/2182
f 2182/2182/2182 1914/1914/1914 1451/1451/1451
f 1914/1914/1914 2182/2182/2182 2176/2176/2176
f 2176/2176/2176 1475/1475/1475 1914/1914/1914
f 2182/2182/2182 2181/2181/2181 2179/2179/2179
f 2179/2179/2179 2176/2176/2176 2182/2182/2182
f 1450/1450/1450 1435/1435/1435 2184/2184/2184
f 2184/2184/2184 2185/2185/2185 1450/1450/1450
f 1451/1451/1451 1450/1450/1450 2185/2185/2185
f 2185/2185/2185 2183/2183/2183 1451/1451/1451
f 2183/2183/2183 2185/2185/2185 2186/2186/2186
f 2186/2186/2186 2180/2180/2180 2183/2183/2183
f 2185/2185/2185 2184/2184/2184 2187/2187/2187
f 2187/2187/2187 2186/2186/2186 2185/2185/2185
f 1434/1434/1434 1419/1419/1419 2188/2188/2188
f 2188/2188/2188 2189/2189/2189 1434/1434/1434
f 1435/1435/1435 1434/1434/1434 2189/2189/2189
f 2189/2189/2189 2184/2184/2184 1435/1435/1435
f 2184/2184/2184 2189/2189/2189 2190/2190/2190
f 2190/2190/2190 2187/2187/2187 2184/2184/2184
f 2189/2189/2189 2188/2188/2188 2191/2191/2191
f 2191/2191/2191 2190/2190/2190 2189/2189/2189
f 1418/1418/1418 1403/1403/1403 2192/2192/2192
f 2192/2192/2192 2193/2193/2193 1418/1418/1418
f 1419/1419/1419 1418/1418/1418 2193/2193/2193
f 2193/2193/2193 2188/2188/2188 1419/1419/1419
f 2188/2188/2188 2193/2193/2193 2194/2194/2194
f 2194/2194/2194 2191/2191/2191 2188/2188/2188
f 2193/2193/2193 2192/2192/2192 2195/2195/2195
f 2195/2195/2195 2194/2194/2194 2193/2193/2193
f 1402/1402/1402 1387/1387/1387 2196/2196/2196
f 2196/2196/2196 2197/2197/2197 1402/1402/1402
f 1403/1403/1403 1402/1402/1402 2197/2197/2197
f 2197/2197/2197 2192/2192/2192 1403/1403/1403
f 2192/2192/2192 2197/2197/2197 2198/2198/2198
f 2198/2198/2198 2195/2195/2195 2192/2192/2192
f 2197/2197/2197 2196/2196/2196 2199/2199/2199
f 2199/2199/2199 2198/2198/2198 2197/2197/2197
f 1386/1386/1386 1370/1370/1370 2200/2200/2200
f 2200/2200/2200 2201/2201/2201 1386/1386/1386
f 1387/1387/1387 1386/1386/1386 2201/2201/2201
f 2201/2201/2201 2196/2196/2196 1387/1387/1387
f 2196/2196/2196 2201/2201/2201 2202/2202/2202
f 2202/2202/2202 2199/2199/2199 2196/2196/2196
f 2201/2201/2201 2200/2200/2200 2203/2203/2203
f 2203/2203/2203 2202/2202/2202 2201/2201/2201
f 1369/1369/1369 1371/1371/1371 2204/2204/2204
f 2204/2204/2204 2205/2205/2205 1369/1369/1369
f 1370/1370/1370 1369/1369/1369 2205/2205/2205
f 2205/2205/2205 2200/2200/2200 1370/1370/1370
f 2200/2200/2200 2205/2205/2205 2206/2206/2206
f 2206/2206/2206 2203/2203/2203 2200/2200/2200
f 2205/2205/2205 2204/2204/2204 2207/2207/2207
f 2207/2207/2207 2206/2206/2206 2205/2205/2205
f 1345/1345/1345 1347/1347/1347 2208/2208/2208
f 2208/2208/2208 2209/2209/2209 1345/1345/1345
f 1346/1346/1346 1345/1345/1345 2209/2209/2209
f 2209/2209/2209 2210/2210/2210 1346/1346/1346
f 2210/2210/2210 2209/2209/2209 2211/2211/2211
f 2211/2211/2211 2212/2212/2212 2210/2210/2210
f 2209/2209/2209 2208/2208/2208 2213/2213/2213
f 2213/2213/2213 2211/2211/2211 2209/2209/2209
f 1322/1322/1322 1307/1307/1307 2214/2214/2214
f 2214/2214/2214 2215/2215/2215 1322/1322/1322
f 1323/1323/1323 1322/1322/1322 2215/2215/2215
f 2215/2215/2215 2216/2216/2216 1323/1323/1323
f 2216/2216/2216 2215/2215/2215 2217/2217/2217
f 2217/2217/2217 2218/2218/2218 2216/2216/2216
f 2215/2215/2215 2214/2214/2214 2219/2219/2219
f 2219/2219/2219 2217/2217/2217 2215/2215/2215
f 1306/1306/1306 1291/1291/1291 2220/2220/2220
f 2220/2220/2220 2221/2221/2221 1306/1306/1306
f 1307/1307/1307 1306/1306/1306 2221/2221/2221
f 2221/2221/2221 2214/2214/2214 1307/1307/1307
f 2214/2214/2214 2221/2221/2221 2222/2222/2222
f 2222/2222/2222 2219/2219/2219 2214/2214/2214
f 2221/2221/2221 2220/2220/2220 2223/2223/2223
f 2223/2223/2223 2222/2222/2222 2221/2221/2221
f 1290/1290/1290 1275/1275/1275 2224/2224/2224
f 2224/2224/2224 2225/2225/2225 1290/1290/1290
f 1291/1291/1291 1290/1290/1290 2225/2225/2225
f 2225/2225/2225 2220/2220/2220 1291/1291/1291
f 2220/2220/2220 2225/2225/2225 2226/2226/2226
f 2226/2226/2226 2223/2223/2223 2220/2220/2220
f 2225/2225/2225 2224/2224/2224 2227/2227/2227
f 2227/2227/2227 2226/2226/2226 2225/2225/2225
f 1274/1274/1274 1259/1259/1259 2228/2228/2228
f 2228/2228/2228 2229/2229/2229 1274/1274/1274
f 1275/1275/1275 1274/1274/1274 2229/2229/2229
f 2229/2229/2229 2224/2224/2224 1275/1275/1275
f 2224/2224/2224 2229/2229/2229 2230/2230/2230
f 2230/2230/2230 2227/2227/2227 2224/2224/2224
f 2229/2229/2229 2228/2228/2228 2231/2231/2231
f 2231/2231/2231 2230/2230/2230 2229/2229/2229
f 1258/1258/1258 1243/1243/1243 2232/2232/2232
f 2232/2232/2232 2233/2233/2233 1258/1258/1258
f 1259/1259/1259 1258/1258/1258 2233/2233/2233
f 2233/2233/2233 2228/2228/2228 1259/1259/1259
f 2228/2228/2228 2233/2233/2233 2234/2234/2234
f 2234/2234/2234 2231/2231/2231 2228/2228/2228
f 2233/2233/2233 2232/2232/2232 2235/2235/2235
f 2235/2235/2235 2234/2234/2234 2233/2233/2233
f 1242/1242/1242 1227/1227/1227 2236/2236/2236
f 2236/2236/2236 2237/2237/2237 1242/1242/1242
f 1243/1243/1243 1242/1242/1242 2237/2237/2237
f 2237/2237/2237 2232/2232/2232 1243/1243/1243
f 2232/2232/2232 2237/2237/2237 2238/2238/2238
f 2238/2238/2238 2235/2235/2235 2232/2232/2232
f 2237/2237/2237 2236/2236/2236 2239/2239/2239
f 2239/2239/2239 2238/2238/2238 2237/2237/2237
f 1226/1226/1226 1211/1211/1211 2240/2240/2240
f 2240/2240/2240 2241/2241/2241 1226/1226/1226
f 1227/1227/1227 1226/1226/1226 2241/2241/2241
f 2241/2241/2241 2236/2236/2236 1227/1227/1227
f 2236/2236/2236 2241/2241/2241 2242/2242/2242
f 2242/2242/2242 2239/2239/2239 2236/2236/2236
f 2241/2241/2241 2240/2240/2240 2243/2243/2243
f 2243/2243/2243 2242/2242/2242 2241/2241/2241
f 1210/1210/1210 1195/1195/1195 2244/2244/2244
f 2244/2244/2244 2245/2245/2245 1210/1210/1210
f 1211/1211/1211 1210/1210/1210 2245/2245/2245
f 2245/2245/2245 2240/2240/2240 1211/1211/1211
f 2240/2240/2240 2245/2245/2245 2246/2246/2246
f 2246/2246/2246 2243/2243/2243 2240/2240/2240
f 2245/2245/2245 2244/2244/2244 2247/2247/2247
f 2247/2247/2247 2246/2246/2246 2245/2245/2245
f 1194/1194/1194 1178/1178/1178 2248/2248/2248
f 2248/2248/2248 2249/2249/2249 1194/1194/1194
f 1195/1195/1195 1194/1194/1194 2249/2249/2249
f 2249/2249/2249 2244/2244/2244 1195/1195/1195
f 2244/2244/2244 2249/2249/2249 2250/2250/2250
f 2250/2250/2250 2247/2247/2247 2244/2244/2244
f 2249/2249/2249 2248/2248/2248 2251/2251/2251
f 2251/2251/2251 2250/2250/2250 2249/2249/2249
f 1177/1177/1177 1179/1179/1179 2252/2252/2252
f 2252/2252/2252 2253/2253/2253 1177/1177/1177
f 1178/1178/1178 1177/1177/1177 2253/2253/2253
f 2253/2253/2253 2248/2248/2248 1178/1178/1178
f 2248/2248/2248 2253/2253/2253 2254/2254/2254
f 2254/2254/2254 2251/2251/2251 2248/2248/2248
f 2253/2253/2253 2252/2252/2252 2255/2255/2255
f 2255/2255/2255 2254/2254/2254 2253/2253/2253
f 2257/2257/2257 1311/1311/1311 1310/1310/1310
f 1310/1310/1310 2256/2256/2256 2257/2257/2257
f 1324/1324/1324 2257/2257/2257 2256/2256/2256
f 2256/2256/2256 1325/1325/1325 1324/1324/1324
f 1325/1325/1325 2256/2256/2256 2258/2258/2258
f 2258/2258/2258 1332/1332/1332 1325/1325/1325
f 2256/2256/2256 1310/1310/1310 1313/1313/1313
f 1313/1313/1313 2258/2258/2258 2256/2256/2256
f 2037/2037/2037 1317/1317/1317 2259/2259/2259
f 2259/2259/2259 2260/2260/2260 2037/2037/2037
f 1313/1313/1313 2037/2037/2037 2260/2260/2260
f 2260/2260/2260 2258/2258/2258 1313/1313/1313
f 2258/2258/2258 2260/2260/2260 2032/2032/2032
f 2032/2032/2032 1332/1332/1332 2258/2258/2258
f 2260/2260/2260 2259/2259/2259 1333/1333/1333
f 1333/1333/1333 2032/2032/2032 2260/2260/2260
f 1316/1316/1316 1319/1319/1319 2261/2261/2261
f 2261/2261/2261 2262/2262/2262 1316/1316/1316
f 1317/1317/1317 1316/1316/1316 2262/2262/2262
f 2262/2262/2262 2259/2259/2259 1317/1317/1317
f 2259/2259/2259 2262/2262/2262 1334/1334/1334
f 1334/1334/1334 1333/1333/1333 2259/2259/2259
f 2262/2262/2262 2261/2261/2261 1341/1341/1341
f 1341/1341/1341 1334/1334/1334 2262/2262/2262
f 1321/1321/1321 1323/1323/1323 2263/2263/2263
f 2263/2263/2263 2264/2264/2264 1321/1321/1321
f 1319/1319/1319 1321/1321/1321 2264/2264/2264
f 2264/2264/2264 2261/2261/2261 1319/1319/1319
f 2261/2261/2261 2264/2264/2264 1342/1342/1342
f 1342/1342/1342 1341/1341/1341 2261/2261/2261
f 2264/2264/2264 2263/2263/2263 1347/1347/1347
f 1347/1347/1347 1342/1342/1342 2264/2264/2264
f 2216/2216/2216 2218/2218/2218 2265/2265/2265
f 2265/2265/2265 2266/2266/2266 2216/2216/2216
f 1323/1323/1323 2216/2216/2216 2266/2266/2266
f 2266/2266/2266 2263/2263/2263 1323/1323/1323
f 2263/2263/2263 2266/2266/2266 2208/2208/2208
f 2208/2208/2208 1347/1347/1347 2263/2263/2263
f 2266/2266/2266 2265/2265/2265 2213/2213/2213
f 2213/2213/2213 2208/2208/2208 2266/2266/2266
f 2268/2268/2268 1329/1329/1329 1328/1328/1328
f 1328/1328/1328 2267/2267/2267 2268/2268/2268
f 1348/1348/1348 2268/2268/2268 2267/2267/2267
f 2267/2267/2267 1349/1349/1349 1348/1348/1348
f 1349/1349/1349 2267/2267/2267 2269/2269/2269
f 2269/2269/2269 1356/1356/1356 1349/1349/1349
f 2267/2267/2267 1328/1328/1328 1331/1331/1331
f 1331/1331/1331 2269/2269/2269 2267/2267/2267
f 2034/2034/2034 1338/1338/1338 2270/2270/2270
f 2270/2270/2270 2271/2271/2271 2034/2034/2034
f 1331/1331/1331 2034/2034/2034 2271/2271/2271
f 2271/2271/2271 2269/2269/2269 1331/1331/1331
f 2269/2269/2269 2271/2271/2271 2030/2030/2030
f 2030/2030/2030 1356/1356/1356 2269/2269/2269
f 2271/2271/2271 2270/2270/2270 1357/1357/1357
f 1357/1357/1357 2030/2030/2030 2271/2271/2271
f 1337/1337/1337 1340/1340/1340 2272/2272/2272
f 2272/2272/2272 2273/2273/2273 1337/1337/1337
f 1338/1338/1338 1337/1337/1337 2273/2273/2273
f 2273/2273/2273 2270/2270/2270 1338/1338/1338
f 2270/2270/2270 2273/2273/2273 1358/1358/1358
f 1358/1358/1358 1357/1357/1357 2270/2270/2270
f 2273/2273/2273 2272/2272/2272 1365/1365/1365
f 1365/1365/1365 1358/1358/1358 2273/2273/2273
f 1344/1344/1344 1346/1346/1346 2274/2274/2274
f 2274/2274/2274 2275/2275/2275 1344/1344/1344
f 1340/1340/1340 1344/1344/1344 2275/2275/2275
f 2275/2275/2275 2272/2272/2272 1340/1340/1340
f 2272/2272/2272 2275/2275/2275 1366/1366/1366
f 1366/1366/1366 1365/1365/1365 2272/2272/2272
f 2275/2275/2275 2274/2274/2274 1371/1371/1371
f 1371/1371/1371 1366/1366/1366 2275/2275/2275
f 2210/2210/2210 2212/2212/2212 2276/2276/2276
f 2276/2276/2276 2277/2277/2277 2210/2210/2210
f 1346/1346/1346 2210/2210/2210 2277/2277/2277
f 2277/2277/2277 2274/2274/2274 1346/1346/1346
f 2274/2274/2274 2277/2277/2277 2204/2204/2204
f 2204/2204/2204 1371/1371/1371 2274/2274/2274
f 2277/2277/2277 2276/2276/2276 2207/2207/2207
f 2207/2207/2207 2204/2204/2204 2277/2277/2277
f 2279/2279/2279 1703/1703/1703 1702/1702/1702
f 1702/1702/1702 2278/2278/2278 2279/2279/2279
f 1940/1940/1940 2279/2279/2279 2278/2278/2278
f 2278/2278/2278 1941/1941/1941 1940/1940/1940
f 1941/1941/1941 2278/2278/2278 2280/2280/2280
f 2280/2280/2280 1945/1945/1945 1941/1941/1941
f 2278/2278/2278 1702/1702/1702 1705/1705/1705
f 1705/1705/1705 2280/2280/2280 2278/2278/2278
f 1982/1982/1982 1709/1709/1709 2281/2281/2281
f 2281/2281/2281 2282/2282/2282 1982/1982/1982
f 1705/1705/1705 1982/1982/1982 2282/2282/2282
f 2282/2282/2282 2280/2280/2280 1705/1705/1705
f 2280/2280/2280 2282/2282/2282 1978/1978/1978
f 1978/1978/1978 1945/1945/1945 2280/2280/2280
f 2282/2282/2282 2281/2281/2281 1951/1951/1951
f 1951/1951/1951 1978/1978/1978 2282/2282/2282
f 1708/1708/1708 1711/1711/1711 2283/2283/2283
f 2283/2283/2283 2284/2284/2284 1708/1708/1708
f 1709/1709/1709 1708/1708/1708 2284/2284/2284
f 2284/2284/2284 2281/2281/2281 1709/1709/1709
f 2281/2281/2281 2284/2284/2284 1949/1949/1949
f 1949/1949/1949 1951/1951/1951 2281/2281/2281
f 2284/2284/2284 2283/2283/2283 1946/1946/1946
f 1946/1946/1946 1949/1949/1949 2284/2284/2284
f 1713/1713/1713 1715/1715/1715 2285/2285/2285
f 2285/2285/2285 2286/2286/2286 1713/1713/1713
f 1711/1711/1711 1713/1713/1713 2286/2286/2286
f 2286/2286/2286 2283/2283/2283 1711/1711/1711
f 2283/2283/2283 2286/2286/2286 1955/1955/1955
f 1955/1955/1955 1946/1946/1946 2283/2283/2283
f 2286/2286/2286 2285/2285/2285 1952/1952/1952
f 1952/1952/1952 1955/1955/1955 2286/2286/2286
f 2106/2106/2106 2108/2108/2108 2287/2287/2287
f 2287/2287/2287 2288/2288/2288 2106/2106/2106
f 1715/1715/1715 2106/2106/2106 2288/2288/2288
f 2288/2288/2288 2285/2285/2285 1715/1715/1715
f 2285/2285/2285 2288/2288/2288 2103/2103/2103
f 2103/2103/2103 1952/1952/1952 2285/2285/2285
f 2288/2288/2288 2287/2287/2287 2100/2100/2100
f 2100/2100/2100 2103/2103/2103 2288/2288/2288
f 2292/2292/2292 2289/2289/2289 2290/2290/2290
f 2290/2290/2290 2291/2291/2291 2292/2292/2292
f 1571/1571/1571 2292/2292/2292 2291/2291/2291
f 2291/2291/2291 2146/2146/2146 1571/1571/1571
f 2146/2146/2146 2291/2291/2291 2293/2293/2293
f 2293/2293/2293 2149/2149/2149 2146/2146/2146
f 2291/2291/2291 2290/2290/2290 2294/2294/2294
f 2294/2294/2294 2293/2293/2293 2291/2291/2291
f 2298/2298/2298 2295/2295/2295 2296/2296/2296
f 2296/2296/2296 2297/2297/2297 2298/2298/2298
f 1565/1565/1565 2298/2298/2298 2297/2297/2297
f 2297/2297/2297 1566/1566/1566 1565/1565/1565
f 1566/1566/1566 2297/2297/2297 2292/2292/2292
f 2292/2292/2292 1571/1571/1571 1566/1566/1566
f 2297/2297/2297 2296/2296/2296 2289/2289/2289
f 2289/2289/2289 2292/2292/2292 2297/2297/2297
f 2302/2302/2302 2299/2299/2299 2300/2300/2300
f 2300/2300/2300 2301/2301/2301 2302/2302/2302
f 1557/1557/1557 2302/2302/2302 2301/2301/2301
f 2301/2301/2301 1558/1558/1558 1557/1557/1557
f 1558/1558/1558 2301/2301/2301 2298/2298/2298
f 2298/2298/2298 1565/1565/1565 1558/1558/1558
f 2301/2301/2301 2300/2300/2300 2295/2295/2295
f 2295/2295/2295 2298/2298/2298 2301/2301/2301
f 2306/2306/2306 2303/2303/2303 2304/2304/2304
f 2304/2304/2304 2305/2305/2305 2306/2306/2306
f 1556/1556/1556 2306/2306/2306 2305/2305/2305
f 2305/2305/2305 2001/2001/2001 1556/1556/1556
f 2001/2001/2001 2305/2305/2305 2302/2302/2302
f 2302/2302/2302 1557/1557/1557 2001/2001/2001
f 2305/2305/2305 2304/2304/2304 2299/2299/2299
f 2299/2299/2299 2302/2302/2302 2305/2305/2305
f 2310/2310/2310 2307/2307/2307 2308/2308/2308
f 2308/2308/2308 2309/2309/2309 2310/2310/2310
f 1548/1548/1548 2310/2310/2310 2309/2309/2309
f 2309/2309/2309 1549/1549/1549 1548/1548/1548
f 1549/1549/1549 2309/2309/2309 2306/2306/2306
f 2306/2306/2306 1556/1556/1556 1549/1549/1549
f 2309/2309/2309 2308/2308/2308 2303/2303/2303
f 2303/2303/2303 2306/2306/2306 2309/2309/2309
f 2312/2312/2312 1529/1529/1529 1528/1528/1528
f 1528/1528/1528 2311/2311/2311 2312/2312/2312
f 2307/2307/2307 2312/2312/2312 2311/2311/2311
f 2311/2311/2311 2308/2308/2308 2307/2307/2307
f 2308/2308/2308 2311/2311/2311 2313/2313/2313
f 2313/2313/2313 2303/2303/2303 2308/2308/2308
f 2311/2311/2311 1528/1528/1528 1531/1531/1531
f 1531/1531/1531 2313/2313/2313 2311/2311/2311
f 2005/2005/2005 1538/1538/1538 2314/2314/2314
f 2314/2314/2314 2315/2315/2315 2005/2005/2005
f 1531/1531/1531 2005/2005/2005 2315/2315/2315
f 2315/2315/2315 2313/2313/2313 1531/1531/1531
f 2313/2313/2313 2315/2315/2315 2304/2304/2304
f 2304/2304/2304 2303/2303/2303 2313/2313/2313
f 2315/2315/2315 2314/2314/2314 2299/2299/2299
f 2299/2299/2299 2304/2304/2304 2315/2315/2315
f 1537/1537/1537 1540/1540/1540 2316/2316/2316
f 2316/2316/2316 2317/2317/2317 1537/1537/1537
f 1538/1538/1538 1537/1537/1537 2317/2317/2317
f 2317/2317/2317 2314/2314/2314 1538/1538/1538
f 2314/2314/2314 2317/2317/2317 2300/2300/2300
f 2300/2300/2300 2299/2299/2299 2314/2314/2314
f 2317/2317/2317 2316/2316/2316 2295/2295/2295
f 2295/2295/2295 2300/2300/2300 2317/2317/2317
f 1544/1544/1544 1546/1546/1546 2318/2318/2318
f 2318/2318/2318 2319/2319/2319 1544/1544/1544
f 1540/1540/1540 1544/1544/1544 2319/2319/2319
f 2319/2319/2319 2316/2316/2316 1540/1540/1540
f 2316/2316/2316 2319/2319/2319 2296/2296/2296
f 2296/2296/2296 2295/2295/2295 2316/2316/2316
f 2319/2319/2319 2318/2318/2318 2289/2289/2289
f 2289/2289/2289 2296/2296/2296 2319/2319/2319
f 2152/2152/2152 2154/2154/2154 2320/2320/2320
f 2320/2320/2320 2321/2321/2321 2152/2152/2152
f 1546/1546/1546 2152/2152/2152 2321/2321/2321
f 2321/2321/2321 2318/2318/2318 1546/1546/1546
f 2318/2318/2318 2321/2321/2321 2290/2290/2290
f 2290/2290/2290 2289/2289/2289 2318/2318/2318
f 2321/2321/2321 2320/2320/2320 2294/2294/2294
f 2294/2294/2294 2290/2290/2290 2321/2321/2321
f 2325/2325/2325 2322/2322/2322 2323/2323/2323
f 2323/2323/2323 2324/2324/2324 2325/2325/2325
f 2329/2329/2329 2326/2326/2326 2327/2327/2327
f 2327/2327/2327 2328/2328/2328 2329/2329/2329
f 2324/2324/2324 2323/2323/2323 2330/2330/2330
f 2330/2330/2330 2331/2331/2331 2324/2324/2324
f 2333/2333/2333 2332/2332/2332 2326/2326/2326
f 2326/2326/2326 2329/2329/2329 2333/2333/2333
f 2337/2337/2337 2334/2334/2334 2335/2335/2335
f 2335/2335/2335 2336/2336/2336 2337/2337/2337
f 2339/2339/2339 2338/2338/2338 2334/2334/2334
f 2334/2334/2334 2337/2337/2337 2339/2339/2339
f 2341/2341/2341 2340/2340/2340 2338/2338/2338
f 2338/2338/2338 2339/2339/2339 2341/2341/2341
f 2343/2343/2343 2342/2342/2342 2340/2340/2340
f 2340/2340/2340 2341/2341/2341 2343/2343/2343
f 2331/2331/2331 2330/2330/2330 2344/2344/2344
f 2344/2344/2344 2345/2345/2345 2331/2331/2331
f 2345/2345/2345 2344/2344/2344 2346/2346/2346
f 2346/2346/2346 2347/2347/2347 2345/2345/2345
f 2347/2347/2347 2346/2346/2346 2348/2348/2348
f 2348/2348/2348 2349/2349/2349 2347/2347/2347
f 2349/2349/2349 2348/2348/2348 2350/2350/2350
f 2350/2350/2350 2351/2351/2351 2349/2349/2349
f 2351/2351/2351 2350/2350/2350 2352/2352/2352
f 2352/2352/2352 2353/2353/2353 2351/2351/2351
f 2353/2353/2353 2352/2352/2352 2354/2354/2354
f 2354/2354/2354 2355/2355/2355 2353/2353/2353
f 2355/2355/2355 2354/2354/2354 2356/2356/2356
f 2356/2356/2356 2357/2357/2357 2355/2355/2355
f 2357/2357/2357 2356/2356/2356 2358/2358/2358
f 2358/2358/2358 2359/2359/2359 2357/2357/2357
f 2359/2359/2359 2358/2358/2358 2360/2360/2360
f 2360/2360/2360 2361/2361/2361 2359/2359/2359
f 2361/2361/2361 2360/2360/2360 2362/2362/2362
f 2362/2362/2362 2363/2363/2363 2361/2361/2361
f 2363/2363/2363 2362/2362/2362 2364/2364/2364
f 2364/2364/2364 2365/2365/2365 2363/2363/2363
f 2365/2365/2365 2364/2364/2364 2366/2366/2366
f 2366/2366/2366 2367/2367/2367 2365/2365/2365
f 2367/2367/2367 2366/2366/2366 2368/2368/2368
f 2368/2368/2368 2369/2369/2369 2367/2367/2367
f 2369/2369/2369 2368/2368/2368 2370/2370/2370
f 2370/2370/2370 2371/2371/2371 2369/2369/2369
f 2371/2371/2371 2370/2370/2370 2372/2372/2372
f 2372/2372/2372 2373/2373/2373 2371/2371/2371
f 2373/2373/2373 2372/2372/2372 2374/2374/2374
f 2374/2374/2374 2375/2375/2375 2373/2373/2373
f 2375/2375/2375 2374/2374/2374 2376/2376/2376
f 2376/2376/2376 2377/2377/2377 2375/2375/2375
f 2377/2377/2377 2376/2376/2376 2378/2378/2378
f 2378/2378/2378 2379/2379/2379 2377/2377/2377
f 2383/2383/2383 2380/2380/2380 2381/2381/2381
f 2381/2381/2381 2382/2382/2382 2383/2383/2383
f 2382/2382/2382 2381/2381/2381 2384/2384/2384
f 2384/2384/2384 2385/2385/2385 2382/2382/2382
f 2389/2389/2389 2386/2386/2386 2387/2387/2387
f 2387/2387/2387 2388/2388/2388 2389/2389/2389
f 2388/2388/2388 2387/2387/2387 2390/2390/2390
f 2390/2390/2390 2391/2391/2391 2388/2388/2388
f 2391/2391/2391 2390/2390/2390 2392/2392/2392
f 2392/2392/2392 2393/2393/2393 2391/2391/2391
f 2393/2393/2393 2392/2392/2392 2394/2394/2394
f 2394/2394/2394 2395/2395/2395 2393/2393/2393
f 2395/2395/2395 2394/2394/2394 2396/2396/2396
f 2396/2396/2396 2397/2397/2397 2395/2395/2395
f 2397/2397/2397 2396/2396/2396 2398/2398/2398
f 2398/2398/2398 2399/2399/2399 2397/2397/2397
f 2399/2399/2399 2398/2398/2398 2400/2400/2400
f 2400/2400/2400 2401/2401/2401 2399/2399/2399
f 2401/2401/2401 2400/2400/2400 2402/2402/2402
f 2402/2402/2402 2403/2403/2403 2401/2401/2401
f 2403/2403/2403 2402/2402/2402 2404/2404/2404
f 2404/2404/2404 2405/2405/2405 2403/2403/2403
f 2405/2405/2405 2404/2404/2404 2406/2406/2406
f 2406/2406/2406 2407/2407/2407 2405/2405/2405
f 2407/2407/2407 2406/2406/2406 2408/2408/2408
f 2408/2408/2408 2409/2409/2409 2407/2407/2407
f 2409/2409/2409 2408/2408/2408 2410/2410/2410
f 2410/2410/2410 2411/2411/2411 2409/2409/2409
f 2415/2415/2415 2412/2412/2412 2413/2413/2413
f 2413/2413/2413 2414/2414/2414 2415/2415/2415
f 2419/2419/2419 2416/2416/2416 2417/2417/2417
f 2417/2417/2417 2418/2418/2418 2419/2419/2419
f 2423/2423/2423 2420/2420/2420 2421/2421/2421
f 2421/2421/2421 2422/2422/2422 2423/2423/2423
f 2422/2422/2422 2421/2421/2421 2424/2424/2424
f 2424/2424/2424 2425/2425/2425 2422/2422/2422
f 2429/2429/2429 2426/2426/2426 2427/2427/2427
f 2427/2427/2427 2428/2428/2428 2429/2429/2429
f 2433/2433/2433 2430/2430/2430 2431/2431/2431
f 2431/2431/2431 2432/2432/2432 2433/2433/2433
f 2437/2437/2437 2434/2434/2434 2435/2435/2435
f 2435/2435/2435 2436/2436/2436 2437/2437/2437
f 2436/2436/2436 2435/2435/2435 2438/2438/2438
f 2438/2438/2438 2439/2439/2439 2436/2436/2436
f 2443/2443/2443 2440/2440/2440 2441/2441/2441
f 2441/2441/2441 2442/2442/2442 2443/2443/2443
f 2442/2442/2442 2441/2441/2441 2444/2444/2444
f 2444/2444/2444 2445/2445/2445 2442/2442/2442
f 2445/2445/2445 2444/2444/2444 2446/2446/2446
f 2446/2446/2446 2447/2447/2447 2445/2445/2445
f 2447/2447/2447 2446/2446/2446 2448/2448/2448
f 2448/2448/2448 2449/2449/2449 2447/2447/2447
f 2453/2453/2453 2450/2450/2450 2451/2451/2451
f 2451/2451/2451 2452/2452/2452 2453/2453/2453
f 2457/2457/2457 2454/2454/2454 2455/2455/2455
f 2455/2455/2455 2456/2456/2456 2457/2457/2457
f 2461/2461/2461 2458/2458/2458 2459/2459/2459
f 2459/2459/2459 2460/2460/2460 2461/2461/2461
f 2460/2460/2460 2459/2459/2459 2462/2462/2462
f 2462/2462/2462 2463/2463/2463 2460/2460/2460
f 2463/2463/2463 2462/2462/2462 2464/2464/2464
f 2464/2464/2464 2465/2465/2465 2463/2463/2463
f 2465/2465/2465 2464/2464/2464 2466/2466/2466
f 2466/2466/2466 2467/2467/2467 2465/2465/2465
f 2467/2467/2467 2466/2466/2466 2468/2468/2468
f 2468/2468/2468 2469/2469/2469 2467/2467/2467
f 2469/2469/2469 2468/2468/2468 2470/2470/2470
f 2470/2470/2470 2471/2471/2471 2469/2469/2469
f 2471/2471/2471 2470/2470/2470 2472/2472/2472
f 2472/2472/2472 2473/2473/2473 2471/2471/2471
f 2473/2473/2473 2472/2472/2472 2474/2474/2474
f 2474/2474/2474 2475/2475/2475 2473/2473/2473
f 2475/2475/2475 2474/2474/2474 2476/2476/2476
f 2476/2476/2476 2477/2477/2477 2475/2475/2475
f 2477/2477/2477 2476/2476/2476 2478/2478/2478
f 2478/2478/2478 2479/2479/2479 2477/2477/2477
f 2479/2479/2479 2478/2478/2478 2480/2480/2480
f 2480/2480/2480 2481/2481/2481 2479/2479/2479
f 2481/2481/2481 2480/2480/2480 2482/2482/2482
f 2482/2482/2482 2483/2483/2483 2481/2481/2481
f 2487/2487/2487 2484/2484/2484 2485/2485/2485
f 2485/2485/2485 2486/2486/2486 2487/2487/2487
f 2486/2486/2486 2485/2485/2485 2488/2488/2488
f 2488/2488/2488 2489/2489/2489 2486/2486/2486
f 2489/2489/2489 2488/2488/2488 2490/2490/2490
f 2490/2490/2490 2491/2491/2491 2489/2489/2489
f 2491/2491/2491 2490/2490/2490 2492/2492/2492
f 2492/2492/2492 2493/2493/2493 2491/2491/2491
f 2493/2493/2493 2492/2492/2492 2494/2494/2494
f 2494/2494/2494 2495/2495/2495 2493/2493/2493
f 2495/2495/2495 2494/2494/2494 2496/2496/2496
f 2496/2496/2496 2497/2497/2497 2495/2495/2495
f 2497/2497/2497 2496/2496/2496 2498/2498/2498
f 2498/2498/2498 2499/2499/2499 2497/2497/2497
f 2499/2499/2499 2498/2498/2498 2500/2500/2500
f 2500/2500/2500 2501/2501/2501 2499/2499/2499
f 2501/2501/2501 2500/2500/2500 2502/2502/2502
f 2502/2502/2502 2503/2503/2503 2501/2501/2501
f 2503/2503/2503 2502/2502/2502 2504/2504/2504
f 2504/2504/2504 2505/2505/2505 2503/2503/2503
f 2505/2505/2505 2504/2504/2504 2506/2506/2506
f 2506/2506/2506 2507/2507/2507 2505/2505/2505
f 2507/2507/2507 2506/2506/2506 2508/2508/2508
f 2508/2508/2508 2509/2509/2509 2507/2507/2507
f 2509/2509/2509 2508/2508/2508 2510/2510/2510
f 2510/2510/2510 2511/2511/2511 2509/2509/2509
f 2511/2511/2511 2510/2510/2510 2512/2512/2512
f 2512/2512/2512 2513/2513/2513 2511/2511/2511
f 2513/2513/2513 2512/2512/2512 2514/2514/2514
f 2514/2514/2514 2515/2515/2515 2513/2513/2513
f 2515/2515/2515 2514/2514/2514 2516/2516/2516
f 2516/2516/2516 2517/2517/2517 2515/2515/2515
f 2517/2517/2517 2516/2516/2516 2518/2518/2518
f 2518/2518/2518 2519/2519/2519 2517/2517/2517
f 2519/2519/2519 2518/2518/2518 2520/2520/2520
f 2520/2520/2520 2521/2521/2521 2519/2519/2519
f 2521/2521/2521 2520/2520/2520 2522/2522/2522
f 2522/2522/2522 2523/2523/2523 2521/2521/2521
f 2523/2523/2523 2522/2522/2522 2524/2524/2524
f 2524/2524/2524 2525/2525/2525 2523/2523/2523
f 2529/2529/2529 2526/2526/2526 2527/2527/2527
f 2527/2527/2527 2528/2528/2528 2529/2529/2529
f 2528/2528/2528 2527/2527/2527 2530/2530/2530
f 2530/2530/2530 2531/2531/2531 2528/2528/2528
f 2535/2535/2535 2532/2532/2532 2533/2533/2533
f 2533/2533/2533 2534/2534/2534 2535/2535/2535
f 2534/2534/2534 2533/2533/2533 2536/2536/2536
f 2536/2536/2536 2537/2537/2537 2534/2534/2534
f 2537/2537/2537 2536/2536/2536 2538/2538/2538
f 2538/2538/2538 2539/2539/2539 2537/2537/2537
f 2539/2539/2539 2538/2538/2538 2540/2540/2540
f 2540/2540/2540 2541/2541/2541 2539/2539/2539
f 2425/2425/2425 2424/2424/2424 2542/2542/2542
f 2542/2542/2542 2543/2543/2543 2425/2425/2425
f 2547/2547/2547 2544/2544/2544 2545/2545/2545
f 2545/2545/2545 2546/2546/2546 2547/2547/2547
f 2432/2432/2432 2431/2431/2431 2548/2548/2548
f 2548/2548/2548 2549/2549/2549 2432/2432/2432
f 2549/2549/2549 2548/2548/2548 2434/2434/2434
f 2434/2434/2434 2437/2437/2437 2549/2549/2549
f 2411/2411/2411 2410/2410/2410 2550/2550/2550
f 2550/2550/2550 2551/2551/2551 2411/2411/2411
f 2555/2555/2555 2552/2552/2552 2553/2553/2553
f 2553/2553/2553 2554/2554/2554 2555/2555/2555
f 2418/2418/2418 2417/2417/2417 2556/2556/2556
f 2556/2556/2556 2557/2557/2557 2418/2418/2418
f 2557/2557/2557 2556/2556/2556 2420/2420/2420
f 2420/2420/2420 2423/2423/2423 2557/2557/2557
f 2456/2456/2456 2455/2455/2455 2558/2558/2558
f 2558/2558/2558 2559/2559/2559 2456/2456/2456
f 2559/2559/2559 2558/2558/2558 2458/2458/2458
f 2458/2458/2458 2461/2461/2461 2559/2559/2559
f 2449/2449/2449 2448/2448/2448 2560/2560/2560
f 2560/2560/2560 2561/2561/2561 2449/2449/2449
f 2565/2565/2565 2562/2562/2562 2563/2563/2563
f 2563/2563/2563 2564/2564/2564 2565/2565/2565
f 2569/2569/2569 2566/2566/2566 2567/2567/2567
f 2567/2567/2567 2568/2568/2568 2569/2569/2569
f 2568/2568/2568 2567/2567/2567 2570/2570/2570
f 2570/2570/2570 2571/2571/2571 2568/2568/2568
f 2531/2531/2531 2530/2530/2530 2572/2572/2572
f 2572/2572/2572 2573/2573/2573 2531/2531/2531
f 2573/2573/2573 2572/2572/2572 2532/2532/2532
f 2532/2532/2532 2535/2535/2535 2573/2573/2573
f 2575/2575/2575 2574/2574/2574 2332/2332/2332
f 2332/2332/2332 2333/2333/2333 2575/2575/2575
f 2336/2336/2336 2335/2335/2335 2574/2574/2574
f 2574/2574/2574 2575/2575/2575 2336/2336/2336
f 2541/2541/2541 2540/2540/2540 2576/2576/2576
f 2576/2576/2576 2577/2577/2577 2541/2541/2541
f 2577/2577/2577 2576/2576/2576 2578/2578/2578
f 2578/2578/2578 2579/2579/2579 2577/2577/2577
f 2583/2583/2583 2580/2580/2580 2581/2581/2581
f 2581/2581/2581 2582/2582/2582 2583/2583/2583
f 2582/2582/2582 2581/2581/2581 2584/2584/2584
f 2584/2584/2584 2585/2585/2585 2582/2582/2582
f 2585/2585/2585 2584/2584/2584 2586/2586/2586
f 2586/2586/2586 2587/2587/2587 2585/2585/2585
f 2587/2587/2587 2586/2586/2586 2588/2588/2588
f 2588/2588/2588 2589/2589/2589 2587/2587/2587
f 2589/2589/2589 2588/2588/2588 2590/2590/2590
f 2590/2590/2590 2591/2591/2591 2589/2589/2589
f 2591/2591/2591 2590/2590/2590 2592/2592/2592
f 2592/2592/2592 2593/2593/2593 2591/2591/2591
f 2593/2593/2593 2592/2592/2592 2594/2594/2594
f 2594/2594/2594 2595/2595/2595 2593/2593/2593
f 2595/2595/2595 2594/2594/2594 2596/2596/2596
f 2596/2596/2596 2597/2597/2597 2595/2595/2595
f 2597/2597/2597 2596/2596/2596 2598/2598/2598
f 2598/2598/2598 2599/2599/2599 2597/2597/2597
f 2599/2599/2599 2598/2598/2598 2600/2600/2600
f 2600/2600/2600 2601/2601/2601 2599/2599/2599
f 2601/2601/2601 2600/2600/2600 2602/2602/2602
f 2602/2602/2602 2603/2603/2603 2601/2601/2601
f 2603/2603/2603 2602/2602/2602 2604/2604/2604
f 2604/2604/2604 2605/2605/2605 2603/2603/2603
f 2605/2605/2605 2604/2604/2604 2606/2606/2606
f 2606/2606/2606 2607/2607/2607 2605/2605/2605
f 2607/2607/2607 2606/2606/2606 2608/2608/2608
f 2608/2608/2608 2609/2609/2609 2607/2607/2607
f 2609/2609/2609 2608/2608/2608 2610/2610/2610
f 2610/2610/2610 2611/2611/2611 2609/2609/2609
f 2611/2611/2611 2610/2610/2610 2612/2612/2612
f 2612/2612/2612 2613/2613/2613 2611/2611/2611
f 2613/2613/2613 2612/2612/2612 2614/2614/2614
f 2614/2614/2614 2615/2615/2615 2613/2613/2613
f 2615/2615/2615 2614/2614/2614 2616/2616/2616
f 2616/2616/2616 2617/2617/2617 2615/2615/2615
f 2617/2617/2617 2616/2616/2616 2618/2618/2618
f 2618/2618/2618 2619/2619/2619 2617/2617/2617
f 2619/2619/2619 2618/2618/2618 2620/2620/2620
f 2620/2620/2620 2621/2621/2621 2619/2619/2619
f 2625/2625/2625 2622/2622/2622 2623/2623/2623
f 2623/2623/2623 2624/2624/2624 2625/2625/2625
f 2627/2627/2627 2626/2626/2626 2622/2622/2622
f 2622/2622/2622 2625/2625/2625 2627/2627/2627
f 2631/2631/2631 2628/2628/2628 2629/2629/2629
f 2629/2629/2629 2630/2630/2630 2631/2631/2631
f 2630/2630/2630 2629/2629/2629 2632/2632/2632
f 2632/2632/2632 2633/2633/2633 2630/2630/2630
f 2633/2633/2633 2632/2632/2632 2634/2634/2634
f 2634/2634/2634 2635/2635/2635 2633/2633/2633
f 2635/2635/2635 2634/2634/2634 2636/2636/2636
f 2636/2636/2636 2637/2637/2637 2635/2635/2635
f 2637/2637/2637 2636/2636/2636 2638/2638/2638
f 2638/2638/2638 2639/2639/2639 2637/2637/2637
f 2639/2639/2639 2638/2638/2638 2640/2640/2640
f 2640/2640/2640 2641/2641/2641 2639/2639/2639
f 2641/2641/2641 2640/2640/2640 2642/2642/2642
f 2642/2642/2642 2643/2643/2643 2641/2641/2641
f 2643/2643/2643 2642/2642/2642 2644/2644/2644
f 2644/2644/2644 2645/2645/2645 2643/2643/2643
f 2645/2645/2645 2644/2644/2644 2646/2646/2646
f 2646/2646/2646 2647/2647/2647 2645/2645/2645
f 2647/2647/2647 2646/2646/2646 2648/2648/2648
f 2648/2648/2648 2649/2649/2649 2647/2647/2647
f 2649/2649/2649 2648/2648/2648 2650/2650/2650
f 2650/2650/2650 2651/2651/2651 2649/2649/2649
f 2651/2651/2651 2650/2650/2650 2652/2652/2652
f 2652/2652/2652 2653/2653/2653 2651/2651/2651
f 2657/2657/2657 2654/2654/2654 2655/2655/2655
f 2655/2655/2655 2656/2656/2656 2657/2657/2657
f 2653/2653/2653 2652/2652/2652 2654/2654/2654
f 2654/2654/2654 2657/2657/2657 2653/2653/2653
f 2656/2656/2656 2655/2655/2655 2658/2658/2658
f 2658/2658/2658 2659/2659/2659 2656/2656/2656
f 2663/2663/2663 2660/2660/2660 2661/2661/2661
f 2661/2661/2661 2662/2662/2662 2663/2663/2663
f 2667/2667/2667 2664/2664/2664 2665/2665/2665
f 2665/2665/2665 2666/2666/2666 2667/2667/2667
f 2671/2671/2671 2668/2668/2668 2669/2669/2669
f 2669/2669/2669 2670/2670/2670 2671/2671/2671
f 2666/2666/2666 2665/2665/2665 2672/2672/2672
f 2672/2672/2672 2673/2673/2673 2666/2666/2666
f 2673/2673/2673 2672/2672/2672 2674/2674/2674
f 2674/2674/2674 2675/2675/2675 2673/2673/2673
f 2675/2675/2675 2674/2674/2674 2676/2676/2676
f 2676/2676/2676 2677/2677/2677 2675/2675/2675
f 2677/2677/2677 2676/2676/2676 2678/2678/2678
f 2678/2678/2678 2679/2679/2679 2677/2677/2677
f 2683/2683/2683 2680/2680/2680 2681/2681/2681
f 2681/2681/2681 2682/2682/2682 2683/2683/2683
f 2682/2682/2682 2681/2681/2681 2684/2684/2684
f 2684/2684/2684 2685/2685/2685 2682/2682/2682
f 2689/2689/2689 2686/2686/2686 2687/2687/2687
f 2687/2687/2687 2688/2688/2688 2689/2689/2689
f 2685/2685/2685 2684/2684/2684 2686/2686/2686
f 2686/2686/2686 2689/2689/2689 2685/2685/2685
f 2688/2688/2688 2687/2687/2687 2690/2690/2690
f 2690/2690/2690 2691/2691/2691 2688/2688/2688
f 2695/2695/2695 2692/2692/2692 2693/2693/2693
f 2693/2693/2693 2694/2694/2694 2695/2695/2695
f 2699/2699/2699 2696/2696/2696 2697/2697/2697
f 2697/2697/2697 2698/2698/2698 2699/2699/2699
f 2703/2703/2703 2700/2700/2700 2701/2701/2701
f 2701/2701/2701 2702/2702/2702 2703/2703/2703
f 2698/2698/2698 2697/2697/2697 2704/2704/2704
f 2704/2704/2704 2705/2705/2705 2698/2698/2698
f 2705/2705/2705 2704/2704/2704 2706/2706/2706
f 2706/2706/2706 2707/2707/2707 2705/2705/2705
f 2711/2711/2711 2708/2708/2708 2709/2709/2709
f 2709/2709/2709 2710/2710/2710 2711/2711/2711
f 2707/2707/2707 2706/2706/2706 2708/2708/2708
f 2708/2708/2708 2711/2711/2711 2707/2707/2707
f 2710/2710/2710 2709/2709/2709 2712/2712/2712
f 2712/2712/2712 2713/2713/2713 2710/2710/2710
f 2717/2717/2717 2714/2714/2714 2715/2715/2715
f 2715/2715/2715 2716/2716/2716 2717/2717/2717
f 2721/2721/2721 2718/2718/2718 2719/2719/2719
f 2719/2719/2719 2720/2720/2720 2721/2721/2721
f 2725/2725/2725 2722/2722/2722 2723/2723/2723
f 2723/2723/2723 2724/2724/2724 2725/2725/2725
f 2720/2720/2720 2719/2719/2719 2726/2726/2726
f 2726/2726/2726 2727/2727/2727 2720/2720/2720
f 2727/2727/2727 2726/2726/2726 2728/2728/2728
f 2728/2728/2728 2729/2729/2729 2727/2727/2727
f 2729/2729/2729 2728/2728/2728 2730/2730/2730
f 2730/2730/2730 2731/2731/2731 2729/2729/2729
f 2731/2731/2731 2730/2730/2730 2732/2732/2732
f 2732/2732/2732 2733/2733/2733 2731/2731/2731
f 2733/2733/2733 2732/2732/2732 2734/2734/2734
f 2734/2734/2734 2735/2735/2735 2733/2733/2733
f 2735/2735/2735 2734/2734/2734 2736/2736/2736
f 2736/2736/2736 2737/2737/2737 2735/2735/2735
f 2737/2737/2737 2736/2736/2736 2738/2738/2738
f 2738/2738/2738 2739/2739/2739 2737/2737/2737
f 2739/2739/2739 2738/2738/2738 2740/2740/2740
f 2740/2740/2740 2741/2741/2741 2739/2739/2739
f 2741/2741/2741 2740/2740/2740 2742/2742/2742
f 2742/2742/2742 2743/2743/2743 2741/2741/2741
f 2743/2743/2743 2742/2742/2742 2744/2744/2744
f 2744/2744/2744 2745/2745/2745 2743/2743/2743
f 2745/2745/2745 2744/2744/2744 2746/2746/2746
f 2746/2746/2746 2747/2747/2747 2745/2745/2745
f 2747/2747/2747 2746/2746/2746 2748/2748/2748
f 2748/2748/2748 2749/2749/2749 2747/2747/2747
f 2753/2753/2753 2750/2750/2750 2751/2751/2751
f 2751/2751/2751 2752/2752/2752 2753/2753/2753
f 2752/2752/2752 2751/2751/2751 2754/2754/2754
f 2754/2754/2754 2755/2755/2755 2752/2752/2752
f 2759/2759/2759 2756/2756/2756 2757/2757/2757
f 2757/2757/2757 2758/2758/2758 2759/2759/2759
f 2758/2758/2758 2757/2757/2757 2760/2760/2760
f 2760/2760/2760 2761/2761/2761 2758/2758/2758
f 2761/2761/2761 2760/2760/2760 2762/2762/2762
f 2762/2762/2762 2763/2763/2763 2761/2761/2761
f 2763/2763/2763 2762/2762/2762 2764/2764/2764
f 2764/2764/2764 2765/2765/2765 2763/2763/2763
f 2765/2765/2765 2764/2764/2764 2766/2766/2766
f 2766/2766/2766 2767/2767/2767 2765/2765/2765
f 2767/2767/2767 2766/2766/2766 2768/2768/2768
f 2768/2768/2768 2769/2769/2769 2767/2767/2767
f 2769/2769/2769 2768/2768/2768 2770/2770/2770
f 2770/2770/2770 2771/2771/2771 2769/2769/2769
f 2771/2771/2771 2770/2770/2770 2772/2772/2772
f 2772/2772/2772 2773/2773/2773 2771/2771/2771
f 2773/2773/2773 2772/2772/2772 2774/2774/2774
f 2774/2774/2774 2775/2775/2775 2773/2773/2773
f 2775/2775/2775 2774/2774/2774 2776/2776/2776
f 2776/2776/2776 2777/2777/2777 2775/2775/2775
f 2777/2777/2777 2776/2776/2776 2778/2778/2778
f 2778/2778/2778 2779/2779/2779 2777/2777/2777
f 2779/2779/2779 2778/2778/2778 2780/2780/2780
f 2780/2780/2780 2781/2781/2781 2779/2779/2779
f 2781/2781/2781 2780/2780/2780 2782/2782/2782
f 2782/2782/2782 2783/2783/2783 2781/2781/2781
f 2783/2783/2783 2782/2782/2782 2784/2784/2784
f 2784/2784/2784 2785/2785/2785 2783/2783/2783
f 2785/2785/2785 2784/2784/2784 2786/2786/2786
f 2786/2786/2786 2787/2787/2787 2785/2785/2785
f 2787/2787/2787 2786/2786/2786 2788/2788/2788
f 2788/2788/2788 2789/2789/2789 2787/2787/2787
f 2789/2789/2789 2788/2788/2788 2790/2790/2790
f 2790/2790/2790 2791/2791/2791 2789/2789/2789
f 2791/2791/2791 2790/2790/2790 2792/2792/2792
f 2792/2792/2792 2793/2793/2793 2791/2791/2791
f 2795/2795/2795 2794/2794/2794 2342/2342/2342
f 2342/2342/2342 2343/2343/2343 2795/2795/2795
f 2793/2793/2793 2792/2792/2792 2796/2796/2796
f 2796/2796/2796 2797/2797/2797 2793/2793/2793
f 2797/2797/2797 2796/2796/2796 2798/2798/2798
f 2798/2798/2798 2799/2799/2799 2797/2797/2797
f 2801/2801/2801 2800/2800/2800 2794/2794/2794
f 2794/2794/2794 2795/2795/2795 2801/2801/2801
f 2805/2805/2805 2802/2802/2802 2803/2803/2803
f 2803/2803/2803 2804/2804/2804 2805/2805/2805
f 2804/2804/2804 2803/2803/2803 2806/2806/2806
f 2806/2806/2806 2807/2807/2807 2804/2804/2804
f 2811/2811/2811 2808/2808/2808 2809/2809/2809
f 2809/2809/2809 2810/2810/2810 2811/2811/2811
f 2813/2813/2813 2812/2812/2812 2808/2808/2808
f 2808/2808/2808 2811/2811/2811 2813/2813/2813
f 2817/2817/2817 2814/2814/2814 2815/2815/2815
f 2815/2815/2815 2816/2816/2816 2817/2817/2817
f 2816/2816/2816 2815/2815/2815 2386/2386/2386
f 2386/2386/2386 2389/2389/2389 2816/2816/2816
f 2821/2821/2821 2818/2818/2818 2819/2819/2819
f 2819/2819/2819 2820/2820/2820 2821/2821/2821
f 2749/2749/2749 2748/2748/2748 2818/2818/2818
f 2818/2818/2818 2821/2821/2821 2749/2749/2749
f 2825/2825/2825 2822/2822/2822 2823/2823/2823
f 2823/2823/2823 2824/2824/2824 2825/2825/2825
f 2829/2829/2829 2826/2826/2826 2827/2827/2827
f 2827/2827/2827 2828/2828/2828 2829/2829/2829
f 2833/2833/2833 2830/2830/2830 2831/2831/2831
f 2831/2831/2831 2832/2832/2832 2833/2833/2833
f 2835/2835/2835 2834/2834/2834 2830/2830/2830
f 2830/2830/2830 2833/2833/2833 2835/2835/2835
f 2679/2679/2679 2678/2678/2678 2836/2836/2836
f 2836/2836/2836 2837/2837/2837 2679/2679/2679
f 2841/2841/2841 2838/2838/2838 2839/2839/2839
f 2839/2839/2839 2840/2840/2840 2841/2841/2841
f 2845/2845/2845 2842/2842/2842 2843/2843/2843
f 2843/2843/2843 2844/2844/2844 2845/2845/2845
f 2847/2847/2847 2846/2846/2846 2440/2440/2440
f 2440/2440/2440 2443/2443/2443 2847/2847/2847
f 2439/2439/2439 2438/2438/2438 2848/2848/2848
f 2848/2848/2848 2849/2849/2849 2439/2439/2439
f 2849/2849/2849 2848/2848/2848 2850/2850/2850
f 2850/2850/2850 2851/2851/2851 2849/2849/2849
f 2853/2853/2853 2852/2852/2852 2680/2680/2680
f 2680/2680/2680 2683/2683/2683 2853/2853/2853
f 2857/2857/2857 2854/2854/2854 2855/2855/2855
f 2855/2855/2855 2856/2856/2856 2857/2857/2857
